69.917000 0.000000 0.000000 0.000000 -0.001343 0.002702 0.000000 0.999995
70.017000 -0.000559 0.000243 -0.000763 -0.001389 0.002682 -0.000139 0.999995
70.118000 0.000181 -0.000242 -0.000039 -0.001249 0.002633 -0.000113 0.999996
70.218000 -0.000988 0.000505 0.000485 -0.001361 0.002694 -0.000191 0.999995
70.319000 -0.000389 -0.000553 0.000246 -0.001349 0.002688 -0.000058 0.999995
70.418000 -0.000460 -0.000659 -0.000136 -0.001377 0.002659 -0.000026 0.999996
70.516000 -0.000148 -0.000579 0.000262 -0.001398 0.002667 -0.000132 0.999995
70.618000 -0.000620 0.001048 0.000524 -0.001351 0.002628 0.000009 0.999996
70.724000 -0.000467 0.000072 0.000088 -0.001365 0.002700 -0.000069 0.999995
70.818000 0.000461 -0.000974 0.000323 -0.001345 0.002691 0.000019 0.999995
70.918000 -0.000447 -0.001543 -0.000577 -0.001403 0.002651 -0.000047 0.999996
71.017000 -0.000446 -0.000680 0.000066 -0.001383 0.002667 0.000033 0.999995
71.116000 -0.001043 -0.000991 0.000041 -0.001379 0.002688 0.000058 0.999995
71.216000 -0.000106 -0.000899 0.000199 -0.001372 0.002678 0.000063 0.999995
71.317000 -0.000973 0.000783 -0.000412 -0.001301 0.002707 0.000159 0.999995
71.417000 0.000959 -0.000369 0.000429 -0.001405 0.002575 0.000116 0.999996
71.517000 0.007328 -0.004381 0.000847 -0.001321 0.002746 -0.000021 0.999995
71.617000 0.016829 -0.002202 -0.000049 -0.001371 0.002650 0.000157 0.999996
71.716000 0.029720 -0.001553 -0.001419 -0.001302 0.002374 -0.000189 0.999996
71.817000 0.040222 0.000269 -0.000710 -0.001313 0.002350 0.000061 0.999996
71.917000 0.053512 0.001136 -0.000700 -0.001336 0.002199 -0.000271 0.999997
72.018000 0.065311 -0.002657 -0.000343 -0.001356 0.002079 -0.000032 0.999997
72.118000 0.080369 0.003370 -0.000647 -0.001311 0.001847 0.000353 0.999997
72.219000 0.124594 0.003739 -0.000308 -0.001296 0.001569 0.001572 0.999997
72.317000 0.154175 0.004215 -0.000616 -0.001325 0.001359 0.000643 0.999998
72.419000 0.177461 0.003772 -0.000484 -0.001339 0.001118 0.000215 0.999998
72.525000 0.189369 0.002345 -0.000405 -0.001334 0.001004 0.000325 0.999999
72.617000 0.201221 0.002892 -0.000389 -0.001344 0.000819 0.000235 0.999999
72.717000 0.217816 0.004204 -0.000365 -0.001354 0.000675 0.000167 0.999999
72.817000 0.232532 0.004823 -0.001202 -0.001274 0.000518 0.000037 0.999999
72.917000 0.246148 0.004047 -0.000493 -0.001281 0.000400 0.000073 0.999999
73.019000 0.254634 0.001338 0.000746 -0.001329 0.000172 0.000618 0.999999
73.117000 0.267304 0.003703 -0.001054 -0.001309 0.000254 0.001107 0.999998
73.218000 0.281882 0.009045 -0.001283 -0.001347 0.000079 0.001835 0.999997
73.317000 0.315211 0.002987 0.001197 -0.000631 0.000190 0.001592 0.999999
73.417000 0.342466 0.004709 -0.001753 -0.001280 -0.000257 0.001193 0.999998
73.517000 0.363563 0.006655 -0.002754 -0.001365 -0.000693 0.000440 0.999999
73.617000 0.377220 0.004487 -0.001802 -0.001341 -0.000939 0.000924 0.999998
73.719000 0.398299 0.004970 -0.001537 -0.001459 -0.000929 0.000756 0.999998
73.818000 0.413946 0.007434 -0.002758 -0.001319 -0.000927 0.000749 0.999998
73.917000 0.427080 0.009388 -0.001214 -0.001393 -0.001242 0.000494 0.999998
74.017000 0.436545 0.006216 -0.002110 -0.001389 -0.001040 0.000686 0.999998
74.117000 0.450623 0.007974 -0.001122 -0.001338 -0.001187 0.001261 0.999998
74.214000 0.466793 0.005924 -0.001862 -0.001369 -0.001303 0.001003 0.999998
74.332000 0.492985 0.008262 -0.002598 -0.001509 -0.001525 0.001371 0.999997
74.422000 0.512879 0.012464 -0.004568 -0.001429 -0.001258 0.001761 0.999997
74.521000 0.532861 0.013391 -0.004781 -0.001507 -0.001553 0.001968 0.999996
74.622000 0.553835 0.012444 -0.003883 -0.001561 -0.001867 0.002039 0.999995
74.721000 0.568441 0.013427 -0.003350 -0.001696 -0.001955 0.002756 0.999993
74.820000 0.580493 0.012219 -0.003191 -0.001505 -0.002194 0.002331 0.999994
74.922000 0.595984 0.016222 -0.002568 -0.001482 -0.002319 0.002718 0.999993
75.023000 0.614879 0.011158 -0.005629 -0.001641 -0.002106 0.001462 0.999995
75.123000 0.633304 0.012027 -0.004501 -0.001692 -0.002409 0.001976 0.999994
75.223000 0.651738 0.010974 -0.005241 -0.001732 -0.002678 0.001777 0.999993
75.322000 0.671078 0.010358 -0.004322 -0.001757 -0.003149 0.001728 0.999992
75.421000 0.695872 0.007128 -0.005824 -0.001777 -0.003127 0.001031 0.999993
75.521000 0.710191 0.011314 -0.005077 -0.001709 -0.003175 0.001835 0.999992
75.621000 0.726654 0.013890 -0.004044 -0.001778 -0.003437 0.002401 0.999990
75.721000 0.742512 0.012038 -0.003290 -0.001571 -0.003592 0.002273 0.999990
75.821000 0.761637 0.009310 -0.002314 -0.001543 -0.003815 0.002160 0.999989
75.922000 0.779449 0.010189 -0.001599 -0.001515 -0.003934 0.002134 0.999989
76.021000 0.793163 0.011043 -0.002459 -0.001276 -0.004082 0.002029 0.999989
76.122000 0.809623 0.009999 -0.002720 -0.001648 -0.004225 0.001857 0.999988
76.221000 0.825204 0.010298 0.000042 -0.001558 -0.004491 0.002494 0.999986
76.324000 0.850473 0.011437 -0.002707 -0.001897 -0.004528 0.001940 0.999986
76.422000 0.872791 0.014054 -0.004230 -0.001922 -0.004609 0.002752 0.999984
76.523000 0.887773 0.014666 -0.001051 -0.001518 -0.004739 0.002687 0.999984
76.622000 0.904367 0.014525 -0.001260 -0.001517 -0.004779 0.002545 0.999984
76.722000 0.917608 0.010366 0.001412 -0.001299 -0.004851 0.002203 0.999985
76.822000 0.938714 0.009376 0.003785 -0.001304 -0.005165 0.001569 0.999985
76.922000 0.956783 0.012848 -0.000297 -0.001593 -0.005064 0.001863 0.999984
77.022000 0.969444 0.015439 0.001689 -0.001502 -0.005144 0.002293 0.999983
77.121000 0.994920 0.016791 0.002333 -0.001326 -0.005288 0.002703 0.999981
77.222000 1.011019 0.015265 0.002938 -0.001461 -0.005443 0.002294 0.999981
77.322000 1.025231 0.017346 0.003166 -0.001280 -0.005424 0.002554 0.999981
77.423000 1.038430 0.009675 0.004518 -0.001292 -0.005543 0.002229 0.999981
77.523000 1.049158 0.014661 0.005643 -0.001139 -0.005518 0.002764 0.999980
77.623000 1.081006 0.018323 0.005518 -0.001260 -0.005650 0.002892 0.999979
77.722000 1.106653 0.015909 0.005710 -0.001398 -0.005756 0.002699 0.999979
77.823000 1.123951 0.020458 0.005913 -0.001345 -0.006043 0.003848 0.999973
77.920000 1.133282 0.016119 0.005861 -0.001311 -0.005945 0.003244 0.999976
78.025000 1.148904 0.020013 0.006929 -0.001939 -0.006349 0.003706 0.999971
78.121000 1.173359 0.021280 0.007208 -0.001743 -0.006612 0.003320 0.999971
78.224000 1.196127 0.016727 0.005019 -0.001811 -0.006680 0.002899 0.999972
78.322000 1.213027 0.016856 0.003694 -0.001989 -0.006683 0.002974 0.999971
78.421000 1.231481 0.020564 0.004252 -0.001787 -0.006748 0.003166 0.999971
78.520000 1.242896 0.018359 0.005901 -0.001790 -0.006820 0.002753 0.999971
78.625000 1.254558 0.018311 0.007341 -0.001724 -0.007046 0.002960 0.999969
78.722000 1.277631 0.017314 0.005077 -0.001938 -0.007201 0.003355 0.999967
78.821000 1.291111 0.020330 0.005424 -0.001743 -0.007296 0.003652 0.999965
78.922000 1.312623 0.018045 0.004224 -0.002037 -0.007385 0.002978 0.999966
79.022000 1.335985 0.017136 0.003391 -0.002514 -0.007638 0.003324 0.999962
79.120000 1.353153 0.017134 0.004847 -0.002271 -0.007720 0.003291 0.999962
79.222000 1.371265 0.018670 0.006904 -0.002213 -0.007976 0.003154 0.999961
79.321000 1.389573 0.016595 0.007151 -0.001757 -0.007830 0.003379 0.999962
79.422000 1.406383 0.017637 0.006998 -0.002126 -0.008038 0.003525 0.999959
79.522000 1.423714 0.016535 0.003286 -0.002946 -0.008229 0.003005 0.999957
79.621000 1.440741 0.020101 0.003244 -0.002994 -0.007989 0.003391 0.999958
79.722000 1.462220 0.015743 0.006496 -0.002790 -0.008116 0.003907 0.999956
79.823000 1.482737 0.013783 0.008777 -0.002931 -0.008309 0.003376 0.999955
79.923000 1.498712 0.014558 0.005855 -0.003211 -0.008203 0.003268 0.999956
80.021000 1.519694 0.016745 0.002918 -0.003425 -0.008597 0.003098 0.999952
80.125000 1.536850 0.018415 0.003058 -0.003083 -0.008393 0.003307 0.999955
80.222000 1.553224 0.015448 0.004999 -0.002764 -0.008597 0.003231 0.999954
80.321000 1.574831 0.013811 0.004475 -0.003452 -0.009017 0.002691 0.999950
80.422000 1.593469 0.014605 0.004180 -0.003596 -0.008762 0.003564 0.999949
80.524000 1.604953 0.014499 0.007453 -0.003346 -0.008856 0.003378 0.999949
80.621000 1.618553 0.017444 0.005837 -0.003601 -0.008864 0.003569 0.999948
80.724000 1.642966 0.022631 0.004350 -0.003431 -0.008836 0.003807 0.999948
80.823000 1.655497 0.018473 0.008233 -0.003378 -0.009115 0.003449 0.999947
80.921000 1.675569 0.015549 0.008754 -0.003906 -0.009106 0.003182 0.999946
81.022000 1.695112 0.015478 0.008902 -0.003820 -0.009086 0.003370 0.999946
81.123000 1.716332 0.016582 0.010222 -0.003657 -0.009178 0.003044 0.999947
81.221000 1.736538 0.018366 0.009498 -0.003664 -0.009302 0.002894 0.999946
81.323000 1.751131 0.019489 0.008775 -0.003670 -0.009400 0.003008 0.999945
81.421000 1.770278 0.019813 0.005819 -0.003895 -0.009252 0.003121 0.999945
81.523000 1.792062 0.015260 0.009820 -0.003627 -0.009448 0.002798 0.999945
81.623000 1.805654 0.016891 0.014203 -0.003674 -0.009566 0.003035 0.999943
81.722000 1.817639 0.021472 0.011190 -0.003884 -0.008920 0.003128 0.999948
81.824000 1.840237 0.011281 0.017644 -0.003173 -0.009587 0.002397 0.999946
81.921000 1.857309 0.014250 0.014858 -0.004063 -0.009880 0.002482 0.999940
82.022000 1.878224 0.013212 0.015048 -0.003774 -0.009828 0.002778 0.999941
82.120000 1.893239 0.019074 0.017888 -0.003720 -0.009879 0.002207 0.999942
82.221000 1.912888 0.019330 0.020756 -0.003826 -0.009966 0.002669 0.999939
82.320000 1.928049 0.019680 0.017269 -0.003657 -0.009799 0.002733 0.999942
82.421000 1.946638 0.020379 0.019346 -0.003575 -0.010061 0.003206 0.999938
82.521000 1.962248 0.021436 0.019957 -0.003631 -0.009907 0.002621 0.999941
82.621000 1.979586 0.017609 0.023012 -0.003275 -0.010032 0.002838 0.999940
82.720000 1.995283 0.021569 0.020677 -0.003292 -0.009758 0.002909 0.999943
82.822000 2.013618 0.019600 0.018969 -0.003444 -0.010139 0.003083 0.999938
82.922000 2.028114 0.024166 0.017749 -0.003564 -0.010147 0.002991 0.999938
83.021000 2.044075 0.021819 0.021070 -0.003259 -0.010256 0.002538 0.999939
83.122000 2.070715 0.024493 0.024366 -0.003003 -0.010231 0.003139 0.999938
83.222000 2.090752 0.030530 0.026863 -0.002726 -0.010201 0.003746 0.999937
83.327000 2.108691 0.027496 0.025127 -0.003266 -0.009911 0.003766 0.999938
83.423000 2.122603 0.024553 0.025822 -0.002911 -0.010021 0.003444 0.999940
83.523000 2.136512 0.022750 0.027507 -0.002771 -0.010143 0.003714 0.999938
83.623000 2.160758 0.017050 0.031247 -0.002667 -0.010212 0.003044 0.999940
83.722000 2.180360 0.023763 0.031641 -0.002640 -0.010056 0.002938 0.999942
83.823000 2.197270 0.028586 0.032332 -0.002541 -0.010014 0.003212 0.999941
83.922000 2.213045 0.027313 0.030176 -0.002618 -0.009803 0.003123 0.999944
84.023000 2.231324 0.024010 0.031356 -0.002570 -0.010306 0.003066 0.999939
84.122000 2.241122 0.019368 0.033485 -0.002686 -0.010213 0.003304 0.999939
84.226000 2.262124 0.031992 0.028855 -0.002764 -0.010373 0.002488 0.999939
84.324000 2.284756 0.020291 0.028093 -0.003171 -0.010732 0.003313 0.999932
84.422000 2.300620 0.028259 0.032140 -0.002795 -0.010981 0.003095 0.999931
84.522000 2.326675 0.025394 0.030802 -0.002877 -0.011847 0.004095 0.999917
84.622000 2.338762 0.024628 0.028680 -0.002974 -0.011696 0.004196 0.999918
84.721000 2.370232 0.027409 0.032192 -0.002552 -0.011632 0.003254 0.999924
84.822000 2.410574 0.035947 0.030506 -0.002109 -0.011501 0.002994 0.999927
84.923000 2.418346 0.024324 0.034368 -0.002316 -0.011730 0.002945 0.999924
85.023000 2.438402 0.027038 0.031759 -0.002566 -0.012793 0.003485 0.999909
85.121000 2.462955 0.025473 0.032781 -0.002279 -0.013196 0.003365 0.999905
85.223000 2.479169 0.030616 0.030425 -0.002036 -0.012916 0.003732 0.999908
85.323000 2.491205 0.032406 0.029995 -0.002365 -0.012881 0.004399 0.999905
85.422000 2.521469 0.023496 0.027887 -0.002499 -0.012620 0.003753 0.999910
85.521000 2.538885 0.020909 0.029812 -0.002290 -0.013237 0.004149 0.999901
85.621000 2.557474 0.029456 0.029560 -0.001605 -0.013314 0.004249 0.999901
85.724000 2.582315 0.032339 0.027599 -0.002379 -0.013225 0.004548 0.999899
85.822000 2.605416 0.025598 0.030193 -0.002744 -0.013550 0.003780 0.999897
85.923000 2.608652 0.031701 0.032850 -0.002387 -0.013376 0.004648 0.999897
86.022000 2.621928 0.041251 0.032386 -0.002192 -0.013394 0.005964 0.999890
86.122000 2.655778 0.038314 0.035351 -0.002249 -0.013285 0.004422 0.999899
86.222000 2.684545 0.035984 0.035652 -0.002404 -0.013136 0.004537 0.999901
86.322000 2.705475 0.035692 0.034445 -0.003025 -0.012727 0.004769 0.999903
86.422000 2.721268 0.035588 0.032923 -0.002987 -0.012919 0.004525 0.999902
86.519000 2.732652 0.031861 0.032511 -0.003429 -0.012977 0.004815 0.999898
86.623000 2.742065 0.028161 0.033500 -0.003306 -0.012799 0.005346 0.999898
86.722000 2.770869 0.033707 0.036524 -0.003368 -0.012985 0.004776 0.999899
86.823000 2.794539 0.029883 0.038239 -0.003343 -0.013295 0.004755 0.999895
86.924000 2.813675 0.035583 0.033808 -0.003915 -0.013326 0.005035 0.999891
87.022000 2.832369 0.039569 0.035462 -0.004006 -0.013282 0.005332 0.999890
87.123000 2.847042 0.031113 0.038381 -0.003853 -0.013202 0.004995 0.999893
87.221000 2.864996 0.029973 0.039540 -0.004005 -0.013640 0.004722 0.999888
87.322000 2.886538 0.028755 0.037914 -0.004593 -0.013412 0.004197 0.999891
87.426000 2.902202 0.028977 0.034822 -0.004731 -0.013389 0.004170 0.999890
87.523000 2.920853 0.034589 0.036343 -0.004188 -0.013768 0.004682 0.999885
87.622000 2.943652 0.025164 0.037495 -0.004461 -0.013875 0.004236 0.999885
87.722000 2.969381 0.029931 0.037791 -0.004431 -0.014377 0.003903 0.999879
87.822000 2.991641 0.028958 0.040432 -0.004145 -0.014342 0.003674 0.999882
87.922000 3.000118 0.027268 0.040693 -0.004455 -0.014397 0.004740 0.999875
88.021000 3.026549 0.029804 0.041849 -0.004673 -0.014177 0.004322 0.999879
88.122000 3.036138 0.036126 0.043741 -0.004298 -0.014707 0.004862 0.999871
88.223000 3.054316 0.036295 0.043068 -0.004481 -0.014420 0.005356 0.999872
88.323000 3.075795 0.033417 0.040354 -0.005135 -0.013914 0.004521 0.999880
88.424000 3.101179 0.034850 0.042210 -0.005009 -0.013582 0.004293 0.999886
88.524000 3.126098 0.035330 0.044005 -0.005035 -0.013673 0.004204 0.999885
88.623000 3.153827 0.030636 0.043626 -0.005190 -0.013828 0.003702 0.999884
88.722000 3.175996 0.033968 0.042458 -0.005730 -0.013623 0.004602 0.999880
88.823000 3.191458 0.032047 0.043899 -0.005496 -0.013999 0.004049 0.999879
88.925000 3.199582 0.028157 0.046287 -0.005518 -0.013629 0.004612 0.999881
89.025000 3.220663 0.032586 0.044399 -0.005558 -0.013847 0.004312 0.999879
89.122000 3.232745 0.028596 0.042776 -0.005742 -0.013747 0.004432 0.999879
89.224000 3.249291 0.031673 0.047880 -0.005342 -0.013962 0.004748 0.999877
89.324000 3.270908 0.032534 0.049464 -0.005587 -0.013711 0.004565 0.999880
89.422000 3.296248 0.032040 0.049238 -0.005217 -0.014423 0.005486 0.999867
89.522000 3.321318 0.036260 0.052300 -0.004958 -0.014664 0.004621 0.999870
89.624000 3.337932 0.034894 0.051817 -0.005255 -0.014374 0.004188 0.999874
89.722000 3.354557 0.037951 0.053493 -0.005218 -0.014479 0.004583 0.999871
89.824000 3.377218 0.033891 0.055000 -0.005285 -0.014188 0.004566 0.999875
89.924000 3.394945 0.035169 0.057706 -0.005174 -0.014222 0.004918 0.999873
90.022000 3.407638 0.035138 0.050486 -0.005567 -0.014708 0.004852 0.999865
90.123000 3.423776 0.033585 0.054624 -0.005315 -0.014590 0.004749 0.999868
90.223000 3.436249 0.029326 0.054354 -0.005265 -0.015062 0.005192 0.999859
90.324000 3.466327 0.035724 0.053704 -0.005535 -0.014833 0.004911 0.999863
90.425000 3.497261 0.031610 0.064620 -0.003513 -0.016454 0.004468 0.999848
90.524000 3.503819 0.030685 0.062310 -0.004137 -0.016151 0.004718 0.999850
90.624000 3.530882 0.044565 0.059562 -0.004116 -0.016513 0.004810 0.999844
90.725000 3.557437 0.037922 0.064892 -0.004427 -0.015214 0.004063 0.999866
90.830000 3.600166 0.039834 0.052622 -0.006089 -0.013622 0.004057 0.999880
90.925000 3.609448 0.042727 0.060198 -0.006135 -0.011935 0.003841 0.999903
91.031000 3.615342 0.042658 0.060317 -0.005961 -0.013333 0.004934 0.999881
91.125000 3.638696 0.045047 0.056161 -0.005989 -0.014949 0.005026 0.999858
91.224000 3.656765 0.040862 0.056915 -0.006718 -0.015785 0.004191 0.999844
91.323000 3.676675 0.056020 0.064522 -0.005992 -0.015309 0.004153 0.999856
91.424000 3.695671 0.050330 0.063229 -0.006042 -0.013940 0.005357 0.999870
91.524000 3.721271 0.038409 0.061111 -0.006448 -0.012676 0.004171 0.999890
91.625000 3.755978 0.037194 0.062241 -0.005803 -0.013063 0.004294 0.999889
91.725000 3.763333 0.034867 0.062715 -0.005625 -0.013234 0.004680 0.999886
91.825000 3.798784 0.031162 0.065242 -0.005581 -0.013741 0.004071 0.999882
91.924000 3.807956 0.031802 0.065253 -0.005628 -0.013762 0.004580 0.999879
92.024000 3.830225 0.031732 0.069949 -0.005260 -0.013924 0.004179 0.999880
92.125000 3.841109 0.033769 0.067066 -0.005359 -0.013927 0.004701 0.999878
92.224000 3.870833 0.033943 0.064895 -0.005177 -0.016254 0.004825 0.999843
92.324000 3.888574 0.035952 0.067348 -0.005142 -0.015309 0.005164 0.999856
92.425000 3.904613 0.038535 0.066915 -0.005012 -0.015792 0.005018 0.999850
92.524000 3.919168 0.041555 0.068099 -0.005369 -0.014802 0.004648 0.999865
92.623000 3.921404 0.041667 0.067323 -0.005484 -0.015293 0.008634 0.999831
92.725000 3.945653 0.037779 0.072705 -0.005433 -0.015236 0.029933 0.999421
92.824000 3.933760 0.043067 0.065890 -0.006372 -0.015997 0.056099 0.998277
92.924000 3.923092 0.037151 0.068920 -0.006439 -0.015642 0.080112 0.996642
93.024000 3.919495 0.041061 0.069554 -0.006706 -0.015083 0.105985 0.994231
93.123000 3.935244 0.041729 0.072776 -0.006985 -0.013907 0.128683 0.991564
93.224000 3.939263 0.041361 0.069670 -0.007637 -0.014493 0.154268 0.987893
93.324000 3.923297 0.049668 0.069588 -0.007849 -0.015121 0.179130 0.983678
93.424000 3.928921 0.047270 0.070136 -0.008108 -0.014469 0.202864 0.979066
93.523000 3.938009 0.045677 0.070857 -0.008700 -0.014263 0.227335 0.973673
93.624000 3.921462 0.048691 0.070695 -0.008964 -0.014325 0.252917 0.967340
93.724000 3.932011 0.044726 0.069188 -0.009216 -0.014307 0.258884 0.965758
93.825000 3.939167 0.042410 0.073025 -0.008926 -0.015309 0.258612 0.965819
93.927000 3.959686 0.047664 0.072376 -0.009060 -0.013780 0.260711 0.965276
94.024000 3.969075 0.058954 0.067797 -0.009799 -0.014207 0.260199 0.965401
94.124000 3.989724 0.081042 0.079691 -0.008070 -0.013476 0.260738 0.965282
94.224000 4.008419 0.083252 0.073536 -0.008932 -0.014199 0.260743 0.965262
94.324000 4.022388 0.095127 0.067080 -0.009312 -0.014768 0.260310 0.965367
94.424000 4.035455 0.104626 0.068532 -0.009299 -0.014577 0.261334 0.965093
94.523000 4.052763 0.113085 0.066742 -0.009686 -0.015246 0.260084 0.965417
94.626000 4.066972 0.121170 0.072948 -0.008822 -0.014716 0.260966 0.965195
94.724000 4.086047 0.132729 0.072823 -0.009156 -0.015699 0.260537 0.965293
94.824000 4.101395 0.141263 0.072493 -0.009159 -0.015383 0.260264 0.965372
94.923000 4.111414 0.151862 0.069676 -0.009366 -0.015545 0.261082 0.965146
95.024000 4.138590 0.161388 0.069392 -0.009385 -0.016353 0.260277 0.965350
95.124000 4.145024 0.177149 0.072502 -0.008953 -0.016321 0.262025 0.964882
95.224000 4.167160 0.181549 0.073176 -0.008919 -0.015898 0.260721 0.965242
95.325000 4.184851 0.189504 0.077995 -0.008424 -0.015673 0.260224 0.965384
95.426000 4.198203 0.204856 0.082074 -0.008046 -0.016239 0.261649 0.964993
95.524000 4.221683 0.213860 0.080725 -0.008122 -0.016133 0.260599 0.965278
95.624000 4.240585 0.222633 0.079047 -0.008106 -0.016688 0.260520 0.965290
95.724000 4.247039 0.231470 0.080071 -0.008093 -0.016904 0.260728 0.965230
95.824000 4.266348 0.243663 0.090459 -0.006923 -0.016537 0.261828 0.964948
95.924000 4.279247 0.255770 0.085837 -0.007255 -0.015456 0.261438 0.965069
96.024000 4.305418 0.263844 0.080368 -0.007712 -0.016315 0.261654 0.964993
96.125000 4.326312 0.274762 0.085670 -0.007577 -0.016548 0.261080 0.965146
96.225000 4.338080 0.287246 0.087734 -0.007141 -0.016423 0.260961 0.965183
96.324000 4.357427 0.296563 0.086539 -0.007331 -0.016640 0.260796 0.965223
96.424000 4.390179 0.302396 0.087340 -0.007383 -0.017285 0.259496 0.965561
96.525000 4.408789 0.311235 0.094828 -0.006718 -0.017112 0.259136 0.965666
96.624000 4.424244 0.320348 0.092020 -0.006885 -0.017385 0.259968 0.965436
96.724000 4.442309 0.331981 0.095084 -0.006794 -0.017822 0.259909 0.965445
96.824000 4.446801 0.345843 0.094929 -0.006428 -0.017789 0.260667 0.965243
96.924000 4.474239 0.352462 0.095300 -0.006610 -0.019172 0.259971 0.965403
97.023000 4.488040 0.364148 0.096389 -0.006818 -0.018972 0.260121 0.965366
97.126000 4.509153 0.370854 0.097675 -0.006394 -0.018926 0.259819 0.965451
97.225000 4.525898 0.383666 0.100824 -0.006430 -0.019381 0.260513 0.965254
97.324000 4.533009 0.395624 0.102735 -0.006126 -0.019107 0.261222 0.965070
97.424000 4.554853 0.404229 0.102645 -0.006338 -0.019212 0.260916 0.965149
97.524000 4.577959 0.415363 0.105140 -0.006093 -0.019177 0.260618 0.965232
97.625000 4.584437 0.427815 0.103094 -0.006089 -0.018964 0.260880 0.965166
97.724000 4.605405 0.428682 0.105804 -0.005833 -0.019003 0.260337 0.965313
97.824000 4.628914 0.436951 0.103767 -0.006089 -0.019123 0.260152 0.965359
97.924000 4.643588 0.450519 0.103887 -0.006313 -0.018976 0.260366 0.965303
98.025000 4.657590 0.464385 0.106620 -0.006060 -0.019564 0.261043 0.965110
98.124000 4.669183 0.474019 0.105907 -0.005935 -0.019436 0.261495 0.964991
98.225000 4.697167 0.483036 0.105779 -0.006136 -0.019631 0.260296 0.965310
98.324000 4.706278 0.495875 0.104566 -0.005962 -0.019210 0.260535 0.965255
98.424000 4.721871 0.503876 0.104345 -0.006459 -0.019501 0.260613 0.965225
98.523000 4.745677 0.512702 0.106291 -0.006515 -0.019201 0.261142 0.965088
98.625000 4.757999 0.521868 0.101714 -0.006562 -0.019199 0.260744 0.965195
98.724000 4.783544 0.535751 0.106438 -0.006289 -0.019569 0.260259 0.965320
98.824000 4.799618 0.549145 0.107329 -0.006200 -0.019664 0.260502 0.965253
98.924000 4.813096 0.562178 0.104573 -0.006073 -0.019639 0.260772 0.965181
99.026000 4.831603 0.562099 0.102182 -0.006352 -0.019366 0.259820 0.965442
99.124000 4.846800 0.575855 0.104710 -0.005599 -0.017895 0.259848 0.965467
99.223000 4.859996 0.583964 0.101523 -0.006534 -0.018766 0.260718 0.965211
99.323000 4.884087 0.595785 0.104214 -0.005881 -0.018947 0.260757 0.965201
99.428000 4.907460 0.601943 0.101297 -0.006550 -0.019876 0.259992 0.965384
99.525000 4.918924 0.613033 0.100892 -0.006425 -0.020014 0.260337 0.965289
99.624000 4.931821 0.627173 0.102820 -0.006352 -0.020344 0.260308 0.965290
99.724000 4.965955 0.635170 0.103425 -0.007533 -0.022909 0.260219 0.965248
99.824000 4.970144 0.643648 0.107239 -0.006293 -0.020844 0.260480 0.965234
99.925000 4.985995 0.653117 0.106974 -0.006705 -0.021419 0.260922 0.965099
100.024000 5.004413 0.663461 0.110312 -0.006561 -0.022134 0.260972 0.965070
100.124000 5.020323 0.671054 0.114143 -0.006333 -0.022451 0.260999 0.965057
100.228000 5.041239 0.682884 0.106933 -0.007316 -0.023834 0.261318 0.964931
100.325000 5.062126 0.702417 0.114941 -0.006619 -0.024536 0.261569 0.964850
100.424000 5.075951 0.711182 0.115223 -0.005876 -0.022602 0.261604 0.964893
100.524000 5.096679 0.714751 0.113586 -0.006582 -0.023691 0.261567 0.964872
100.625000 5.120750 0.726800 0.111554 -0.006918 -0.024088 0.260450 0.965162
100.724000 5.133290 0.736767 0.110182 -0.006916 -0.024420 0.261130 0.964970
100.825000 5.137676 0.748846 0.111861 -0.006405 -0.024348 0.261799 0.964794
100.924000 5.147113 0.755893 0.110493 -0.007033 -0.025024 0.262401 0.964609
101.025000 5.170139 0.767453 0.114825 -0.006526 -0.024938 0.261820 0.964772
101.123000 5.185358 0.782450 0.119431 -0.006255 -0.025595 0.262833 0.964481
101.224000 5.202422 0.790126 0.126257 -0.006079 -0.026337 0.262860 0.964455
101.325000 5.224383 0.800784 0.127993 -0.006141 -0.026565 0.262976 0.964417
101.426000 5.247588 0.803799 0.122012 -0.006470 -0.026519 0.261693 0.964765
101.526000 5.255670 0.821009 0.124668 -0.006582 -0.027211 0.262981 0.964395
101.624000 5.272695 0.831398 0.124706 -0.006201 -0.026465 0.262780 0.964473
101.726000 5.292701 0.839030 0.127466 -0.005814 -0.025921 0.262675 0.964519
101.825000 5.310856 0.843717 0.127105 -0.006185 -0.026605 0.261933 0.964700
101.924000 5.325611 0.852888 0.126529 -0.006252 -0.026913 0.262514 0.964532
102.024000 5.348805 0.867179 0.130377 -0.005940 -0.027517 0.261943 0.964673
102.126000 5.358149 0.877943 0.133767 -0.005462 -0.026932 0.262179 0.964628
102.224000 5.372752 0.890156 0.140688 -0.005097 -0.026591 0.261724 0.964763
102.325000 5.396456 0.901217 0.142477 -0.004678 -0.026249 0.261127 0.964936
102.424000 5.404469 0.909568 0.141102 -0.004942 -0.026640 0.261915 0.964710
102.525000 5.419761 0.918337 0.131507 -0.004991 -0.025371 0.262380 0.964618
102.623000 5.441153 0.934064 0.145159 -0.004303 -0.026028 0.261534 0.964834
102.724000 5.458666 0.940507 0.148805 -0.004351 -0.026514 0.261815 0.964744
102.824000 5.471324 0.949629 0.144945 -0.004639 -0.026126 0.262293 0.964623
102.924000 5.503317 0.957492 0.143375 -0.004378 -0.026617 0.261118 0.964930
103.024000 5.527188 0.968158 0.147727 -0.004349 -0.026638 0.260755 0.965028
103.124000 5.543737 0.981726 0.152038 -0.004386 -0.026712 0.261285 0.964882
103.224000 5.562732 0.986479 0.152938 -0.004545 -0.026625 0.260640 0.965058
103.324000 5.564564 0.999054 0.150858 -0.004191 -0.026017 0.261337 0.964888
103.425000 5.582506 1.012044 0.151272 -0.004232 -0.026175 0.261829 0.964750
103.525000 5.605757 1.018329 0.151589 -0.004439 -0.026563 0.261046 0.964951
103.623000 5.633847 1.022229 0.149862 -0.004666 -0.026501 0.260504 0.965098
103.724000 5.649225 1.042324 0.153430 -0.004444 -0.026984 0.260712 0.965029
103.826000 5.657732 1.052385 0.151938 -0.004630 -0.026587 0.261080 0.964940
103.925000 5.677616 1.061896 0.153493 -0.004423 -0.027048 0.261384 0.964846
104.024000 5.693730 1.070368 0.151163 -0.004523 -0.026558 0.261300 0.964882
104.124000 5.709462 1.078191 0.145094 -0.005032 -0.026639 0.261473 0.964830
104.225000 5.716939 1.092597 0.152321 -0.004370 -0.026944 0.261891 0.964711
104.325000 5.728334 1.103253 0.162200 -0.003909 -0.026881 0.261897 0.964713
104.424000 5.751042 1.116097 0.165945 -0.003878 -0.027506 0.261566 0.964786
104.524000 5.776787 1.117377 0.148787 -0.004494 -0.025001 0.261064 0.964987
104.625000 5.780874 1.119030 0.154544 -0.004704 -0.026896 0.261720 0.964758
104.724000 5.778725 1.121493 0.158846 -0.004453 -0.027404 0.261987 0.964672
104.824000 5.783999 1.117940 0.161529 -0.003987 -0.027329 0.256073 0.966263
104.924000 5.797051 1.113651 0.158273 -0.003383 -0.025668 0.229746 0.972906
105.024000 5.773008 1.124116 0.151443 -0.002535 -0.025365 0.207587 0.977884
105.125000 5.770732 1.115258 0.152996 -0.002677 -0.026715 0.183127 0.982723
105.224000 5.776207 1.116100 0.149123 -0.001855 -0.025546 0.158312 0.987057
105.324000 5.779594 1.123825 0.153937 -0.000777 -0.026480 0.134112 0.990612
105.424000 5.778169 1.121493 0.156410 -0.000445 -0.027378 0.109396 0.993621
105.524000 5.781817 1.118610 0.163085 0.001171 -0.026733 0.083691 0.996132
105.624000 5.789482 1.110747 0.160358 0.001280 -0.027242 0.058019 0.997943
105.725000 5.784940 1.110323 0.151870 0.001679 -0.026312 0.033188 0.999101
105.824000 5.774070 1.120245 0.158764 0.002586 -0.027169 0.010410 0.999573
105.924000 5.778450 1.111672 0.145413 0.002246 -0.026330 -0.015765 0.999526
106.025000 5.768961 1.113485 0.145232 0.002785 -0.025614 -0.039960 0.998869
106.125000 5.766779 1.120945 0.155526 0.004479 -0.026325 -0.064493 0.997561
106.225000 5.783669 1.118100 0.154668 0.004940 -0.026262 -0.090729 0.995517
106.325000 5.769292 1.120064 0.148672 0.005265 -0.025950 -0.114632 0.993055
106.424000 5.771896 1.116966 0.157233 0.006636 -0.026447 -0.139224 0.989886
106.525000 5.785305 1.111855 0.152457 0.006836 -0.025365 -0.165102 0.985927
106.624000 5.786916 1.117065 0.146179 0.006985 -0.025231 -0.188294 0.981764
106.724000 5.780578 1.119491 0.151062 0.008201 -0.025161 -0.212408 0.976823
106.825000 5.779145 1.113161 0.148650 0.008455 -0.024680 -0.237317 0.971082
106.924000 5.787125 1.113142 0.153811 0.009421 -0.025065 -0.261684 0.964782
107.024000 5.776086 1.116702 0.155897 0.010719 -0.024443 -0.285178 0.958103
107.124000 5.777986 1.112854 0.154501 0.011092 -0.024623 -0.309151 0.950629
107.224000 5.786615 1.116231 0.153616 0.011304 -0.024443 -0.332490 0.942722
107.324000 5.775693 1.115250 0.151579 0.011385 -0.023177 -0.355821 0.934197
107.424000 5.779405 1.120411 0.148754 0.012358 -0.023356 -0.378731 0.925130
107.525000 5.778391 1.119182 0.144301 0.012344 -0.022978 -0.401420 0.915523
107.624000 5.772339 1.116747 0.146542 0.013183 -0.022341 -0.424123 0.905233
107.723000 5.771931 1.115459 0.142651 0.013563 -0.022498 -0.447220 0.894038
107.825000 5.770486 1.116252 0.149747 0.014555 -0.022026 -0.468669 0.882979
107.924000 5.773359 1.121189 0.152732 0.015369 -0.021781 -0.490734 0.870902
108.024000 5.775801 1.116019 0.149688 0.015883 -0.021741 -0.512440 0.858301
108.124000 5.776352 1.115779 0.150542 0.016779 -0.021260 -0.533800 0.845177
108.225000 5.759332 1.116971 0.147337 0.016626 -0.021108 -0.553937 0.832125
108.324000 5.776000 1.110613 0.150566 0.017109 -0.020511 -0.564042 0.825314
108.423000 5.770155 1.121328 0.152835 0.016877 -0.020937 -0.544779 0.838148
108.525000 5.773379 1.106877 0.140921 0.014622 -0.020602 -0.523862 0.851428
108.624000 5.783854 1.115344 0.159968 0.017135 -0.022052 -0.503757 0.863394
108.722000 5.770564 1.115103 0.153358 0.015152 -0.021917 -0.480619 0.876524
108.824000 5.781570 1.102533 0.141075 0.013596 -0.022619 -0.460620 0.887205
108.925000 5.780932 1.121679 0.150297 0.013505 -0.022537 -0.436635 0.899255
109.024000 5.779021 1.111916 0.145289 0.012576 -0.022931 -0.414789 0.909542
109.124000 5.782301 1.112807 0.155046 0.013290 -0.023506 -0.392000 0.919569
109.227000 5.783433 1.116397 0.145737 0.011585 -0.023645 -0.368633 0.929202
109.324000 5.773343 1.121290 0.150941 0.011474 -0.023821 -0.344831 0.938292
109.424000 5.777358 1.117715 0.154104 0.011197 -0.024481 -0.320787 0.946769
109.526000 5.787881 1.115417 0.150943 0.010251 -0.024396 -0.298316 0.954100
109.624000 5.790437 1.116063 0.154758 0.009844 -0.024447 -0.275428 0.960960
109.726000 5.791223 1.114778 0.153086 0.009208 -0.025221 -0.249609 0.967974
109.826000 5.778878 1.113966 0.156833 0.008933 -0.025771 -0.226128 0.973716
109.926000 5.772752 1.123458 0.153921 0.008079 -0.025637 -0.200553 0.979314
110.029000 5.795056 1.114315 0.145503 0.006680 -0.025360 -0.177263 0.983814
110.125000 5.791025 1.114783 0.150864 0.006383 -0.025891 -0.152551 0.987936
110.226000 5.797365 1.111794 0.155437 0.006070 -0.026156 -0.128980 0.991284
110.328000 5.782946 1.120419 0.156962 0.005720 -0.026500 -0.103137 0.994298
110.427000 5.789423 1.110868 0.153423 0.004318 -0.026276 -0.078704 0.996542
110.527000 5.788492 1.117564 0.160408 0.003908 -0.026835 -0.053537 0.998198
110.625000 5.782557 1.116534 0.151663 0.002691 -0.025946 -0.028731 0.999247
110.726000 5.777878 1.122112 0.147381 0.002005 -0.025961 -0.003732 0.999654
110.825000 5.784470 1.114406 0.155156 0.001839 -0.026293 0.020323 0.999446
110.925000 5.776339 1.123918 0.160089 0.001398 -0.026982 0.045851 0.998583
111.025000 5.783851 1.121128 0.154794 0.000555 -0.026535 0.070889 0.997131
111.126000 5.778876 1.123880 0.155268 -0.000394 -0.026732 0.096212 0.995002
111.226000 5.780233 1.116538 0.159952 -0.000604 -0.027173 0.120541 0.992336
111.325000 5.782883 1.121415 0.156080 -0.001376 -0.026955 0.145930 0.988927
111.425000 5.776219 1.122321 0.153188 -0.002286 -0.026283 0.170310 0.985037
111.525000 5.782010 1.115452 0.150702 -0.003241 -0.025867 0.194256 0.980604
111.625000 5.778446 1.121980 0.151841 -0.003471 -0.025991 0.218636 0.975454
111.725000 5.792762 1.115819 0.158155 -0.004354 -0.027141 0.241948 0.969900
111.825000 5.785856 1.118827 0.156298 -0.004690 -0.026617 0.266181 0.963544
111.925000 5.788198 1.116862 0.153164 -0.005742 -0.025832 0.289962 0.956672
112.026000 5.779038 1.122753 0.154581 -0.006419 -0.025809 0.315025 0.948711
112.125000 5.784622 1.118440 0.147069 -0.007159 -0.024852 0.337807 0.940860
112.226000 5.773975 1.122294 0.147893 -0.007825 -0.024730 0.361696 0.931935
112.326000 5.792936 1.120950 0.154760 -0.008230 -0.025617 0.383836 0.923009
112.426000 5.784281 1.123270 0.156448 -0.008958 -0.025305 0.407764 0.912693
112.526000 5.785995 1.119723 0.152303 -0.009809 -0.024558 0.430126 0.902382
112.626000 5.783237 1.122064 0.158167 -0.010243 -0.024870 0.452669 0.891273
112.726000 5.781271 1.123920 0.161662 -0.010375 -0.024824 0.474754 0.879707
112.828000 5.772881 1.125713 0.157067 -0.011414 -0.024181 0.497096 0.867284
112.925000 5.777488 1.122995 0.152444 -0.011984 -0.024070 0.517877 0.855033
113.027000 5.781299 1.124330 0.158984 -0.012301 -0.023889 0.538688 0.842077
113.127000 5.784098 1.115839 0.159492 -0.013504 -0.023894 0.559529 0.828356
113.229000 5.779755 1.124944 0.152924 -0.014289 -0.022933 0.580734 0.813645
113.327000 5.770794 1.129149 0.156945 -0.014337 -0.022749 0.600745 0.798989
113.427000 5.772879 1.122311 0.152419 -0.015176 -0.022640 0.620382 0.783826
113.526000 5.772825 1.126000 0.153296 -0.015290 -0.021808 0.639992 0.767920
113.626000 5.774412 1.123193 0.157990 -0.016291 -0.021811 0.658722 0.751894
113.729000 5.772496 1.124357 0.161266 -0.016784 -0.021754 0.677580 0.734935
113.828000 5.767910 1.123061 0.154838 -0.017489 -0.020432 0.695550 0.717974
113.929000 5.766618 1.121695 0.155084 -0.017577 -0.020029 0.713052 0.700605
114.029000 5.776243 1.117904 0.159124 -0.018471 -0.020630 0.730566 0.682281
114.128000 5.770036 1.119233 0.153708 -0.019042 -0.019174 0.747264 0.663977
114.230000 5.778191 1.124964 0.158004 -0.019251 -0.019031 0.763285 0.645494
114.329000 5.764628 1.125398 0.155632 -0.019659 -0.018442 0.779705 0.625566
114.428000 5.777458 1.122225 0.154188 -0.020637 -0.018073 0.794885 0.606139
114.528000 5.774485 1.130152 0.155656 -0.020164 -0.017105 0.809716 0.586226
114.628000 5.776163 1.122623 0.157531 -0.020896 -0.017212 0.823594 0.566534
114.730000 5.775249 1.130745 0.157830 -0.021799 -0.016511 0.837938 0.545079
114.829000 5.772888 1.130344 0.159637 -0.021800 -0.016710 0.850853 0.524686
114.929000 5.777386 1.125907 0.155319 -0.021903 -0.015610 0.863381 0.503834
115.027000 5.757820 1.134861 0.156958 -0.022603 -0.015088 0.876614 0.480425
115.129000 5.774609 1.129133 0.154484 -0.023386 -0.014853 0.887679 0.459630
115.230000 5.784385 1.123738 0.152190 -0.022982 -0.013532 0.898812 0.437522
115.331000 5.776924 1.126007 0.157652 -0.023811 -0.013590 0.909617 0.414542
115.428000 5.771182 1.130469 0.153054 -0.023919 -0.012636 0.919597 0.391931
115.528000 5.769870 1.127763 0.158797 -0.024580 -0.012548 0.929081 0.368845
115.627000 5.771648 1.123170 0.159012 -0.024848 -0.011827 0.937781 0.346135
115.729000 5.777090 1.126523 0.156773 -0.025210 -0.011148 0.946192 0.322430
115.828000 5.772380 1.127116 0.157163 -0.024857 -0.010611 0.950432 0.309757
115.930000 5.771596 1.127026 0.166187 -0.025342 -0.011266 0.950193 0.310425
116.028000 5.768863 1.128496 0.143215 -0.024938 -0.009017 0.950366 0.310001
116.128000 5.772867 1.129667 0.160751 -0.025459 -0.010990 0.950324 0.310026
116.228000 5.771308 1.129609 0.155574 -0.025012 -0.010191 0.950283 0.310214
116.330000 5.779766 1.128874 0.161368 -0.025479 -0.010956 0.950257 0.310229
116.429000 5.774549 1.125983 0.157744 -0.025204 -0.010624 0.950224 0.310364
116.529000 5.772352 1.132049 0.155405 -0.025498 -0.010183 0.950378 0.309883
116.628000 5.766814 1.128359 0.158048 -0.024923 -0.010614 0.950444 0.309712
116.728000 5.760841 1.138293 0.149081 -0.024815 -0.009864 0.950334 0.310085
116.828000 5.752152 1.143570 0.156621 -0.029294 -0.011024 0.950208 0.310042
116.933000 5.735885 1.144633 0.152486 -0.025623 -0.010456 0.948950 0.314210
117.028000 5.736949 1.150550 0.160681 -0.025108 -0.012116 0.942688 0.332509
117.129000 5.740865 1.152750 0.157320 -0.024590 -0.012237 0.933670 0.357080
117.228000 5.748162 1.145526 0.153635 -0.024157 -0.012049 0.929026 0.369028
117.328000 5.738306 1.149540 0.150125 -0.023544 -0.011946 0.929180 0.368683
117.428000 5.737828 1.156728 0.142576 -0.023510 -0.011683 0.928357 0.370763
117.528000 5.718214 1.171610 0.146373 -0.023912 -0.011734 0.928297 0.370885
117.628000 5.714352 1.188385 0.159792 -0.024387 -0.013262 0.928107 0.371277
117.729000 5.683617 1.204443 0.153097 -0.023996 -0.012697 0.928434 0.370503
117.828000 5.674922 1.214332 0.162438 -0.024239 -0.013600 0.928507 0.370274
117.928000 5.669385 1.233647 0.149257 -0.024264 -0.013065 0.928416 0.370518
118.030000 5.649223 1.241812 0.143753 -0.024507 -0.012777 0.928266 0.370890
118.130000 5.634511 1.258089 0.151190 -0.024167 -0.013536 0.928200 0.371049
118.228000 5.626773 1.270647 0.148701 -0.024137 -0.013488 0.928108 0.371283
118.329000 5.596190 1.288092 0.147432 -0.024318 -0.013157 0.928672 0.369869
118.428000 5.591520 1.300098 0.142639 -0.023809 -0.012890 0.928248 0.370975
118.528000 5.587878 1.307027 0.145184 -0.023987 -0.012535 0.928186 0.371131
118.627000 5.574716 1.325228 0.150903 -0.023783 -0.013497 0.928134 0.371239
118.729000 5.556084 1.340305 0.150259 -0.023610 -0.013700 0.928318 0.370784
118.827000 5.528780 1.356274 0.141633 -0.023435 -0.012930 0.928469 0.370444
118.929000 5.525152 1.365168 0.141160 -0.023324 -0.012800 0.928165 0.371217
119.028000 5.513341 1.376689 0.133059 -0.024122 -0.012757 0.928301 0.370826
119.127000 5.500070 1.393986 0.134965 -0.023080 -0.012627 0.928176 0.371210
119.228000 5.481286 1.404967 0.135250 -0.023396 -0.012603 0.928226 0.371065
119.328000 5.462308 1.419225 0.140228 -0.023577 -0.013623 0.928480 0.370382
119.429000 5.454417 1.436399 0.138473 -0.023521 -0.013606 0.928457 0.370445
119.527000 5.432717 1.450778 0.134887 -0.022971 -0.013311 0.928356 0.370744
119.628000 5.432949 1.459466 0.130071 -0.022814 -0.013032 0.927924 0.371843
119.727000 5.398374 1.479992 0.139162 -0.023055 -0.013720 0.928478 0.370416
119.830000 5.381542 1.491226 0.141341 -0.022719 -0.013889 0.928679 0.369927
119.927000 5.371916 1.504808 0.143331 -0.023102 -0.014212 0.928402 0.370587
120.029000 5.364199 1.517461 0.146032 -0.023131 -0.014506 0.928384 0.370618
120.128000 5.344083 1.531615 0.135835 -0.022281 -0.013790 0.928455 0.370521
120.229000 5.336990 1.543740 0.139963 -0.022458 -0.014098 0.928333 0.370803
120.328000 5.314524 1.556264 0.140648 -0.022840 -0.014423 0.928290 0.370873
120.428000 5.314760 1.564210 0.137234 -0.022559 -0.014003 0.927908 0.371864
120.528000 5.287797 1.582367 0.136516 -0.022402 -0.014168 0.928229 0.371064
120.628000 5.271579 1.599099 0.133520 -0.022539 -0.013967 0.928302 0.370881
120.729000 5.268834 1.607895 0.135963 -0.022851 -0.014511 0.927994 0.371611
120.828000 5.257332 1.621406 0.136706 -0.022990 -0.014730 0.928219 0.371030
120.929000 5.234452 1.638729 0.131157 -0.022319 -0.014094 0.928246 0.371029
121.027000 5.223690 1.652530 0.135715 -0.022327 -0.014484 0.928033 0.371545
121.129000 5.206804 1.667983 0.137473 -0.022401 -0.014541 0.928112 0.371343
121.228000 5.197866 1.680504 0.137288 -0.022235 -0.014767 0.928079 0.371424
121.327000 5.178614 1.695356 0.129285 -0.022317 -0.014127 0.928278 0.370947
121.429000 5.170127 1.707601 0.126954 -0.021862 -0.013673 0.928136 0.371347
121.529000 5.160533 1.715411 0.124971 -0.021791 -0.013458 0.927958 0.371805
121.627000 5.150245 1.733690 0.121844 -0.021941 -0.013418 0.928064 0.371531
121.730000 5.125963 1.752598 0.116065 -0.021666 -0.013051 0.928331 0.370893
121.828000 5.109598 1.762069 0.117506 -0.021415 -0.013524 0.928244 0.371108
121.928000 5.094913 1.775370 0.117604 -0.021218 -0.013518 0.928220 0.371180
122.028000 5.081114 1.785316 0.118961 -0.021662 -0.013597 0.928112 0.371421
122.128000 5.081683 1.790984 0.120260 -0.021925 -0.013724 0.928101 0.371429
122.230000 5.081571 1.787947 0.118505 -0.021353 -0.013571 0.928092 0.371489
122.329000 5.080645 1.790077 0.119733 -0.021497 -0.013725 0.928163 0.371300
122.429000 5.074223 1.789460 0.123515 -0.021264 -0.014079 0.923787 0.382058
122.529000 5.081536 1.786060 0.126907 -0.021119 -0.014938 0.913343 0.406368
122.629000 5.080368 1.786587 0.120822 -0.020596 -0.014659 0.903440 0.427969
122.728000 5.064278 1.802911 0.128468 -0.020199 -0.016422 0.894426 0.446458
122.828000 5.061349 1.810521 0.104378 -0.020323 -0.013303 0.888926 0.457407
122.928000 5.055616 1.813212 0.124074 -0.020303 -0.015756 0.891766 0.451766
123.028000 5.047378 1.818749 0.129055 -0.020238 -0.016036 0.901718 0.431553
123.128000 5.056987 1.811565 0.121412 -0.020691 -0.014420 0.912100 0.409191
123.229000 5.053691 1.818200 0.129778 -0.021238 -0.014783 0.922006 0.386311
123.327000 5.052951 1.809316 0.114301 -0.021563 -0.012837 0.931193 0.363661
123.429000 5.048659 1.815382 0.120771 -0.021867 -0.013125 0.940267 0.339480
123.529000 5.057920 1.817178 0.107375 -0.021616 -0.011215 0.948167 0.316839
123.628000 5.056012 1.820741 0.119817 -0.022483 -0.011899 0.956024 0.292182
123.729000 5.052185 1.816855 0.120665 -0.022837 -0.011096 0.962989 0.268342
123.828000 5.043626 1.817744 0.113926 -0.022699 -0.010065 0.969441 0.244063
123.928000 5.049597 1.814887 0.111390 -0.023038 -0.009579 0.975137 0.220194
124.028000 5.044951 1.813940 0.121069 -0.023458 -0.009844 0.980280 0.195971
124.129000 5.046048 1.816840 0.120585 -0.023442 -0.008920 0.984940 0.171069
124.228000 5.050301 1.817772 0.111866 -0.023708 -0.008102 0.988792 0.147185
124.328000 5.046560 1.820900 0.122228 -0.024316 -0.008087 0.992161 0.122313
124.429000 5.043272 1.814230 0.116611 -0.024300 -0.007273 0.994982 0.096789
124.529000 5.038023 1.816293 0.119532 -0.024417 -0.006597 0.997049 0.072476
124.628000 5.041723 1.813837 0.112519 -0.024361 -0.005908 0.998561 0.047405
124.730000 5.043255 1.814745 0.118746 -0.025032 -0.005612 0.999410 0.022846
124.829000 5.038216 1.823433 0.119873 -0.024988 -0.004925 0.999672 -0.002839
124.929000 5.033785 1.822621 0.118268 -0.024888 -0.004226 0.999297 -0.027717
125.029000 5.036708 1.820455 0.116898 -0.025315 -0.003405 0.998286 -0.052664
125.128000 5.044490 1.819135 0.117998 -0.024896 -0.003171 0.996736 -0.076728
125.230000 5.049944 1.812923 0.120534 -0.025353 -0.002445 0.994524 -0.101358
125.328000 5.053051 1.810896 0.116779 -0.025021 -0.001653 0.991767 -0.125574
125.430000 5.051292 1.811780 0.114453 -0.025005 -0.000963 0.988208 -0.151062
125.531000 5.046598 1.812798 0.109568 -0.024426 0.000172 0.984066 -0.176120
125.630000 5.043787 1.811741 0.112366 -0.024724 0.000264 0.979455 -0.200142
125.729000 5.040693 1.817489 0.117120 -0.025074 0.000733 0.974084 -0.224791
125.829000 5.039343 1.814953 0.117852 -0.025005 0.001255 0.968230 -0.248806
125.934000 5.040055 1.815941 0.118055 -0.025369 0.001792 0.961407 -0.273954
126.030000 5.058070 1.809837 0.114562 -0.024869 0.002867 0.954906 -0.295850
126.130000 5.056163 1.811900 0.112567 -0.024685 0.003485 0.947174 -0.319751
126.229000 5.042759 1.806747 0.114542 -0.024400 0.003813 0.938891 -0.343328
126.331000 5.042925 1.807244 0.112891 -0.024442 0.004461 0.929843 -0.367117
126.429000 5.059158 1.806083 0.114523 -0.024014 0.005122 0.920779 -0.389311
126.530000 5.047359 1.812541 0.116229 -0.024307 0.005723 0.910431 -0.412908
126.630000 5.049794 1.810091 0.114542 -0.023594 0.006434 0.900135 -0.434924
126.729000 5.039450 1.808811 0.112969 -0.023684 0.007026 0.888601 -0.458016
126.830000 5.047721 1.813328 0.110114 -0.023008 0.007853 0.876940 -0.479985
126.931000 5.058453 1.807418 0.107872 -0.022878 0.008281 0.865164 -0.500898
127.031000 5.057919 1.810572 0.111547 -0.022979 0.008644 0.852262 -0.522539
127.128000 5.056778 1.806792 0.107989 -0.022375 0.009221 0.839378 -0.543009
127.230000 5.051028 1.808071 0.109661 -0.021990 0.009680 0.825153 -0.564398
127.330000 5.037842 1.808931 0.110013 -0.021828 0.010397 0.810566 -0.585148
127.431000 5.048020 1.806636 0.104685 -0.021163 0.011195 0.795795 -0.605093
127.531000 5.054371 1.812088 0.115693 -0.021882 0.011323 0.780423 -0.624766
127.628000 5.040068 1.811084 0.109780 -0.020547 0.011841 0.764443 -0.644255
127.730000 5.048390 1.810673 0.114147 -0.020965 0.012783 0.748742 -0.662407
127.831000 5.059591 1.807295 0.108243 -0.020244 0.013044 0.732078 -0.680795
127.929000 5.058955 1.801057 0.108554 -0.019928 0.013508 0.715137 -0.698570
128.029000 5.067696 1.806015 0.108795 -0.019490 0.014043 0.697910 -0.715782
128.129000 5.062158 1.809442 0.117049 -0.019971 0.014120 0.679613 -0.733163
128.229000 5.054857 1.810588 0.116593 -0.019780 0.014538 0.660828 -0.750136
128.328000 5.061296 1.810491 0.113683 -0.019154 0.015189 0.642291 -0.766071
128.429000 5.051374 1.810305 0.104929 -0.017094 0.015627 0.622534 -0.782250
128.529000 5.054678 1.809883 0.112790 -0.017638 0.015845 0.602999 -0.797389
128.630000 5.060212 1.807074 0.110632 -0.017618 0.016212 0.582727 -0.812315
128.729000 5.060022 1.806479 0.108641 -0.016801 0.016804 0.562579 -0.826402
128.830000 5.055863 1.807988 0.110275 -0.016413 0.017172 0.541704 -0.840234
128.929000 5.057434 1.805769 0.109418 -0.016303 0.017930 0.520498 -0.853519
129.029000 5.054523 1.812321 0.109985 -0.015589 0.018188 0.498968 -0.866289
129.130000 5.056828 1.813395 0.111216 -0.015754 0.018449 0.477209 -0.878455
129.229000 5.053162 1.812519 0.111930 -0.014804 0.018489 0.455290 -0.890028
129.332000 5.054372 1.812983 0.121275 -0.015054 0.019529 0.432169 -0.901455
129.430000 5.059315 1.805819 0.114131 -0.013612 0.019363 0.410339 -0.911626
129.530000 5.055675 1.814835 0.115414 -0.013477 0.019974 0.387333 -0.921625
129.629000 5.049817 1.811417 0.109621 -0.012741 0.019886 0.364284 -0.930988
129.729000 5.065158 1.806337 0.116399 -0.012926 0.020718 0.341952 -0.939400
129.827000 5.059642 1.808122 0.109816 -0.011676 0.020818 0.318348 -0.947673
129.929000 5.054388 1.808772 0.117339 -0.011644 0.021079 0.293976 -0.955509
130.029000 5.062885 1.801579 0.114513 -0.010961 0.020945 0.271050 -0.962275
130.130000 5.049879 1.816241 0.106412 -0.009746 0.020836 0.245302 -0.969174
130.229000 5.052737 1.813181 0.116193 -0.010126 0.021694 0.221473 -0.974873
130.330000 5.051516 1.817506 0.116266 -0.009396 0.021945 0.196879 -0.980137
130.429000 5.051161 1.814254 0.117844 -0.008774 0.022398 0.173031 -0.984623
130.528000 5.053563 1.808635 0.112979 -0.008083 0.022652 0.148512 -0.988618
130.629000 5.058459 1.811365 0.121578 -0.008282 0.023377 0.123999 -0.991972
130.729000 5.059245 1.811149 0.114590 -0.007222 0.022860 0.099410 -0.994758
130.829000 5.059940 1.810464 0.119626 -0.006775 0.023297 0.074764 -0.996906
130.929000 5.053996 1.808172 0.111455 -0.005543 0.023146 0.049743 -0.998478
131.029000 5.052960 1.812440 0.114302 -0.005077 0.023113 0.024241 -0.999426
131.129000 5.057012 1.812629 0.113155 -0.004032 0.023521 -0.000487 -0.999715
131.231000 5.062697 1.808779 0.114011 -0.003803 0.023739 -0.024960 -0.999399
131.331000 5.061139 1.815762 0.110265 -0.002784 0.023561 -0.050268 -0.998454
131.430000 5.069709 1.810029 0.119007 -0.003030 0.023871 -0.074556 -0.996926
131.529000 5.069439 1.811714 0.116063 -0.002464 0.024107 -0.082055 -0.996333
131.629000 5.056708 1.814719 0.113307 -0.002410 0.023743 -0.081717 -0.996370
131.729000 5.062424 1.819183 0.125074 -0.003738 0.025052 -0.083626 -0.996175
131.830000 5.069448 1.813089 0.111358 -0.001897 0.024039 -0.084397 -0.996140
131.928000 5.076939 1.823570 0.111102 -0.002906 0.021347 -0.084949 -0.996152
132.028000 5.099584 1.818928 0.108648 -0.001950 0.022628 -0.080381 -0.996505
132.129000 5.098287 1.823883 0.122074 -0.003182 0.024420 -0.058855 -0.997963
132.228000 5.093101 1.820598 0.117303 -0.003571 0.023753 -0.034140 -0.999128
132.329000 5.089871 1.826569 0.116029 -0.004342 0.023832 -0.010493 -0.999651
132.429000 5.081418 1.823377 0.117635 -0.005243 0.023369 0.015692 -0.999590
132.530000 5.090960 1.826438 0.121202 -0.005832 0.024352 0.039922 -0.998889
132.630000 5.111210 1.818935 0.108025 -0.005253 0.023061 0.062737 -0.997750
132.729000 5.128005 1.814270 0.107732 -0.005505 0.023017 0.068729 -0.997355
132.828000 5.163476 1.808074 0.103272 -0.004383 0.022551 0.067861 -0.997430
132.929000 5.167806 1.809577 0.112590 -0.005420 0.022921 0.068609 -0.997366
133.030000 5.185634 1.801937 0.118165 -0.005642 0.023720 0.068148 -0.997377
133.129000 5.199849 1.796974 0.114533 -0.005026 0.023624 0.067947 -0.997397
133.229000 5.226550 1.799431 0.128832 -0.006700 0.023876 0.068629 -0.997334
133.329000 5.255548 1.798345 0.119805 -0.006143 0.023785 0.067756 -0.997399
133.431000 5.269414 1.797753 0.125003 -0.006443 0.023482 0.067984 -0.997389
133.530000 5.293182 1.794884 0.127955 -0.006629 0.024065 0.067945 -0.997377
133.636000 5.306445 1.789730 0.124851 -0.006018 0.024015 0.067873 -0.997387
133.730000 5.326939 1.793015 0.133963 -0.006619 0.024516 0.067920 -0.997368
133.830000 5.353965 1.784150 0.134865 -0.006171 0.024643 0.068068 -0.997357
133.929000 5.363289 1.789165 0.136323 -0.006374 0.024715 0.067499 -0.997393
134.029000 5.386110 1.785550 0.134702 -0.006626 0.024749 0.067631 -0.997381
134.129000 5.405973 1.775470 0.133166 -0.006465 0.024669 0.068397 -0.997332
134.230000 5.422014 1.775479 0.136844 -0.006873 0.024508 0.067831 -0.997372
134.329000 5.448764 1.774192 0.140870 -0.006773 0.025120 0.067951 -0.997349
134.429000 5.479012 1.769183 0.144952 -0.006859 0.025326 0.068370 -0.997315
134.528000 5.497229 1.768058 0.149716 -0.007159 0.025988 0.067906 -0.997328
134.629000 5.504288 1.770620 0.147558 -0.007168 0.025790 0.067100 -0.997387
134.729000 5.526315 1.762630 0.148121 -0.006468 0.025644 0.067906 -0.997341
134.830000 5.539345 1.765633 0.152521 -0.007018 0.025880 0.067331 -0.997370
134.931000 5.552162 1.764823 0.149991 -0.006399 0.025863 0.067011 -0.997396
135.033000 5.581377 1.753518 0.150268 -0.006173 0.026067 0.067235 -0.997378
135.130000 5.605456 1.748219 0.147998 -0.006222 0.025956 0.067541 -0.997359
135.229000 5.615435 1.751178 0.145119 -0.005903 0.025716 0.067142 -0.997395
135.328000 5.642116 1.736700 0.143738 -0.005867 0.025769 0.068449 -0.997304
135.429000 5.648407 1.750629 0.147223 -0.006250 0.025668 0.067046 -0.997400
135.529000 5.688577 1.741800 0.158594 -0.006701 0.026191 0.067696 -0.997340
135.629000 5.704193 1.744203 0.157943 -0.006452 0.026068 0.067765 -0.997340
135.732000 5.726304 1.740580 0.162644 -0.006908 0.026302 0.068009 -0.997314
135.829000 5.741687 1.727279 0.159356 -0.006431 0.025985 0.068062 -0.997322
135.929000 5.756352 1.727043 0.159281 -0.006239 0.025853 0.067958 -0.997334
136.030000 5.777810 1.724029 0.159839 -0.006179 0.025912 0.068246 -0.997313
136.129000 5.808972 1.715933 0.157334 -0.006094 0.026231 0.069037 -0.997251
136.229000 5.825696 1.720691 0.166836 -0.006328 0.026679 0.068209 -0.997294
136.329000 5.851127 1.713624 0.163245 -0.006038 0.026961 0.068441 -0.997273
136.430000 5.859299 1.712333 0.157263 -0.005776 0.026081 0.068145 -0.997318
136.530000 5.873186 1.718850 0.160245 -0.005996 0.026271 0.067709 -0.997341
136.629000 5.898708 1.718013 0.169817 -0.006435 0.026895 0.067269 -0.997352
136.731000 5.920477 1.707390 0.170046 -0.006553 0.026802 0.068341 -0.997280
136.829000 5.934266 1.709112 0.167857 -0.006441 0.026634 0.067393 -0.997350
136.929000 5.951834 1.706050 0.158149 -0.005289 0.025937 0.067687 -0.997355
137.035000 5.979070 1.701489 0.173911 -0.006370 0.027427 0.068095 -0.997281
137.129000 6.005892 1.696312 0.169373 -0.006066 0.027054 0.068044 -0.997297
137.232000 6.021110 1.692835 0.166915 -0.005820 0.027008 0.067915 -0.997309
137.330000 6.046933 1.693514 0.166653 -0.005748 0.027088 0.068553 -0.997263
137.429000 6.049019 1.696945 0.168146 -0.005730 0.027202 0.067363 -0.997341
137.529000 6.084869 1.682085 0.167237 -0.005799 0.026994 0.068350 -0.997279
137.629000 6.108034 1.681534 0.174268 -0.005642 0.027836 0.068441 -0.997251
137.730000 6.119573 1.678516 0.174562 -0.005834 0.027298 0.068563 -0.997256
137.828000 6.144392 1.671403 0.165746 -0.005256 0.026679 0.068676 -0.997268
137.929000 6.165217 1.668683 0.170426 -0.005507 0.027682 0.068263 -0.997268
138.028000 6.176179 1.670938 0.169074 -0.005170 0.027367 0.067877 -0.997305
138.129000 6.188665 1.671807 0.168145 -0.005081 0.026887 0.067355 -0.997354
138.229000 6.215203 1.665175 0.171962 -0.005773 0.026929 0.067883 -0.997313
138.330000 6.243074 1.660294 0.173658 -0.005484 0.026917 0.068487 -0.997274
138.429000 6.266977 1.658666 0.177296 -0.005670 0.027103 0.068248 -0.997284
138.529000 6.282820 1.651550 0.182005 -0.005820 0.027287 0.068678 -0.997249
138.630000 6.296364 1.656786 0.189737 -0.006330 0.028093 0.067708 -0.997289
138.729000 6.313118 1.657688 0.191685 -0.005991 0.028300 0.067656 -0.997289
138.829000 6.330720 1.653715 0.191448 -0.005867 0.027598 0.067642 -0.997311
138.929000 6.351387 1.651377 0.193344 -0.006039 0.027747 0.067507 -0.997315
139.029000 6.370647 1.646594 0.196155 -0.006221 0.028069 0.067554 -0.997301
139.129000 6.387171 1.643099 0.194373 -0.006161 0.027573 0.067678 -0.997307
139.229000 6.392324 1.642503 0.196730 -0.006411 0.028006 0.070397 -0.997105
139.331000 6.406849 1.640939 0.193586 -0.006697 0.027563 0.091452 -0.995405
139.429000 6.404319 1.636540 0.199008 -0.008407 0.027892 0.117122 -0.992690
139.530000 6.393530 1.649699 0.198980 -0.009039 0.027800 0.139756 -0.989754
139.628000 6.386822 1.645015 0.187812 -0.008739 0.026129 0.164976 -0.985913
139.729000 6.370453 1.652009 0.196687 -0.010304 0.026418 0.188053 -0.981750
139.829000 6.387476 1.642516 0.182394 -0.010046 0.026266 0.213090 -0.976628
139.928000 6.399682 1.638314 0.193929 -0.011265 0.026149 0.238491 -0.970727
140.029000 6.401984 1.639130 0.188798 -0.011470 0.025514 0.262227 -0.964601
140.129000 6.401600 1.639594 0.185448 -0.012154 0.025177 0.286392 -0.957704
140.229000 6.391479 1.641947 0.192344 -0.013505 0.025429 0.309466 -0.950475
140.328000 6.394931 1.641942 0.189205 -0.013435 0.024942 0.333044 -0.942486
140.429000 6.389529 1.645532 0.194313 -0.015079 0.024860 0.356302 -0.933918
140.530000 6.387817 1.644648 0.191722 -0.015077 0.024335 0.379483 -0.924756
140.631000 6.389392 1.640204 0.186157 -0.015353 0.023711 0.403181 -0.914684
140.729000 6.389762 1.638099 0.180560 -0.015901 0.023157 0.425589 -0.904480
140.829000 6.406480 1.640763 0.187159 -0.016827 0.023256 0.448177 -0.893484
140.929000 6.392362 1.643701 0.190605 -0.017777 0.022280 0.470118 -0.882143
141.031000 6.381180 1.648171 0.171643 -0.016748 0.022015 0.491399 -0.870495
141.130000 6.388562 1.649952 0.177320 -0.017859 0.022044 0.512457 -0.858244
141.229000 6.393126 1.645371 0.179810 -0.018074 0.020974 0.534241 -0.844878
141.330000 6.384844 1.649787 0.174367 -0.018314 0.020327 0.554974 -0.831418
141.429000 6.376193 1.652573 0.190658 -0.019928 0.020038 0.575013 -0.817656
141.528000 6.375141 1.647830 0.188868 -0.020518 0.019819 0.595203 -0.803069
141.630000 6.378976 1.641098 0.173686 -0.020644 0.020333 0.615343 -0.787727
141.729000 6.389906 1.629259 0.164658 -0.019536 0.019083 0.633731 -0.773071
141.829000 6.397535 1.607641 0.170871 -0.020426 0.018960 0.640576 -0.767389
141.929000 6.407324 1.586589 0.172194 -0.020281 0.019473 0.639495 -0.768281
142.029000 6.409153 1.575397 0.172112 -0.020066 0.019003 0.639684 -0.768141
142.129000 6.401611 1.559250 0.180699 -0.020966 0.019504 0.639037 -0.768643
142.229000 6.404888 1.531207 0.175184 -0.019770 0.018695 0.639356 -0.768429
142.329000 6.429593 1.500472 0.170657 -0.020034 0.019710 0.640705 -0.767273
142.429000 6.420456 1.497816 0.178110 -0.020916 0.019391 0.639260 -0.768462
142.530000 6.414191 1.471195 0.161159 -0.018408 0.018455 0.639371 -0.768456
142.629000 6.420357 1.455609 0.178115 -0.020359 0.019657 0.638658 -0.768970
142.730000 6.416416 1.445206 0.175977 -0.019884 0.019235 0.638497 -0.769127
142.829000 6.431490 1.419125 0.175953 -0.020117 0.019804 0.639280 -0.768456
142.929000 6.429119 1.399330 0.174922 -0.020313 0.020359 0.638843 -0.768799
143.029000 6.436184 1.376500 0.179451 -0.020431 0.019430 0.639531 -0.768248
143.130000 6.445235 1.357754 0.178386 -0.020103 0.019123 0.639456 -0.768327
143.230000 6.453861 1.331656 0.171027 -0.019406 0.019958 0.639775 -0.768058
143.329000 6.453130 1.319438 0.178597 -0.019587 0.018360 0.639892 -0.767996
143.428000 6.442910 1.323772 0.178820 -0.019644 0.019767 0.634763 -0.772204
143.528000 6.450968 1.321173 0.184618 -0.019522 0.019831 0.617540 -0.786047
143.628000 6.448340 1.309988 0.156820 -0.016337 0.022809 0.596871 -0.801846
143.729000 6.450498 1.298118 0.179238 -0.017767 0.021048 0.581756 -0.812896
143.830000 6.453801 1.284872 0.168976 -0.016965 0.020807 0.578022 -0.815579
143.928000 6.470381 1.252380 0.186034 -0.018384 0.020916 0.579897 -0.814213
144.029000 6.474830 1.247183 0.173971 -0.017518 0.021594 0.577664 -0.815801
144.130000 6.480713 1.221415 0.174097 -0.017353 0.020905 0.578630 -0.815138
144.229000 6.491755 1.197841 0.182736 -0.018136 0.021361 0.579170 -0.814725
144.329000 6.492303 1.185697 0.169293 -0.016764 0.021000 0.578010 -0.815587
144.430000 6.490073 1.170174 0.184794 -0.018074 0.021383 0.577567 -0.815863
144.529000 6.504039 1.144812 0.181463 -0.017271 0.021856 0.578616 -0.815124
144.631000 6.508795 1.123096 0.182114 -0.016883 0.021396 0.579258 -0.814688
144.730000 6.520992 1.104641 0.181699 -0.017120 0.021495 0.579118 -0.814780
144.829000 6.524384 1.097894 0.178466 -0.016536 0.021968 0.578575 -0.815166
144.929000 6.532458 1.096223 0.181265 -0.016564 0.021362 0.573898 -0.818480
145.032000 6.528788 1.087631 0.176945 -0.015814 0.022058 0.560985 -0.827381
145.129000 6.526616 1.076319 0.182159 -0.015753 0.022015 0.555096 -0.831345
145.230000 6.538839 1.057165 0.182314 -0.015922 0.021555 0.556255 -0.830580
145.329000 6.555084 1.026239 0.175881 -0.015639 0.022436 0.556105 -0.830662
145.429000 6.555995 1.014481 0.173325 -0.015319 0.022214 0.555654 -0.830976
145.531000 6.570325 0.995268 0.180180 -0.015780 0.022998 0.556053 -0.830678
145.630000 6.576011 0.980500 0.176754 -0.015133 0.022496 0.555495 -0.831078
145.730000 6.582782 0.959377 0.178907 -0.015238 0.022867 0.556478 -0.830408
145.829000 6.592048 0.939980 0.175497 -0.014664 0.023330 0.556230 -0.830572
145.929000 6.605813 0.918505 0.181086 -0.015001 0.023489 0.556824 -0.830163
146.029000 6.608357 0.903115 0.193340 -0.016180 0.023262 0.555754 -0.830864
146.131000 6.622950 0.881626 0.197642 -0.016312 0.023128 0.556368 -0.830454
146.232000 6.628376 0.861373 0.196556 -0.016153 0.023554 0.556300 -0.830490
146.328000 6.626809 0.851610 0.195840 -0.016218 0.023096 0.555646 -0.830940
146.432000 6.638398 0.832486 0.199695 -0.016713 0.023106 0.556243 -0.830530
146.530000 6.647096 0.806648 0.196141 -0.015853 0.023258 0.556356 -0.830467
146.638000 6.655662 0.794395 0.204772 -0.017012 0.024641 0.555797 -0.830779
146.729000 6.662636 0.780396 0.202502 -0.016656 0.024670 0.556023 -0.830634
146.828000 6.662649 0.759752 0.197653 -0.016144 0.023871 0.555577 -0.830965
146.929000 6.676701 0.738792 0.200464 -0.016588 0.023240 0.556205 -0.830555
147.031000 6.677992 0.715644 0.198536 -0.016038 0.023600 0.555672 -0.830912
147.131000 6.695360 0.697790 0.193928 -0.015552 0.023246 0.556415 -0.830434
147.231000 6.694352 0.679866 0.183746 -0.014422 0.023205 0.555796 -0.830870
147.329000 6.702620 0.664159 0.181950 -0.015015 0.023531 0.555932 -0.830759
147.428000 6.715579 0.640729 0.194701 -0.015454 0.023860 0.556455 -0.830391
147.529000 6.724870 0.618198 0.199667 -0.015664 0.024282 0.556431 -0.830391
147.629000 6.725220 0.607594 0.201924 -0.015796 0.024821 0.555580 -0.830942
147.730000 6.744896 0.581350 0.199141 -0.015785 0.025348 0.556624 -0.830228
147.830000 6.751952 0.557464 0.189648 -0.014945 0.025010 0.556656 -0.830232
147.930000 6.757103 0.537927 0.182323 -0.014470 0.024037 0.556847 -0.830141
148.030000 6.756338 0.532191 0.184225 -0.014153 0.024427 0.555689 -0.830911
148.129000 6.758829 0.515987 0.190945 -0.014509 0.025428 0.555507 -0.830997
148.229000 6.760266 0.499168 0.192475 -0.014569 0.024968 0.555554 -0.830978
148.330000 6.785719 0.481513 0.190926 -0.014199 0.025326 0.556250 -0.830507
148.429000 6.796923 0.457692 0.194896 -0.014149 0.025270 0.556301 -0.830476
148.531000 6.791338 0.442472 0.190147 -0.013427 0.025484 0.555683 -0.830895
148.629000 6.806249 0.422446 0.202868 -0.014327 0.025769 0.555838 -0.830767
148.729000 6.810538 0.405751 0.199286 -0.013958 0.025869 0.555843 -0.830768
148.830000 6.808645 0.388167 0.196121 -0.014159 0.025876 0.554414 -0.831718
148.930000 6.819302 0.369079 0.204286 -0.014289 0.026126 0.554977 -0.831332
149.028000 6.831309 0.352083 0.206043 -0.014483 0.026003 0.555483 -0.830995
149.129000 6.832601 0.326810 0.197170 -0.013393 0.026110 0.555521 -0.830984
149.230000 6.837385 0.315140 0.198211 -0.013224 0.026529 0.554947 -0.831357
149.329000 6.847770 0.297261 0.204793 -0.013872 0.026535 0.555536 -0.830953
149.428000 6.862252 0.281108 0.206254 -0.013971 0.026860 0.555328 -0.831080
149.529000 6.866936 0.257195 0.201462 -0.014007 0.026539 0.555591 -0.830914
149.630000 6.881955 0.233986 0.212979 -0.014688 0.026864 0.556036 -0.830594
149.728000 6.884284 0.223250 0.208006 -0.013845 0.026877 0.555443 -0.831005
149.829000 6.895468 0.196072 0.203899 -0.013497 0.026705 0.556419 -0.830363
149.934000 6.904136 0.181167 0.211595 -0.013639 0.027013 0.555835 -0.830742
150.032000 6.914344 0.157990 0.210665 -0.013513 0.026317 0.556482 -0.830333
150.130000 6.927904 0.142020 0.209160 -0.014346 0.027215 0.556162 -0.830504
150.231000 6.939568 0.120409 0.207848 -0.013638 0.026459 0.556299 -0.830449
150.333000 6.930344 0.104185 0.199968 -0.012867 0.025976 0.555634 -0.830921
150.430000 6.932905 0.084983 0.200295 -0.013303 0.026338 0.556124 -0.830575
150.531000 6.944080 0.068408 0.202156 -0.013282 0.026861 0.555641 -0.830882
150.632000 6.953146 0.052230 0.204081 -0.013803 0.026544 0.555323 -0.831096
150.731000 6.952573 0.035607 0.202145 -0.012816 0.026080 0.555618 -0.830930
150.831000 6.956416 0.021146 0.196664 -0.012295 0.026024 0.554927 -0.831401
150.930000 6.958656 0.005320 0.211021 -0.012973 0.026591 0.554244 -0.831828
151.030000 6.961193 -0.008352 0.213039 -0.013832 0.026378 0.554885 -0.831394
151.131000 6.960788 -0.010761 0.206368 -0.012421 0.026962 0.564111 -0.825165
151.231000 6.962143 -0.005919 0.186969 -0.012685 0.024318 0.585745 -0.810031
151.330000 6.974402 -0.007631 0.194463 -0.014686 0.024424 0.605734 -0.795157
151.431000 6.967057 0.000598 0.186962 -0.014276 0.023597 0.624590 -0.780465
151.531000 6.961675 -0.011405 0.201527 -0.016238 0.023704 0.645492 -0.763226
151.630000 6.952779 -0.003898 0.184424 -0.015115 0.023037 0.661848 -0.749132
151.730000 6.969539 -0.016363 0.193379 -0.015978 0.023424 0.682561 -0.730278
151.831000 6.972237 -0.013750 0.208826 -0.017862 0.023110 0.700155 -0.713393
151.933000 6.979992 -0.013036 0.211303 -0.017740 0.022503 0.705969 -0.707663
152.030000 6.972984 -0.016798 0.215673 -0.018589 0.024930 0.705426 -0.708101
152.130000 6.974272 -0.030611 0.211454 -0.018612 0.023467 0.707012 -0.706567
152.231000 6.962589 -0.042416 0.214644 -0.018841 0.023622 0.705519 -0.708047
152.330000 6.975079 -0.084301 0.176509 -0.014667 0.021367 0.707084 -0.706654
152.429000 6.983454 -0.108771 0.192165 -0.016941 0.023000 0.707664 -0.705972
152.529000 6.983488 -0.116733 0.207242 -0.017977 0.023385 0.706816 -0.706782
152.631000 6.982592 -0.139265 0.198858 -0.017162 0.023163 0.707352 -0.706274
152.731000 6.981659 -0.147821 0.204549 -0.017704 0.022848 0.706800 -0.706822
152.830000 6.978143 -0.168159 0.196307 -0.016490 0.022690 0.706499 -0.707158
152.929000 6.977754 -0.190026 0.196764 -0.016853 0.022838 0.706980 -0.706663
153.031000 6.975239 -0.210990 0.192311 -0.015958 0.021912 0.706868 -0.706826
153.130000 6.969278 -0.228049 0.198071 -0.016356 0.022294 0.707019 -0.706653
153.231000 6.966396 -0.239050 0.198085 -0.016409 0.022967 0.705669 -0.707979
153.331000 6.972643 -0.266956 0.200858 -0.016396 0.023384 0.706123 -0.707513
153.430000 6.974951 -0.290986 0.203486 -0.016432 0.024088 0.706726 -0.706887
153.533000 6.973546 -0.311346 0.208485 -0.016235 0.023842 0.706817 -0.706808
153.632000 6.977177 -0.327624 0.201406 -0.016240 0.023547 0.706475 -0.707160
153.730000 6.980509 -0.350801 0.205406 -0.017115 0.022926 0.706661 -0.706974
153.830000 6.978969 -0.367270 0.211109 -0.017607 0.024261 0.706724 -0.706854
153.930000 6.975092 -0.393794 0.214210 -0.017164 0.024357 0.706739 -0.706847
154.030000 6.976196 -0.410240 0.208545 -0.016867 0.024570 0.706800 -0.706785
154.131000 6.977088 -0.423565 0.198233 -0.016545 0.022933 0.706476 -0.707172
154.230000 6.979932 -0.444859 0.202402 -0.016307 0.022770 0.706634 -0.707024
154.330000 6.981100 -0.462579 0.206584 -0.017272 0.023292 0.706337 -0.707282
154.431000 6.977262 -0.491393 0.209117 -0.017988 0.023051 0.706533 -0.707076
154.530000 6.981952 -0.505342 0.214152 -0.017628 0.023509 0.706432 -0.707171
154.630000 6.986646 -0.528275 0.210975 -0.016690 0.023958 0.706439 -0.707171
154.730000 6.981468 -0.544220 0.210924 -0.016404 0.023909 0.706293 -0.707326
154.830000 6.974940 -0.562758 0.209883 -0.016056 0.024698 0.706083 -0.707516
154.930000 6.969017 -0.581425 0.215812 -0.016305 0.024083 0.706016 -0.707598
155.030000 6.969060 -0.610554 0.206704 -0.015893 0.023242 0.706605 -0.707048
155.130000 6.969509 -0.627035 0.214237 -0.016244 0.023974 0.705962 -0.707658
155.230000 6.969190 -0.643867 0.216067 -0.016433 0.023772 0.706285 -0.707338
155.330000 6.968591 -0.654321 0.212323 -0.016114 0.023680 0.705916 -0.707716
155.430000 6.963741 -0.677931 0.216128 -0.016397 0.023915 0.705646 -0.707971
155.532000 6.970015 -0.701433 0.209491 -0.015702 0.024019 0.705863 -0.707767
155.629000 6.972578 -0.725573 0.209148 -0.015827 0.024243 0.706030 -0.707590
155.729000 6.973082 -0.740440 0.214099 -0.016102 0.024155 0.706118 -0.707499
155.830000 6.961806 -0.755606 0.214071 -0.016142 0.023895 0.705292 -0.708331
155.930000 6.964324 -0.780259 0.219362 -0.016175 0.024738 0.705701 -0.707893
156.029000 6.962938 -0.801240 0.216764 -0.016331 0.024526 0.705893 -0.707705
156.129000 6.964676 -0.825717 0.213832 -0.015991 0.024374 0.706018 -0.707594
156.229000 6.964118 -0.840433 0.213947 -0.015718 0.024855 0.705962 -0.707639
156.329000 6.963010 -0.855567 0.210842 -0.015404 0.024922 0.705845 -0.707760
156.431000 6.967836 -0.885976 0.209285 -0.014798 0.024590 0.706612 -0.707019
156.530000 6.962255 -0.909247 0.213677 -0.015208 0.025075 0.706110 -0.707494
156.630000 6.961840 -0.923766 0.205804 -0.015394 0.024194 0.706099 -0.707532
156.729000 6.959537 -0.940712 0.203961 -0.015189 0.023460 0.706090 -0.707571
156.831000 6.964119 -0.964142 0.206136 -0.015802 0.023758 0.706330 -0.707308
156.930000 6.957848 -0.985369 0.201834 -0.015760 0.023026 0.705965 -0.707696
157.029000 6.959898 -1.002099 0.201005 -0.016200 0.022699 0.706076 -0.707587
157.130000 6.964199 -1.019932 0.202615 -0.016146 0.022327 0.706229 -0.707448
157.232000 6.967019 -1.038152 0.205609 -0.015259 0.022375 0.706444 -0.707250
157.331000 6.961781 -1.061103 0.202871 -0.015533 0.022357 0.706343 -0.707346
157.431000 6.961008 -1.072116 0.200640 -0.015086 0.023025 0.705608 -0.708068
157.531000 6.960931 -1.105878 0.201378 -0.014894 0.022334 0.706300 -0.707403
157.631000 6.963691 -1.122821 0.207334 -0.016283 0.022923 0.706287 -0.707367
157.735000 6.962339 -1.139043 0.218661 -0.016128 0.022490 0.705751 -0.707919
157.831000 6.969947 -1.157794 0.224985 -0.017495 0.023798 0.706189 -0.707407
157.930000 6.966855 -1.172325 0.213001 -0.016083 0.023792 0.705572 -0.708056
158.030000 6.963038 -1.195018 0.222739 -0.015988 0.024071 0.705650 -0.707971
158.130000 6.970031 -1.241017 0.218606 -0.016015 0.024608 0.707055 -0.706549
158.230000 6.968880 -1.260401 0.217648 -0.015438 0.025222 0.706968 -0.706627
158.330000 6.968027 -1.270255 0.218727 -0.015372 0.025060 0.706805 -0.706798
158.430000 6.970204 -1.290830 0.219652 -0.015489 0.024650 0.706898 -0.706716
158.530000 6.969283 -1.311287 0.216408 -0.014982 0.024609 0.706589 -0.707038
158.629000 6.969002 -1.328607 0.223679 -0.015954 0.026345 0.706324 -0.707219
158.729000 6.975911 -1.348817 0.219273 -0.015218 0.025653 0.706579 -0.707005
158.829000 6.977960 -1.370008 0.220541 -0.015063 0.025375 0.706990 -0.706608
158.929000 6.971019 -1.387617 0.222508 -0.015301 0.025420 0.706644 -0.706947
159.029000 6.969629 -1.416853 0.220587 -0.015036 0.025540 0.707295 -0.706297
159.130000 6.974425 -1.424984 0.220606 -0.015213 0.024978 0.706642 -0.706967
159.230000 6.982173 -1.446544 0.220316 -0.015350 0.026346 0.706860 -0.706696
159.331000 6.985681 -1.463689 0.216048 -0.014474 0.025379 0.707031 -0.706578
159.431000 6.981053 -1.489995 0.216282 -0.014826 0.025548 0.707132 -0.706464
159.532000 6.978334 -1.515883 0.216742 -0.014389 0.025337 0.707302 -0.706311
159.630000 6.980220 -1.534178 0.217800 -0.014490 0.025428 0.707402 -0.706205
159.731000 6.973390 -1.546557 0.215502 -0.015196 0.025070 0.706741 -0.706864
159.830000 6.966785 -1.566644 0.214954 -0.014804 0.024792 0.707117 -0.706506
159.930000 6.970228 -1.594168 0.215475 -0.015208 0.024610 0.707422 -0.706199
160.030000 6.965766 -1.604677 0.212108 -0.014715 0.024768 0.706611 -0.707015
160.130000 6.965099 -1.623313 0.209242 -0.014661 0.024427 0.706724 -0.706915
160.230000 6.959436 -1.650647 0.211579 -0.014362 0.024698 0.706978 -0.706658
160.330000 6.963997 -1.661132 0.208170 -0.014329 0.023920 0.706737 -0.706927
160.430000 6.969104 -1.693774 0.209305 -0.014004 0.024367 0.706980 -0.706675
160.530000 6.965033 -1.717151 0.206669 -0.013526 0.023956 0.707688 -0.705990
160.631000 6.959819 -1.736010 0.211842 -0.013669 0.024309 0.707382 -0.706281
160.735000 6.951081 -1.746047 0.208699 -0.013381 0.023972 0.705954 -0.707725
160.832000 6.956765 -1.751704 0.210041 -0.013235 0.023935 0.705788 -0.707895
160.933000 6.957404 -1.784081 0.213017 -0.013093 0.024114 0.706733 -0.706948
161.034000 6.956546 -1.798184 0.211657 -0.013051 0.023732 0.706294 -0.707400
161.138000 6.963052 -1.818646 0.215398 -0.013574 0.024106 0.706204 -0.707467
161.232000 6.970949 -1.840982 0.219401 -0.013693 0.024258 0.706725 -0.706940
161.334000 6.965193 -1.855604 0.219914 -0.014083 0.024213 0.705823 -0.707835
161.432000 6.964318 -1.879216 0.219610 -0.013770 0.024675 0.706291 -0.707358
161.533000 6.963024 -1.899059 0.222670 -0.013403 0.024739 0.705837 -0.707815
161.633000 6.956634 -1.915766 0.223948 -0.013874 0.024084 0.705573 -0.708092
161.732000 6.957140 -1.932744 0.225903 -0.014241 0.023756 0.705852 -0.707818
161.832000 6.955751 -1.950608 0.226683 -0.014243 0.024528 0.705523 -0.708120
161.931000 6.955829 -1.970373 0.226709 -0.013761 0.024681 0.705287 -0.708358
162.032000 6.962283 -2.000694 0.223858 -0.013458 0.024051 0.706035 -0.707641
162.133000 6.961746 -2.024739 0.225093 -0.013084 0.024445 0.706594 -0.707076
162.233000 6.958182 -2.046540 0.224944 -0.012835 0.024441 0.706708 -0.706967
162.332000 6.960336 -2.061044 0.221691 -0.012483 0.024286 0.706356 -0.707330
162.431000 6.968151 -2.084875 0.225784 -0.013049 0.024242 0.707027 -0.706650
162.532000 6.971701 -2.113243 0.220517 -0.012704 0.023463 0.707304 -0.706406
162.632000 6.966809 -2.127368 0.219040 -0.012602 0.023337 0.706671 -0.707045
162.732000 6.969633 -2.144344 0.221182 -0.012628 0.023322 0.706679 -0.707037
162.832000 6.965732 -2.157218 0.221463 -0.012855 0.022983 0.705913 -0.707808
162.932000 6.971875 -2.182520 0.223241 -0.013092 0.022889 0.706564 -0.707157
163.032000 6.971142 -2.205985 0.223182 -0.012999 0.022528 0.706842 -0.706893
163.132000 6.966133 -2.220826 0.225227 -0.013251 0.023601 0.706463 -0.707232
163.231000 6.968435 -2.245287 0.218235 -0.013362 0.022074 0.706753 -0.706990
163.334000 6.965018 -2.262293 0.212571 -0.013461 0.021634 0.706376 -0.707378
163.435000 6.965573 -2.277417 0.216826 -0.013589 0.021989 0.706050 -0.707690
163.533000 6.969132 -2.305580 0.217361 -0.013117 0.022146 0.706629 -0.707116
163.633000 6.965847 -2.314322 0.217948 -0.013347 0.022614 0.705747 -0.707977
163.733000 6.961573 -2.320641 0.218887 -0.013519 0.022404 0.704933 -0.708791
163.834000 6.977106 -2.349575 0.220434 -0.013376 0.022572 0.705764 -0.707961
163.932000 6.972312 -2.362040 0.223440 -0.013799 0.022930 0.705501 -0.708204
164.035000 6.964312 -2.380464 0.225265 -0.012969 0.022989 0.705146 -0.708571
164.132000 6.969892 -2.407077 0.220715 -0.012451 0.022692 0.705681 -0.708056
164.231000 6.960549 -2.429859 0.218388 -0.012608 0.022151 0.705766 -0.707986
164.331000 6.967326 -2.449709 0.218735 -0.013063 0.021943 0.705467 -0.708283
164.432000 6.959880 -2.469844 0.215622 -0.012550 0.021935 0.705347 -0.708411
164.532000 6.961825 -2.494838 0.219678 -0.012354 0.022732 0.705652 -0.708086
164.632000 6.958243 -2.512125 0.220285 -0.012209 0.023388 0.705394 -0.708324
164.732000 6.966139 -2.537827 0.219151 -0.011775 0.023371 0.705919 -0.707809
164.833000 6.968934 -2.560078 0.214319 -0.011798 0.022739 0.706036 -0.707713
164.933000 6.969713 -2.575125 0.222308 -0.012098 0.023180 0.705751 -0.707978
165.032000 6.973844 -2.600073 0.226488 -0.012161 0.023054 0.706291 -0.707441
165.133000 6.977448 -2.623824 0.224864 -0.012267 0.022886 0.706579 -0.707158
165.233000 6.971071 -2.642695 0.227600 -0.012043 0.023319 0.706266 -0.707460
165.332000 6.970980 -2.655038 0.221805 -0.012589 0.021862 0.706012 -0.707750
165.433000 6.969919 -2.674576 0.214982 -0.012490 0.021331 0.706106 -0.707675
165.532000 6.968150 -2.699057 0.226791 -0.012600 0.023012 0.706286 -0.707440
165.633000 6.971188 -2.716591 0.231772 -0.012880 0.023342 0.705848 -0.707862
165.732000 6.967442 -2.736722 0.229403 -0.011526 0.023286 0.705876 -0.707858
165.831000 6.971256 -2.752878 0.230112 -0.011246 0.023876 0.705825 -0.707894
165.932000 6.970229 -2.770536 0.230543 -0.011152 0.023783 0.705965 -0.707759
166.032000 6.970092 -2.785174 0.229119 -0.011063 0.023581 0.705312 -0.708418
166.132000 6.967477 -2.806583 0.220906 -0.011519 0.022629 0.705631 -0.708124
166.232000 6.968726 -2.835948 0.229329 -0.012242 0.022549 0.706281 -0.707467
166.332000 6.969140 -2.857788 0.227636 -0.011576 0.022912 0.706346 -0.707402
166.432000 6.971065 -2.878770 0.227440 -0.011664 0.022420 0.706402 -0.707360
166.532000 6.966098 -2.908883 0.219836 -0.011442 0.022081 0.706862 -0.706914
166.631000 6.968823 -2.922899 0.228964 -0.012045 0.023057 0.706465 -0.707269
166.733000 6.964723 -2.940565 0.227762 -0.011757 0.022323 0.706036 -0.707727
166.832000 6.965200 -2.955239 0.223957 -0.011429 0.022207 0.705837 -0.707934
166.933000 6.969335 -2.973940 0.229206 -0.011282 0.023076 0.705966 -0.707780
167.032000 6.973509 -3.001755 0.222235 -0.011109 0.022610 0.706195 -0.707569
167.132000 6.976207 -3.023601 0.228080 -0.011142 0.022612 0.706462 -0.707302
167.232000 6.974279 -3.039885 0.231489 -0.011070 0.023375 0.705830 -0.707909
167.332000 6.975949 -3.060903 0.236084 -0.011064 0.024097 0.706370 -0.707346
167.432000 6.978027 -3.081912 0.230899 -0.011198 0.023892 0.706243 -0.707478
167.532000 6.972208 -3.096645 0.236271 -0.010937 0.024148 0.705228 -0.708484
167.632000 6.975210 -3.124442 0.238730 -0.011325 0.024388 0.705831 -0.707870
167.732000 6.969944 -3.140547 0.240402 -0.011427 0.024030 0.705962 -0.707750
167.833000 6.963746 -3.160282 0.243161 -0.010924 0.025026 0.706495 -0.707191
167.932000 6.969789 -3.191461 0.249503 -0.011152 0.025489 0.707287 -0.706379
168.033000 6.967882 -3.202238 0.243167 -0.010758 0.024935 0.705889 -0.707802
168.133000 6.972574 -3.224664 0.246838 -0.011091 0.025509 0.706155 -0.707510
168.232000 6.976115 -3.243138 0.241267 -0.011383 0.024786 0.706062 -0.707624
168.332000 6.974209 -3.259111 0.245768 -0.011162 0.024778 0.705942 -0.707748
168.433000 6.977335 -3.284449 0.243564 -0.011312 0.024452 0.706114 -0.707585
168.533000 6.976608 -3.299547 0.246782 -0.011532 0.024801 0.705786 -0.707897
168.634000 6.973672 -3.321310 0.248851 -0.011503 0.025046 0.706231 -0.707445
168.732000 6.975712 -3.340529 0.247499 -0.011843 0.025238 0.705927 -0.707736
168.835000 6.978757 -3.365155 0.242623 -0.011601 0.024685 0.706088 -0.707598
168.934000 6.971900 -3.372301 0.241944 -0.012010 0.024045 0.705287 -0.708412
169.031000 6.975335 -3.407208 0.244988 -0.011732 0.024436 0.706082 -0.707611
169.132000 6.973364 -3.427175 0.244965 -0.011193 0.024625 0.705857 -0.707837
169.232000 6.979943 -3.436915 0.244931 -0.011444 0.025519 0.705466 -0.708192
169.332000 6.977027 -3.456463 0.243526 -0.011322 0.025124 0.705643 -0.708032
169.433000 6.975611 -3.477556 0.240045 -0.010865 0.024118 0.705686 -0.708031
169.533000 6.972091 -3.499848 0.245047 -0.010575 0.024663 0.705835 -0.707868
169.632000 6.969428 -3.520472 0.239478 -0.010663 0.024156 0.706136 -0.707584
169.732000 6.976788 -3.532815 0.244410 -0.010401 0.024440 0.705740 -0.707973
169.832000 6.978380 -3.557159 0.238684 -0.010557 0.023714 0.705840 -0.707895
169.933000 6.973691 -3.576220 0.244768 -0.010157 0.024997 0.705517 -0.708180
170.032000 6.973341 -3.596596 0.245598 -0.010105 0.024612 0.705684 -0.708027
170.133000 6.972302 -3.623974 0.247620 -0.010242 0.024720 0.706102 -0.707604
170.233000 6.975887 -3.641340 0.251755 -0.010159 0.026014 0.706057 -0.707604
170.333000 6.975340 -3.650132 0.243331 -0.009821 0.024592 0.705354 -0.708361
170.433000 6.972932 -3.674058 0.243942 -0.009746 0.025056 0.705290 -0.708409
170.535000 6.972001 -3.695471 0.242567 -0.009060 0.025130 0.705178 -0.708527
170.634000 6.971367 -3.719962 0.240246 -0.008844 0.025529 0.705565 -0.708130
170.737000 6.972925 -3.742001 0.239515 -0.008531 0.026167 0.705688 -0.707988
170.832000 6.973237 -3.761762 0.240593 -0.009186 0.025719 0.705579 -0.708105
170.932000 6.972707 -3.781566 0.238573 -0.009176 0.025528 0.705891 -0.707801
171.032000 6.975412 -3.807836 0.241451 -0.009291 0.025821 0.706388 -0.707293
171.135000 6.970426 -3.831334 0.251461 -0.009795 0.025820 0.706705 -0.706969
171.233000 6.975034 -3.847751 0.249508 -0.009412 0.025514 0.706594 -0.707097
171.335000 6.974260 -3.868612 0.246529 -0.009298 0.025795 0.706465 -0.707217
171.432000 6.984017 -3.880820 0.242790 -0.009347 0.025483 0.705928 -0.707763
171.532000 6.972758 -3.901881 0.246548 -0.009372 0.025703 0.706319 -0.707364
171.633000 6.976321 -3.918507 0.249806 -0.008968 0.025923 0.705605 -0.708074
171.733000 6.978353 -3.929736 0.241107 -0.008628 0.025617 0.704839 -0.708852
171.832000 6.978207 -3.957732 0.243950 -0.008775 0.025624 0.705725 -0.707968
171.933000 6.967324 -3.980004 0.238076 -0.008435 0.025284 0.706093 -0.707618
172.033000 6.978246 -3.994519 0.244742 -0.008227 0.025539 0.705469 -0.708233
172.133000 6.970153 -4.025492 0.245818 -0.008470 0.024670 0.706380 -0.707352
172.231000 6.969850 -4.049625 0.244352 -0.008695 0.024702 0.707111 -0.706618
172.332000 6.978875 -4.061660 0.248338 -0.009110 0.024885 0.705788 -0.707927
172.432000 6.973762 -4.087068 0.251423 -0.008565 0.025294 0.706097 -0.707611
172.532000 6.976354 -4.089319 0.251442 -0.008253 0.025766 0.705447 -0.708246
172.638000 6.980553 -4.117952 0.254055 -0.008886 0.025499 0.705613 -0.708082
172.732000 6.980618 -4.136850 0.259491 -0.008731 0.025491 0.706189 -0.707511
172.833000 6.978840 -4.154088 0.267303 -0.009002 0.025872 0.705688 -0.707993
172.932000 6.974718 -4.170231 0.265437 -0.008940 0.025267 0.705876 -0.707828
173.032000 6.980006 -4.199030 0.258402 -0.007933 0.026447 0.705814 -0.707859
173.134000 6.978081 -4.222346 0.256682 -0.007779 0.026091 0.705924 -0.707764
173.234000 6.976722 -4.239872 0.260182 -0.007975 0.026571 0.705998 -0.707670
173.332000 6.984107 -4.260276 0.271970 -0.008194 0.026850 0.705574 -0.708080
173.432000 6.978056 -4.281037 0.270903 -0.008487 0.026643 0.705942 -0.707717
173.532000 6.982995 -4.303397 0.263655 -0.007953 0.026545 0.706279 -0.707391
173.635000 6.979857 -4.325506 0.268016 -0.007817 0.026632 0.706229 -0.707440
173.733000 6.976138 -4.344029 0.269411 -0.008319 0.026423 0.706199 -0.707471
173.833000 6.981914 -4.355107 0.269470 -0.007806 0.026476 0.705335 -0.708337
173.932000 6.977628 -4.380707 0.265203 -0.007298 0.026588 0.705928 -0.707747
174.033000 6.979806 -4.396446 0.269261 -0.008303 0.027916 0.705635 -0.707976
174.132000 6.977985 -4.422313 0.277688 -0.007860 0.028359 0.705831 -0.707769
174.234000 6.978216 -4.446996 0.282223 -0.007284 0.028893 0.705859 -0.707726
174.332000 6.986359 -4.461481 0.272026 -0.007252 0.027789 0.705546 -0.708082
174.432000 6.985397 -4.477861 0.269199 -0.007208 0.027656 0.705751 -0.707884
174.532000 6.982589 -4.486538 0.269984 -0.007235 0.027637 0.705085 -0.708547
174.633000 6.975389 -4.508680 0.274145 -0.007069 0.027994 0.705247 -0.708373
174.733000 6.972364 -4.536414 0.276179 -0.006769 0.027774 0.705076 -0.708555
174.832000 6.973505 -4.558632 0.276479 -0.007002 0.027746 0.705946 -0.707688
174.933000 6.970726 -4.572040 0.265779 -0.006864 0.026339 0.705358 -0.708329
175.034000 6.977082 -4.587148 0.267058 -0.006515 0.027154 0.705037 -0.708621
175.133000 6.971302 -4.615870 0.269129 -0.006770 0.027120 0.705686 -0.707973
175.233000 6.971207 -4.642806 0.267226 -0.007059 0.026677 0.705842 -0.707832
175.334000 6.977407 -4.657527 0.266489 -0.006933 0.026461 0.705543 -0.708139
175.434000 6.977843 -4.686403 0.261214 -0.006798 0.026079 0.705867 -0.707831
175.534000 6.975094 -4.698117 0.266781 -0.007396 0.026420 0.706135 -0.707546
175.632000 6.969923 -4.719599 0.267512 -0.007334 0.025688 0.706228 -0.707480
175.733000 6.983449 -4.739516 0.276423 -0.007725 0.026584 0.705705 -0.707965
175.833000 6.985574 -4.757786 0.274021 -0.007113 0.027192 0.705655 -0.707998
175.934000 6.979102 -4.779276 0.277880 -0.007286 0.027648 0.705916 -0.707718
176.033000 6.986491 -4.787166 0.276664 -0.007082 0.027128 0.704856 -0.708796
176.133000 6.984247 -4.821832 0.286168 -0.006410 0.028561 0.705797 -0.707809
176.232000 6.983663 -4.841218 0.290896 -0.006492 0.028719 0.705483 -0.708115
176.332000 6.982001 -4.852845 0.291079 -0.006762 0.028428 0.705192 -0.708414
176.431000 6.976204 -4.873639 0.288834 -0.006239 0.028524 0.705314 -0.708294
176.533000 6.976411 -4.892147 0.282407 -0.005392 0.028557 0.705047 -0.708565
176.631000 6.981398 -4.905928 0.285291 -0.006376 0.028648 0.704382 -0.709214
176.734000 6.981241 -4.926209 0.287557 -0.005859 0.028953 0.704686 -0.708904
176.832000 6.976422 -4.942281 0.281648 -0.005742 0.028417 0.704756 -0.708858
176.932000 6.982004 -4.971142 0.291311 -0.005802 0.029317 0.704681 -0.708895
177.032000 6.982578 -4.993216 0.293949 -0.005287 0.029155 0.704793 -0.708794
177.131000 6.972426 -5.012648 0.281392 -0.005473 0.028397 0.705296 -0.708323
177.232000 6.975084 -5.035959 0.270777 -0.005346 0.027614 0.705696 -0.707956
177.332000 6.977587 -5.053926 0.278202 -0.005179 0.028245 0.705377 -0.708250
177.432000 6.978491 -5.070708 0.274501 -0.004760 0.028108 0.705159 -0.708475
177.534000 6.975885 -5.102968 0.287602 -0.005390 0.028604 0.705682 -0.707930
177.632000 6.982431 -5.126027 0.289934 -0.005367 0.028175 0.705616 -0.708013
177.732000 6.980807 -5.146381 0.299189 -0.005035 0.029505 0.705788 -0.707791
177.834000 6.981958 -5.159776 0.287006 -0.005542 0.028406 0.705815 -0.707804
177.932000 6.976497 -5.182017 0.289453 -0.005292 0.028609 0.705866 -0.707748
178.032000 6.972925 -5.197210 0.301564 -0.006034 0.030138 0.705542 -0.708001
178.133000 6.980026 -5.215185 0.295983 -0.005144 0.028912 0.705234 -0.708367
178.233000 6.981397 -5.239826 0.294309 -0.005999 0.028482 0.705399 -0.708213
178.331000 6.979729 -5.256440 0.302332 -0.005821 0.028982 0.705404 -0.708189
178.433000 6.977446 -5.273216 0.303680 -0.006244 0.028751 0.705270 -0.708328
178.532000 6.973730 -5.294813 0.298860 -0.006030 0.027728 0.705605 -0.708037
178.633000 6.976480 -5.323509 0.303889 -0.006284 0.028460 0.706067 -0.707545
178.733000 6.977101 -5.342114 0.307687 -0.006287 0.028540 0.705723 -0.707885
178.832000 6.983967 -5.355946 0.307965 -0.006232 0.028417 0.705233 -0.708379
178.932000 6.979282 -5.375963 0.298939 -0.006297 0.028031 0.705356 -0.708271
179.032000 6.982320 -5.392127 0.301493 -0.005481 0.028329 0.705019 -0.708601
179.133000 6.982231 -5.414398 0.300224 -0.004964 0.028306 0.705150 -0.708476
179.233000 6.989648 -5.430510 0.302029 -0.004924 0.029190 0.704505 -0.709082
179.333000 6.992544 -5.442604 0.304874 -0.004750 0.029575 0.704266 -0.709304
179.433000 6.985902 -5.474684 0.313395 -0.004982 0.029740 0.705214 -0.708352
179.533000 6.989853 -5.498356 0.306014 -0.005231 0.029400 0.704946 -0.708632
179.630000 6.971996 -5.524815 0.316342 -0.005061 0.030176 0.705598 -0.707952
179.734000 6.980872 -5.541469 0.312860 -0.004926 0.029170 0.705455 -0.708137
179.833000 6.978786 -5.553357 0.308492 -0.005583 0.028442 0.705316 -0.708300
179.933000 6.980687 -5.572549 0.304423 -0.005196 0.027979 0.705041 -0.708595
180.034000 6.984982 -5.595685 0.303503 -0.005979 0.027919 0.705522 -0.708112
180.134000 6.992773 -5.612739 0.307276 -0.004754 0.028401 0.705242 -0.708382
180.233000 6.995875 -5.631081 0.328197 -0.004515 0.030179 0.704941 -0.708609
180.332000 6.989196 -5.653344 0.317232 -0.004827 0.029348 0.705415 -0.708170
180.431000 6.993828 -5.672931 0.321310 -0.005277 0.030139 0.705075 -0.708473
180.534000 6.990795 -5.697470 0.316842 -0.005502 0.029451 0.705217 -0.708358
180.632000 6.979889 -5.716518 0.315933 -0.005628 0.029497 0.705368 -0.708205
180.732000 6.984380 -5.736303 0.310764 -0.004300 0.030271 0.705257 -0.708292
180.832000 6.984306 -5.751398 0.318622 -0.003393 0.031734 0.705010 -0.708479
180.932000 6.987209 -5.770938 0.318145 -0.003486 0.031652 0.705054 -0.708438
181.032000 6.986588 -5.790010 0.315301 -0.003910 0.030821 0.705093 -0.708433
181.132000 6.979712 -5.806902 0.311027 -0.005089 0.029501 0.704946 -0.708629
181.232000 6.983253 -5.833749 0.323297 -0.005331 0.030284 0.705057 -0.708484
181.332000 6.980499 -5.854802 0.326369 -0.005095 0.029905 0.704943 -0.708615
181.433000 6.978646 -5.872233 0.325841 -0.005210 0.030170 0.704968 -0.708578
181.533000 6.979201 -5.881780 0.327470 -0.006768 0.030083 0.704689 -0.708846
181.632000 6.985406 -5.903516 0.316910 -0.006315 0.027971 0.704601 -0.709024
181.734000 6.981822 -5.929631 0.316312 -0.005625 0.028658 0.704838 -0.708767
181.832000 6.976854 -5.955588 0.321443 -0.005809 0.029158 0.705401 -0.708184
181.932000 6.992146 -5.961886 0.329046 -0.006343 0.029054 0.704181 -0.709398
182.032000 6.975926 -5.997611 0.336156 -0.006296 0.029452 0.705543 -0.708027
182.134000 6.984015 -6.009094 0.325192 -0.005913 0.028797 0.704835 -0.708762
182.233000 6.979424 -6.033557 0.324909 -0.005556 0.028523 0.705384 -0.708230
182.332000 6.980693 -6.054310 0.326585 -0.005565 0.028671 0.705280 -0.708327
182.432000 6.987528 -6.073824 0.335429 -0.005872 0.029380 0.705216 -0.708360
182.532000 6.983379 -6.102814 0.334962 -0.005816 0.029391 0.706084 -0.707494
182.633000 6.975936 -6.125089 0.334732 -0.004825 0.030479 0.705775 -0.707764
182.732000 6.976559 -6.143096 0.333276 -0.003551 0.033285 0.705203 -0.708215
182.832000 6.965836 -6.163335 0.325812 -0.002656 0.032091 0.705682 -0.707796
182.932000 6.984772 -6.169893 0.320601 -0.005521 0.028774 0.704700 -0.708900
183.032000 6.981561 -6.198420 0.324142 -0.005737 0.028176 0.705747 -0.707881
183.130000 6.987709 -6.213834 0.332690 -0.006057 0.028126 0.705594 -0.708032
183.234000 6.973282 -6.243171 0.331514 -0.005404 0.028565 0.706372 -0.707244
183.332000 6.980400 -6.259237 0.327775 -0.005044 0.028529 0.706379 -0.707240
183.434000 6.971347 -6.276987 0.322190 -0.004825 0.028125 0.706146 -0.707491
183.533000 6.974764 -6.294517 0.321416 -0.004709 0.028406 0.705731 -0.707894
183.634000 6.975549 -6.316821 0.332844 -0.005334 0.028654 0.706029 -0.707582
183.732000 6.978905 -6.333068 0.336562 -0.005987 0.028293 0.705915 -0.707706
183.833000 6.978716 -6.364983 0.335768 -0.005613 0.029170 0.706027 -0.707561
183.932000 6.978885 -6.386164 0.331686 -0.005583 0.028973 0.706200 -0.707397
184.032000 6.981588 -6.400830 0.331142 -0.005956 0.027739 0.705946 -0.707697
184.134000 6.979591 -6.419529 0.341119 -0.006236 0.028216 0.705966 -0.707656
184.234000 6.973634 -6.436440 0.348026 -0.006131 0.028689 0.706195 -0.707409
184.332000 6.975290 -6.454861 0.334541 -0.006375 0.027428 0.706130 -0.707522
184.432000 6.974454 -6.474169 0.325703 -0.005927 0.027760 0.705477 -0.708164
184.536000 6.963881 -6.518558 0.350088 -0.005443 0.028943 0.707220 -0.706380
184.632000 6.970450 -6.532672 0.336025 -0.005499 0.028283 0.706673 -0.706953
184.733000 6.965675 -6.541872 0.340842 -0.005716 0.028546 0.706671 -0.706943
184.832000 6.980845 -6.562006 0.339850 -0.005706 0.028724 0.705769 -0.707837
184.932000 6.976731 -6.576680 0.337846 -0.006155 0.028794 0.706032 -0.707568
185.033000 6.981819 -6.591208 0.333403 -0.005966 0.028224 0.705441 -0.708181
185.133000 6.985574 -6.608869 0.322671 -0.006293 0.027747 0.705397 -0.708241
185.234000 6.976359 -6.632981 0.334738 -0.005524 0.028793 0.705757 -0.707847
185.333000 6.982403 -6.652087 0.333059 -0.005787 0.028649 0.705563 -0.708044
185.434000 6.986280 -6.668778 0.335110 -0.005777 0.028831 0.705299 -0.708300
185.534000 6.985126 -6.692798 0.346911 -0.006054 0.029384 0.705287 -0.708287
185.632000 6.972980 -6.710310 0.347369 -0.006749 0.029472 0.706051 -0.707516
185.732000 6.977311 -6.721183 0.341780 -0.006419 0.028925 0.706080 -0.707512
185.834000 6.981157 -6.724078 0.348159 -0.005898 0.029726 0.706135 -0.707428
185.931000 6.976838 -6.720907 0.343473 -0.005772 0.029153 0.706017 -0.707571
186.032000 6.977846 -6.723096 0.352563 -0.006120 0.029731 0.706359 -0.707202
186.132000 6.971173 -6.729543 0.346439 -0.005886 0.029553 0.706975 -0.706596
186.232000 6.984519 -6.718371 0.349756 -0.006335 0.029635 0.705749 -0.707813
186.332000 6.975271 -6.720942 0.343534 -0.005995 0.029195 0.706206 -0.707378
186.432000 6.970971 -6.714710 0.339105 -0.006601 0.028382 0.706094 -0.707518
186.533000 6.979763 -6.718202 0.345646 -0.006271 0.029269 0.705710 -0.707868
186.633000 6.975516 -6.719077 0.345287 -0.006170 0.029153 0.706223 -0.707362
186.732000 6.981300 -6.712686 0.338358 -0.006437 0.028538 0.705646 -0.707960
186.832000 6.975719 -6.720338 0.352010 -0.005859 0.029701 0.706129 -0.707436
186.932000 6.977539 -6.718698 0.354482 -0.006139 0.029926 0.705886 -0.707666
187.032000 6.979809 -6.719482 0.345284 -0.006192 0.029386 0.706090 -0.707485
187.132000 6.961895 -6.723341 0.344829 -0.005276 0.028873 0.720401 -0.692937
187.232000 6.970090 -6.723668 0.331299 -0.007650 0.028092 0.738468 -0.673659
187.333000 6.961505 -6.718045 0.333404 -0.007762 0.027874 0.753715 -0.656564
187.433000 6.954014 -6.738713 0.324012 -0.007353 0.027324 0.771634 -0.635437
187.531000 6.955528 -6.721181 0.343481 -0.010559 0.028458 0.786702 -0.616587
187.632000 6.968277 -6.718507 0.333986 -0.009375 0.027162 0.800855 -0.598168
187.732000 6.972487 -6.717340 0.331754 -0.011130 0.026928 0.815491 -0.578036
187.832000 6.968768 -6.716310 0.332949 -0.011116 0.026286 0.829552 -0.557700
187.932000 6.979240 -6.705054 0.314830 -0.011074 0.025075 0.841525 -0.539522
188.032000 6.982568 -6.712428 0.376375 -0.006322 0.037651 0.848788 -0.527353
188.132000 6.972282 -6.700623 0.304242 -0.010973 0.025022 0.853626 -0.520169
188.232000 6.962994 -6.710155 0.318279 -0.011948 0.025034 0.862636 -0.505063
188.331000 6.973300 -6.712423 0.318277 -0.012732 0.026025 0.869450 -0.493171
188.432000 6.980654 -6.700638 0.308593 -0.013345 0.024509 0.876733 -0.480166
188.533000 6.963685 -6.694211 0.296712 -0.013176 0.023543 0.885627 -0.463613
188.631000 6.986738 -6.698858 0.336895 -0.011013 0.030954 0.891970 -0.450899
188.734000 6.993874 -6.690831 0.310248 -0.013767 0.023960 0.899679 -0.435676
188.832000 6.988926 -6.685704 0.304880 -0.015180 0.023094 0.906383 -0.421553
188.932000 6.995771 -6.684406 0.309212 -0.015929 0.023190 0.913040 -0.406898
189.032000 6.980150 -6.688032 0.307464 -0.016439 0.022580 0.920560 -0.389602
189.132000 7.001257 -6.680480 0.312681 -0.015875 0.023483 0.926476 -0.375284
189.232000 6.972685 -6.686074 0.298687 -0.015223 0.021561 0.934497 -0.354991
189.333000 6.991179 -6.677484 0.302252 -0.015716 0.021223 0.940416 -0.339000
189.432000 6.991948 -6.681863 0.315622 -0.016763 0.022427 0.946859 -0.320426
189.531000 6.984699 -6.680111 0.311920 -0.017853 0.020987 0.953083 -0.301451
189.633000 6.978194 -6.679983 0.312009 -0.017836 0.020975 0.959062 -0.281856
189.732000 6.990461 -6.680085 0.308432 -0.018301 0.020448 0.965373 -0.259425
189.833000 6.991177 -6.680858 0.318115 -0.018702 0.023259 0.967876 -0.249649
189.933000 6.995488 -6.680084 0.312544 -0.010993 0.036235 0.963188 -0.266149
190.032000 7.001701 -6.676070 0.328541 -0.008263 0.049409 0.956737 -0.286610
190.131000 6.997210 -6.676840 0.318428 -0.018120 0.063740 0.956004 -0.285772
190.231000 6.986782 -6.689024 0.300927 -0.027802 0.077660 0.957386 -0.276782
190.334000 7.009471 -6.678933 0.341472 -0.030841 0.080367 0.958591 -0.271464
190.432000 7.006061 -6.670609 0.372305 -0.021580 0.066453 0.962053 -0.263766
190.533000 7.022581 -6.666608 0.342918 -0.012576 0.037721 0.964857 -0.259751
190.634000 6.990439 -6.697838 0.328305 -0.002942 0.014102 0.968507 -0.248569
190.732000 7.004047 -6.725440 0.377325 -0.010835 0.001300 0.971033 -0.238697
190.833000 6.995462 -6.693033 0.322321 0.009428 -0.002333 0.974700 -0.223307
190.932000 7.002110 -6.681932 0.354929 0.012144 0.014681 0.978277 -0.206425
191.031000 7.003560 -6.689972 0.341313 0.003201 0.031293 0.981069 -0.191085
191.137000 7.012546 -6.670115 0.347443 -0.014396 0.043957 0.983245 -0.176320
191.232000 7.007408 -6.670753 0.325618 -0.033314 0.040392 0.985386 -0.162089
191.332000 7.001739 -6.685765 0.317773 -0.055722 0.023984 0.987571 -0.144994
191.432000 6.992389 -6.657954 0.277889 -0.060292 0.002231 0.990493 -0.123622
191.532000 7.010621 -6.678122 0.332961 -0.079701 0.004625 0.991502 -0.102715
191.631000 7.034901 -6.653688 0.295380 -0.078062 0.008587 0.993712 -0.079812
191.733000 7.015468 -6.667131 0.294561 -0.090883 0.013448 0.994408 -0.052073
191.832000 7.011837 -6.669661 0.326480 -0.093428 0.016837 0.995049 -0.029417
191.932000 7.015778 -6.668150 0.316079 -0.092938 0.015958 0.995543 -0.001619
192.032000 7.020878 -6.666697 0.288993 -0.091710 0.012358 0.995527 0.019054
192.131000 7.027570 -6.673641 0.415182 -0.119877 0.023991 0.992147 0.026440
192.231000 7.008052 -6.668888 0.344444 -0.112708 0.015765 0.993086 0.028801
192.332000 7.001325 -6.667233 0.334522 -0.114467 0.013674 0.991788 0.055375
192.432000 7.018229 -6.683351 0.448340 -0.119549 0.033022 0.990276 0.063013
192.533000 7.018361 -6.658090 0.339862 -0.094180 0.032116 0.992692 0.068276
192.633000 7.022537 -6.680010 0.442421 -0.082344 0.061307 0.991681 0.077652
192.733000 7.031251 -6.668086 0.419334 -0.082000 0.066991 0.991250 0.078813
192.834000 7.024069 -6.667774 0.334796 -0.093317 0.055005 0.990971 0.079009
192.932000 7.015794 -6.669891 0.268996 -0.086390 0.053064 0.991991 0.075329
193.032000 7.017859 -6.667728 0.339881 -0.096041 0.053930 0.991069 0.075167
193.134000 7.040735 -6.674473 0.368461 -0.100045 0.061045 0.990458 0.072503
193.231000 7.010894 -6.661494 0.316411 -0.105045 0.053246 0.990079 0.076645
193.333000 7.029311 -6.670009 0.366503 -0.110264 0.063283 0.988875 0.077228
193.433000 7.014069 -6.664670 0.322196 -0.110142 0.054717 0.989073 0.081303
193.532000 7.029288 -6.661896 0.419951 -0.114853 0.066126 0.987789 0.081911
193.631000 7.034185 -6.658354 0.388535 -0.115199 0.060887 0.987684 0.086615
193.731000 7.012799 -6.664496 0.297435 -0.107442 0.056566 0.988252 0.092819
193.831000 7.015590 -6.676387 0.336992 -0.113946 0.068432 0.986570 0.094938
193.932000 7.019510 -6.662343 0.300008 -0.109736 0.058457 0.987206 0.099827
194.031000 7.013421 -6.657777 0.323253 -0.112295 0.065299 0.986027 0.104290
194.132000 7.012769 -6.657328 0.247528 -0.107265 0.060334 0.986664 0.106532
194.232000 7.017081 -6.667401 0.386154 -0.112533 0.076236 0.985700 0.099599
194.332000 7.012494 -6.651504 0.229682 -0.094696 0.058955 0.988914 0.098015
194.432000 7.000348 -6.652199 0.286998 -0.091617 0.049827 0.988838 0.106410
194.534000 6.967656 -6.653180 0.315319 -0.078641 0.015182 0.990416 0.112524
194.632000 6.953047 -6.653471 0.334296 -0.063305 -0.000738 0.990994 0.117995
194.736000 6.942627 -6.628668 0.285823 -0.041318 -0.017676 0.992301 0.115406
194.832000 6.935181 -6.627213 0.318946 -0.020106 -0.005846 0.992720 0.118610
194.932000 6.907095 -6.626914 0.325360 -0.006645 0.007299 0.992399 0.122662
195.031000 6.888159 -6.623794 0.310177 -0.004442 0.026385 0.991780 0.125124
195.138000 6.862717 -6.620109 0.340113 -0.012638 0.039139 0.990884 0.128285
195.232000 6.845178 -6.618908 0.335050 -0.026881 0.031416 0.990787 0.128966
195.332000 6.818825 -6.616881 0.335439 -0.043824 0.014830 0.990413 0.130157
195.431000 6.793307 -6.613700 0.346656 -0.046468 0.009383 0.990452 0.129450
195.532000 6.783899 -6.613208 0.329681 -0.055526 0.009210 0.989880 0.130271
195.632000 6.781514 -6.606536 0.341449 -0.060481 0.012823 0.989688 0.129210
195.732000 6.744054 -6.604924 0.345541 -0.055754 0.016378 0.989675 0.131020
195.831000 6.727691 -6.582140 0.328420 -0.045155 0.018215 0.990451 0.128981
195.932000 6.709201 -6.598006 0.324730 -0.040073 0.016212 0.990501 0.130532
196.032000 6.687536 -6.570986 0.311564 -0.026551 0.013047 0.991154 0.129379
196.132000 6.682718 -6.570856 0.294894 -0.018256 0.011893 0.991322 0.129634
196.234000 6.659244 -6.577124 0.342985 -0.023691 0.014408 0.991161 0.129736
196.333000 6.620934 -6.574616 0.312504 -0.026076 0.013204 0.990923 0.131217
196.435000 6.609775 -6.565464 0.307335 -0.037352 0.012703 0.990795 0.129494
196.533000 6.599656 -6.558667 0.307348 -0.040921 0.011931 0.990676 0.129400
196.633000 6.584361 -6.554486 0.317086 -0.041378 0.013100 0.990641 0.129406
196.732000 6.569651 -6.541019 0.325336 -0.041480 0.011919 0.990721 0.128875
196.832000 6.538365 -6.546579 0.324691 -0.037724 0.013397 0.990719 0.129896
196.933000 6.509780 -6.543541 0.312632 -0.025863 0.013427 0.991009 0.130586
197.032000 6.507566 -6.520766 0.304622 -0.022838 0.012983 0.991342 0.128648
197.131000 6.474239 -6.531010 0.308789 -0.023330 0.013389 0.991053 0.130730
197.233000 6.462652 -6.527095 0.315369 -0.026924 0.014627 0.991104 0.129518
197.332000 6.435816 -6.525530 0.310123 -0.036266 0.013571 0.990622 0.131032
197.431000 6.421067 -6.512456 0.305319 -0.037300 0.011628 0.990749 0.129962
197.531000 6.422236 -6.505108 0.323866 -0.039482 0.012147 0.990783 0.129007
197.633000 6.400190 -6.497721 0.305732 -0.026710 0.013094 0.991271 0.128442
197.733000 6.373629 -6.489552 0.288165 -0.021608 0.013122 0.991321 0.129007
197.832000 6.361198 -6.487265 0.282607 -0.024143 0.011973 0.991342 0.128507
197.932000 6.319531 -6.484000 0.314348 -0.025663 0.012845 0.991167 0.129474
198.032000 6.317812 -6.479948 0.314946 -0.027507 0.013210 0.991194 0.128853
198.132000 6.286062 -6.470659 0.294731 -0.026812 0.012340 0.991229 0.128814
198.232000 6.273432 -6.463306 0.284371 -0.025516 0.011939 0.991233 0.129090
198.333000 6.248701 -6.466915 0.288874 -0.025482 0.011516 0.991083 0.130276
198.433000 6.220576 -6.464944 0.292530 -0.025265 0.011904 0.991115 0.130046
198.532000 6.208733 -6.454571 0.291759 -0.025143 0.012375 0.991142 0.129817
198.633000 6.196818 -6.447052 0.288595 -0.025121 0.013464 0.991280 0.128656
198.732000 6.167174 -6.445398 0.294612 -0.025335 0.013724 0.991136 0.129688
198.833000 6.143633 -6.434622 0.293954 -0.025791 0.012194 0.991082 0.130161
198.931000 6.125413 -6.425883 0.290947 -0.025312 0.011533 0.991178 0.129582
199.032000 6.116723 -6.426028 0.306514 -0.026439 0.012302 0.991212 0.129028
199.132000 6.104014 -6.416135 0.296704 -0.025570 0.012280 0.991342 0.128206
199.233000 6.085800 -6.416285 0.286773 -0.025808 0.012635 0.991361 0.127972
199.332000 6.070254 -6.407176 0.275241 -0.025003 0.011458 0.991412 0.127850
199.433000 6.041111 -6.396545 0.275782 -0.024789 0.011598 0.991325 0.128555
199.531000 6.017268 -6.395203 0.273299 -0.024530 0.011430 0.991327 0.128604
199.632000 5.996282 -6.397360 0.265077 -0.023892 0.011886 0.991169 0.129894
199.731000 5.977203 -6.389101 0.273711 -0.024017 0.012328 0.991361 0.128351
199.833000 5.955880 -6.380241 0.264265 -0.023393 0.010815 0.991399 0.128312
199.932000 5.938147 -6.374949 0.266096 -0.024141 0.011614 0.991349 0.128493
200.032000 5.934606 -6.373058 0.257288 -0.022964 0.011120 0.991957 0.123978
200.131000 5.934267 -6.375546 0.273733 -0.023444 0.012334 0.994322 0.103062
200.232000 5.941491 -6.370019 0.251026 -0.021722 0.011539 0.996742 0.076810
200.332000 5.927154 -6.378401 0.262212 -0.022759 0.013148 0.998169 0.054470
200.432000 5.945448 -6.378878 0.274329 -0.022863 0.014407 0.999260 0.027355
200.533000 5.933051 -6.388197 0.254835 -0.020932 0.013989 0.999676 0.003665
200.632000 5.955386 -6.371825 0.282361 -0.022192 0.016715 0.999560 -0.010372
200.733000 5.926703 -6.378226 0.256986 -0.020892 0.013443 0.999655 -0.008559
200.832000 5.928194 -6.368593 0.259619 -0.021288 0.013929 0.999611 -0.011463
200.933000 5.898055 -6.368844 0.266228 -0.021614 0.014342 0.999594 -0.011792
201.032000 5.886272 -6.369470 0.274891 -0.022354 0.015309 0.999579 -0.010336
201.132000 5.869016 -6.376145 0.283476 -0.022797 0.014971 0.999556 -0.011990
201.231000 5.841946 -6.371997 0.270887 -0.021515 0.014329 0.999607 -0.010877
201.332000 5.823977 -6.378676 0.278218 -0.022029 0.016429 0.999558 -0.011327
201.433000 5.800063 -6.373687 0.273242 -0.021674 0.015164 0.999582 -0.011629
201.532000 5.784393 -6.385695 0.277903 -0.023587 0.015945 0.999540 -0.010446
201.633000 5.769057 -6.375239 0.276541 -0.022627 0.015142 0.999559 -0.011892
201.731000 5.736982 -6.381490 0.272365 -0.021980 0.014921 0.999594 -0.010271
201.832000 5.726657 -6.381815 0.274157 -0.021794 0.015311 0.999583 -0.011145
201.949000 5.701037 -6.381862 0.256556 -0.020660 0.014316 0.999628 -0.010560
202.033000 5.679715 -6.382647 0.252904 -0.019909 0.015204 0.999631 -0.010529
202.134000 5.662177 -6.379826 0.252442 -0.019479 0.014474 0.999638 -0.011646
202.232000 5.637005 -6.379736 0.255323 -0.019554 0.014377 0.999643 -0.011200
202.333000 5.611487 -6.388662 0.256499 -0.019603 0.014691 0.999645 -0.010509
202.432000 5.600418 -6.379224 0.253676 -0.019075 0.013701 0.999664 -0.010934
202.533000 5.578988 -6.384990 0.254572 -0.019064 0.014898 0.999649 -0.010813
202.634000 5.558102 -6.380347 0.260406 -0.019725 0.014770 0.999631 -0.011436
202.732000 5.536539 -6.380995 0.253425 -0.019195 0.014362 0.999650 -0.011145
202.834000 5.520772 -6.380311 0.253225 -0.018851 0.014322 0.999651 -0.011701
202.932000 5.502445 -6.385810 0.258266 -0.018674 0.014428 0.999658 -0.011275
203.033000 5.482026 -6.382832 0.246897 -0.018171 0.014276 0.999670 -0.011184
203.134000 5.459756 -6.387317 0.245844 -0.017756 0.014179 0.999681 -0.011051
203.232000 5.444423 -6.384617 0.250271 -0.017902 0.014989 0.999659 -0.011660
203.332000 5.421092 -6.386163 0.252025 -0.017869 0.014924 0.999659 -0.011844
203.432000 5.392244 -6.387718 0.247799 -0.018547 0.015432 0.999647 -0.011082
203.533000 5.367912 -6.398139 0.243338 -0.017940 0.015399 0.999666 -0.010408
203.631000 5.356592 -6.398532 0.232621 -0.017073 0.014828 0.999691 -0.010364
203.731000 5.329766 -6.394666 0.234989 -0.017849 0.014684 0.999672 -0.011035
203.833000 5.317906 -6.390070 0.240378 -0.017698 0.014976 0.999666 -0.011453
203.932000 5.295637 -6.388419 0.232086 -0.017052 0.014990 0.999674 -0.011721
204.032000 5.274783 -6.388322 0.233762 -0.017401 0.014906 0.999673 -0.011363
204.148000 5.251378 -6.389748 0.231228 -0.017003 0.015294 0.999676 -0.011136
204.237000 5.237663 -6.388526 0.226109 -0.017378 0.014892 0.999677 -0.011019
204.335000 5.221390 -6.393446 0.223602 -0.017653 0.014605 0.999679 -0.010788
204.435000 5.197295 -6.398241 0.227756 -0.018269 0.015627 0.999658 -0.010332
204.536000 5.175652 -6.396412 0.231928 -0.019443 0.015603 0.999632 -0.010727
204.632000 5.160327 -6.388386 0.232944 -0.018601 0.014263 0.999657 -0.011641
204.735000 5.134111 -6.387827 0.220011 -0.017663 0.013830 0.999688 -0.011028
204.837000 5.113360 -6.392521 0.223777 -0.018509 0.014669 0.999660 -0.011059
204.934000 5.094779 -6.395356 0.228814 -0.018447 0.015375 0.999654 -0.010754
205.035000 5.078524 -6.398105 0.223639 -0.019005 0.015977 0.999635 -0.010674
205.135000 5.062006 -6.401115 0.233416 -0.018904 0.016144 0.999631 -0.010954
205.235000 5.042089 -6.407314 0.229036 -0.018785 0.016253 0.999635 -0.010623
205.335000 5.020593 -6.404735 0.220090 -0.018234 0.015766 0.999653 -0.010582
205.436000 5.003074 -6.399162 0.217931 -0.017895 0.015394 0.999657 -0.011353
205.536000 4.979753 -6.401872 0.217284 -0.017934 0.015421 0.999661 -0.010866
205.636000 4.960357 -6.407956 0.217886 -0.017961 0.015814 0.999654 -0.010935
205.735000 4.940518 -6.403455 0.219654 -0.017182 0.015382 0.999679 -0.010527
205.836000 4.916350 -6.402490 0.210996 -0.018525 0.014334 0.999676 -0.009982
205.935000 4.891377 -6.403505 0.208119 -0.017887 0.014631 0.999684 -0.009842
206.037000 4.874878 -6.404131 0.216930 -0.018570 0.015365 0.999661 -0.009827
206.135000 4.868277 -6.400145 0.204576 -0.020181 0.013676 0.999644 -0.010839
206.235000 4.847061 -6.402264 0.199558 -0.019738 0.013145 0.999663 -0.010520
206.336000 4.820573 -6.399178 0.200031 -0.018920 0.012779 0.999686 -0.010341
206.435000 4.806277 -6.406354 0.214327 -0.019632 0.014652 0.999646 -0.010354
206.535000 4.786117 -6.402063 0.211508 -0.019382 0.013713 0.999659 -0.010914
206.636000 4.772264 -6.400577 0.205316 -0.018971 0.014595 0.999643 -0.011886
206.734000 4.746469 -6.403164 0.214881 -0.018908 0.015697 0.999628 -0.011843
206.835000 4.726138 -6.408795 0.218960 -0.019457 0.016221 0.999619 -0.010957
206.935000 4.713893 -6.411249 0.228942 -0.019644 0.017066 0.999601 -0.010988
207.035000 4.687479 -6.410477 0.224842 -0.019914 0.016572 0.999602 -0.011185
207.135000 4.658256 -6.408595 0.214879 -0.018649 0.015601 0.999650 -0.010444
207.236000 4.633296 -6.409579 0.213590 -0.017802 0.014710 0.999679 -0.010403
207.335000 4.625086 -6.402972 0.211711 -0.017754 0.014243 0.999681 -0.010931
207.435000 4.606749 -6.410816 0.210398 -0.017818 0.015550 0.999659 -0.011029
207.535000 4.588118 -6.402817 0.207025 -0.017588 0.014978 0.999662 -0.011901
207.635000 4.570642 -6.404282 0.199938 -0.017598 0.014504 0.999675 -0.011350
207.737000 4.552409 -6.409188 0.203814 -0.017711 0.014488 0.999680 -0.010772
207.836000 4.514216 -6.418467 0.217153 -0.018213 0.016574 0.999644 -0.010313
207.936000 4.494486 -6.415758 0.218543 -0.018702 0.015785 0.999645 -0.010507
208.036000 4.480704 -6.416923 0.221091 -0.018620 0.015845 0.999644 -0.010687
208.136000 4.464414 -6.420956 0.218857 -0.018704 0.015420 0.999655 -0.010121
208.235000 4.448675 -6.418943 0.217184 -0.018481 0.015434 0.999661 -0.009891
208.335000 4.423650 -6.413827 0.218469 -0.018231 0.016399 0.999637 -0.011132
208.436000 4.406611 -6.415247 0.219170 -0.018204 0.016297 0.999642 -0.010876
208.535000 4.387852 -6.409323 0.210703 -0.017844 0.015076 0.999661 -0.011538
208.635000 4.366639 -6.403697 0.197574 -0.017517 0.014491 0.999673 -0.011722
208.736000 4.343480 -6.411994 0.192765 -0.016203 0.013926 0.999709 -0.011168
208.836000 4.329014 -6.413547 0.198542 -0.016488 0.014693 0.999693 -0.011192
208.934000 4.307084 -6.411318 0.197084 -0.016242 0.014572 0.999696 -0.011491
209.035000 4.278322 -6.413647 0.197132 -0.016100 0.013779 0.999721 -0.010423
209.135000 4.254031 -6.415339 0.206336 -0.016601 0.014760 0.999701 -0.010200
209.235000 4.237110 -6.420461 0.211075 -0.016815 0.015528 0.999684 -0.010408
209.336000 4.219205 -6.420487 0.209119 -0.016320 0.015449 0.999693 -0.010387
209.435000 4.205066 -6.421988 0.206777 -0.016332 0.015417 0.999688 -0.010905
209.537000 4.186919 -6.420993 0.204871 -0.016124 0.015688 0.999691 -0.010601
209.635000 4.162627 -6.421516 0.204661 -0.016585 0.015410 0.999694 -0.009943
209.734000 4.142578 -6.417043 0.204563 -0.016190 0.015306 0.999703 -0.009926
209.835000 4.126107 -6.419580 0.206569 -0.015620 0.015722 0.999696 -0.010772
209.937000 4.096897 -6.421358 0.206785 -0.015674 0.015713 0.999698 -0.010532
210.036000 4.073504 -6.426493 0.208354 -0.015208 0.015610 0.999708 -0.010419
210.135000 4.058719 -6.425380 0.203655 -0.014868 0.015754 0.999710 -0.010511
210.235000 4.038794 -6.424893 0.208589 -0.014615 0.016215 0.999706 -0.010521
210.334000 4.021192 -6.424752 0.210121 -0.014454 0.016099 0.999714 -0.010221
210.435000 4.004780 -6.425862 0.205457 -0.015293 0.016056 0.999698 -0.010639
210.535000 3.986100 -6.428445 0.201084 -0.014612 0.016013 0.999707 -0.010801
210.634000 3.964684 -6.425130 0.193935 -0.014027 0.015313 0.999722 -0.011185
210.735000 3.942643 -6.419961 0.195729 -0.013998 0.015475 0.999725 -0.010713
210.836000 3.928657 -6.426081 0.202026 -0.014573 0.015746 0.999718 -0.010209
210.936000 3.895503 -6.424828 0.200352 -0.014292 0.015305 0.999735 -0.009570
211.035000 3.869877 -6.423319 0.199418 -0.014180 0.015430 0.999726 -0.010408
211.135000 3.858904 -6.424076 0.196475 -0.015522 0.015557 0.999707 -0.010164
211.235000 3.847061 -6.428932 0.200749 -0.014760 0.014706 0.999730 -0.010311
211.335000 3.826104 -6.430378 0.198149 -0.014212 0.015770 0.999719 -0.010566
211.436000 3.801489 -6.425458 0.190640 -0.013974 0.014582 0.999738 -0.010799
211.535000 3.775179 -6.422069 0.184219 -0.013767 0.014454 0.999746 -0.010430
211.635000 3.763506 -6.427136 0.192033 -0.013658 0.014855 0.999747 -0.009895
211.736000 3.744460 -6.428202 0.194251 -0.013890 0.014944 0.999745 -0.009651
211.835000 3.726997 -6.428719 0.186197 -0.013641 0.014242 0.999748 -0.010736
211.942000 3.703702 -6.422438 0.184608 -0.013478 0.014095 0.999748 -0.011163
212.035000 3.680730 -6.426516 0.191850 -0.013780 0.014620 0.999742 -0.010611
212.135000 3.669361 -6.429622 0.188421 -0.013915 0.014680 0.999741 -0.010411
212.235000 3.655158 -6.430015 0.190454 -0.014009 0.014934 0.999739 -0.010135
212.335000 3.622279 -6.424470 0.183903 -0.013832 0.013922 0.999751 -0.010635
212.435000 3.603291 -6.431658 0.181147 -0.014384 0.013330 0.999751 -0.010618
212.535000 3.578238 -6.428848 0.181846 -0.014066 0.012932 0.999763 -0.010439
212.635000 3.564399 -6.424834 0.174097 -0.013748 0.012138 0.999780 -0.010185
212.735000 3.533909 -6.429510 0.177974 -0.013496 0.012932 0.999777 -0.009870
212.835000 3.521960 -6.428584 0.183492 -0.013608 0.013907 0.999755 -0.010542
212.936000 3.504660 -6.431266 0.189410 -0.014287 0.015194 0.999726 -0.010653
213.036000 3.476592 -6.429917 0.180741 -0.013482 0.013952 0.999753 -0.010866
213.134000 3.462923 -6.433928 0.179502 -0.013083 0.014352 0.999756 -0.010503
213.234000 3.441438 -6.432003 0.186551 -0.013714 0.015190 0.999734 -0.010623
213.336000 3.424693 -6.433258 0.194658 -0.013560 0.016111 0.999719 -0.010852
213.434000 3.406694 -6.433977 0.193929 -0.013462 0.015689 0.999734 -0.010259
213.538000 3.383275 -6.434743 0.190532 -0.013527 0.015283 0.999735 -0.010624
213.635000 3.366845 -6.434428 0.187952 -0.013276 0.015129 0.999740 -0.010735
213.735000 3.351300 -6.439378 0.190991 -0.013516 0.016299 0.999716 -0.010945
213.835000 3.335134 -6.437745 0.188437 -0.012995 0.016343 0.999723 -0.010880
213.935000 3.312955 -6.439264 0.187425 -0.013020 0.016595 0.999715 -0.011157
214.036000 3.284346 -6.438707 0.184074 -0.012806 0.016290 0.999726 -0.010921
214.135000 3.274964 -6.442943 0.184630 -0.012433 0.015866 0.999734 -0.011190
214.234000 3.257676 -6.436674 0.185777 -0.012529 0.015565 0.999735 -0.011423
214.335000 3.244355 -6.443295 0.180773 -0.013063 0.015983 0.999717 -0.011785
214.435000 3.213916 -6.444924 0.181393 -0.012734 0.015826 0.999733 -0.011041
214.537000 3.187695 -6.440612 0.182285 -0.012503 0.015771 0.999735 -0.011184
214.636000 3.172215 -6.441837 0.183504 -0.012763 0.015863 0.999730 -0.011203
214.735000 3.157185 -6.445312 0.188151 -0.012431 0.015757 0.999729 -0.011782
214.835000 3.128814 -6.438243 0.185821 -0.012588 0.015906 0.999726 -0.011698
214.935000 3.107117 -6.444103 0.189789 -0.012602 0.016156 0.999729 -0.011006
215.037000 3.087613 -6.440807 0.190259 -0.012548 0.016550 0.999722 -0.011131
215.135000 3.065786 -6.441577 0.187013 -0.011842 0.016192 0.999735 -0.011275
215.235000 3.050427 -6.443980 0.186731 -0.011671 0.015956 0.999745 -0.010944
215.336000 3.033728 -6.444183 0.183088 -0.012311 0.015426 0.999739 -0.011509
215.438000 3.006272 -6.444210 0.190393 -0.012433 0.016007 0.999734 -0.010962
215.535000 2.993622 -6.440915 0.186034 -0.012249 0.016146 0.999730 -0.011385
215.635000 2.972200 -6.442657 0.192650 -0.012542 0.016338 0.999726 -0.011113
215.735000 2.952661 -6.440532 0.188323 -0.012739 0.016440 0.999722 -0.011071
215.835000 2.934315 -6.444536 0.170646 -0.012376 0.015773 0.999735 -0.011353
215.937000 2.906847 -6.440575 0.166526 -0.011977 0.015354 0.999746 -0.011325
216.034000 2.889326 -6.442294 0.157592 -0.012301 0.015044 0.999749 -0.011176
216.135000 2.862830 -6.443984 0.159139 -0.011288 0.014697 0.999770 -0.010760
216.235000 2.843121 -6.445160 0.168992 -0.011325 0.014866 0.999764 -0.011107
216.335000 2.832102 -6.445519 0.184898 -0.012892 0.016571 0.999718 -0.011106
216.435000 2.810616 -6.450733 0.180005 -0.012361 0.016780 0.999720 -0.011186
216.535000 2.788446 -6.454203 0.174295 -0.012091 0.016295 0.999732 -0.011102
216.635000 2.767705 -6.454491 0.172206 -0.011768 0.015945 0.999743 -0.010984
216.734000 2.759039 -6.446242 0.169840 -0.011698 0.016191 0.999734 -0.011536
216.835000 2.731566 -6.460038 0.173519 -0.011759 0.016845 0.999729 -0.010972
216.935000 2.701621 -6.461515 0.175103 -0.012278 0.016562 0.999728 -0.010915
217.035000 2.685507 -6.456606 0.170130 -0.012862 0.016332 0.999725 -0.010886
217.135000 2.668513 -6.451960 0.182094 -0.012718 0.017009 0.999707 -0.011593
217.235000 2.650088 -6.455753 0.190834 -0.013090 0.017693 0.999691 -0.011549
217.336000 2.628915 -6.454627 0.192060 -0.013079 0.018705 0.999675 -0.011397
217.435000 2.607170 -6.453734 0.185856 -0.013099 0.018266 0.999677 -0.011878
217.534000 2.580277 -6.457287 0.179851 -0.012724 0.018038 0.999692 -0.011330
217.635000 2.560166 -6.466652 0.177021 -0.012557 0.018306 0.999697 -0.010611
217.735000 2.547663 -6.462626 0.182854 -0.012178 0.018407 0.999695 -0.011069
217.834000 2.531786 -6.466243 0.181422 -0.012539 0.018451 0.999691 -0.010986
217.935000 2.504143 -6.466813 0.174997 -0.012125 0.018083 0.999704 -0.010845
218.035000 2.481560 -6.464637 0.170221 -0.011789 0.018546 0.999704 -0.010485
218.134000 2.470859 -6.456073 0.175776 -0.012002 0.018238 0.999693 -0.011754
218.236000 2.456317 -6.459479 0.171939 -0.012140 0.018768 0.999681 -0.011726
218.336000 2.437082 -6.461783 0.170525 -0.011906 0.018872 0.999686 -0.011407
218.436000 2.402468 -6.464245 0.170685 -0.011769 0.019205 0.999683 -0.011207
218.536000 2.406923 -6.463006 0.161476 -0.011411 0.016929 0.999725 -0.011518
218.635000 2.373415 -6.462575 0.147446 -0.010575 0.017194 0.999734 -0.011190
218.735000 2.371185 -6.456875 0.148695 -0.011703 0.018267 0.999685 -0.012588
218.835000 2.350309 -6.458803 0.149101 -0.013604 0.018196 0.999668 -0.012170
218.938000 2.332011 -6.456038 0.161832 -0.014437 0.018591 0.999630 -0.013616
219.036000 2.302842 -6.460747 0.172601 -0.014754 0.019166 0.999628 -0.012599
219.137000 2.273930 -6.461890 0.164635 -0.015102 0.019015 0.999635 -0.011868
219.236000 2.237843 -6.466681 0.155732 -0.012961 0.017941 0.999694 -0.011072
219.335000 2.229662 -6.466195 0.141217 -0.012846 0.016915 0.999706 -0.011693
219.437000 2.200808 -6.469223 0.154913 -0.013468 0.016885 0.999707 -0.010956
219.535000 2.196091 -6.469786 0.163385 -0.014213 0.018681 0.999656 -0.011660
219.634000 2.179434 -6.466581 0.171359 -0.014803 0.018984 0.999641 -0.011763
219.734000 2.153822 -6.468430 0.156910 -0.013707 0.017398 0.999679 -0.012303
219.834000 2.146297 -6.465522 0.158935 -0.014392 0.017863 0.999665 -0.011954
219.935000 2.112197 -6.465997 0.171299 -0.013959 0.017873 0.999670 -0.012078
220.037000 2.090466 -6.470274 0.170067 -0.014260 0.017720 0.999672 -0.011787
220.136000 2.072489 -6.469567 0.152280 -0.014634 0.016540 0.999687 -0.011717
220.236000 2.051290 -6.471292 0.145297 -0.013400 0.015155 0.999728 -0.011632
220.337000 2.031544 -6.472877 0.148112 -0.013134 0.014861 0.999731 -0.012024
220.436000 2.016211 -6.466414 0.157944 -0.013617 0.016330 0.999697 -0.012385
220.537000 1.996276 -6.470432 0.142100 -0.014017 0.014271 0.999731 -0.011737
220.635000 1.975765 -6.472129 0.145951 -0.013120 0.015991 0.999712 -0.012163
220.736000 1.948667 -6.472112 0.148371 -0.013393 0.015939 0.999712 -0.011902
220.836000 1.932035 -6.474555 0.148887 -0.013347 0.016655 0.999702 -0.011872
220.937000 1.910579 -6.473732 0.142066 -0.012975 0.015946 0.999712 -0.012373
221.037000 1.897828 -6.471009 0.144201 -0.012783 0.016596 0.999707 -0.012109
221.136000 1.877882 -6.476197 0.148321 -0.013168 0.017059 0.999696 -0.012006
221.242000 1.860196 -6.478177 0.141294 -0.012568 0.016350 0.999719 -0.011653
221.338000 1.834109 -6.476449 0.151694 -0.012626 0.016844 0.999710 -0.011722
221.435000 1.820196 -6.479652 0.150181 -0.012270 0.017318 0.999703 -0.011994
221.536000 1.800409 -6.479228 0.152829 -0.012365 0.017466 0.999706 -0.011408
221.638000 1.778212 -6.480239 0.149623 -0.012263 0.017621 0.999702 -0.011602
221.736000 1.751982 -6.473775 0.147904 -0.011871 0.017857 0.999701 -0.011768
221.837000 1.735005 -6.470759 0.152692 -0.012037 0.018445 0.999691 -0.011560
221.941000 1.707675 -6.469929 0.137334 -0.010991 0.018297 0.999706 -0.011543
222.036000 1.693737 -6.472524 0.136868 -0.010068 0.018247 0.999724 -0.010807
222.138000 1.661027 -6.471361 0.132116 -0.009963 0.016466 0.999753 -0.011158
222.237000 1.644730 -6.478101 0.145904 -0.011675 0.017053 0.999722 -0.011363
222.336000 1.615513 -6.480463 0.159789 -0.011881 0.017905 0.999707 -0.011166
222.437000 1.617458 -6.484140 0.161984 -0.012295 0.018950 0.999676 -0.011695
222.536000 1.606087 -6.484136 0.162705 -0.011535 0.018781 0.999696 -0.011032
222.636000 1.570022 -6.480246 0.156177 -0.011059 0.018908 0.999698 -0.011175
222.737000 1.553151 -6.479979 0.154093 -0.011160 0.018233 0.999708 -0.011236
222.837000 1.524561 -6.476563 0.145875 -0.010871 0.017314 0.999723 -0.011658
222.935000 1.496432 -6.473859 0.152550 -0.010609 0.017239 0.999726 -0.011754
223.041000 1.485252 -6.475684 0.150565 -0.010575 0.016934 0.999734 -0.011561
223.137000 1.461154 -6.481878 0.142971 -0.009536 0.016930 0.999753 -0.010824
223.237000 1.438113 -6.483952 0.146842 -0.009225 0.017731 0.999739 -0.011026
223.338000 1.406693 -6.483463 0.145318 -0.009353 0.017112 0.999750 -0.010912
223.437000 1.397335 -6.488261 0.143087 -0.008904 0.016644 0.999759 -0.011235
223.537000 1.377925 -6.483512 0.145488 -0.008197 0.016358 0.999769 -0.011239
223.642000 1.368179 -6.482604 0.145612 -0.008171 0.016795 0.999760 -0.011438
223.739000 1.346319 -6.484668 0.145342 -0.008239 0.017943 0.999738 -0.011577
223.839000 1.311961 -6.484180 0.161987 -0.008795 0.020005 0.999692 -0.011745
223.938000 1.288345 -6.479379 0.149387 -0.008558 0.018532 0.999726 -0.011435
224.037000 1.270798 -6.483529 0.143696 -0.007478 0.017863 0.999746 -0.011559
224.138000 1.258269 -6.491365 0.147907 -0.007616 0.018181 0.999745 -0.011061
224.239000 1.242352 -6.493937 0.148286 -0.007424 0.019042 0.999734 -0.010702
224.337000 1.216655 -6.492648 0.149516 -0.007446 0.018247 0.999747 -0.010842
224.437000 1.195776 -6.488431 0.156716 -0.007908 0.018579 0.999735 -0.011028
224.537000 1.179223 -6.491450 0.152529 -0.007831 0.017231 0.999762 -0.010882
224.638000 1.158052 -6.496644 0.147662 -0.006977 0.019195 0.999729 -0.011205
224.738000 1.135413 -6.489101 0.145020 -0.006711 0.018061 0.999747 -0.011641
224.840000 1.116712 -6.483539 0.148850 -0.006773 0.017712 0.999746 -0.012221
224.937000 1.089491 -6.495658 0.162230 -0.007229 0.019541 0.999718 -0.011380
225.037000 1.069911 -6.497512 0.157050 -0.006770 0.018874 0.999741 -0.010774
225.137000 1.046748 -6.499205 0.160000 -0.006587 0.019407 0.999731 -0.010855
225.236000 1.030953 -6.494285 0.156850 -0.006596 0.019083 0.999736 -0.011004
225.338000 1.011126 -6.490515 0.150389 -0.006130 0.018296 0.999751 -0.011207
225.437000 0.999561 -6.490004 0.143376 -0.005845 0.018281 0.999752 -0.011292
225.537000 0.985280 -6.486599 0.141056 -0.005782 0.018008 0.999754 -0.011570
225.637000 0.965894 -6.490857 0.140645 -0.005802 0.018152 0.999749 -0.011751
225.739000 0.930965 -6.498310 0.138929 -0.005277 0.017894 0.999768 -0.010809
225.837000 0.906762 -6.501621 0.139570 -0.004944 0.017924 0.999774 -0.010300
225.939000 0.891111 -6.498237 0.143103 -0.005170 0.018757 0.999750 -0.010979
226.038000 0.872792 -6.496127 0.148899 -0.005296 0.018534 0.999755 -0.010916
226.137000 0.861285 -6.493632 0.157890 -0.005740 0.018820 0.999745 -0.011119
226.238000 0.846533 -6.487083 0.159886 -0.005605 0.019127 0.999726 -0.012277
226.337000 0.831872 -6.489814 0.156544 -0.005904 0.018711 0.999734 -0.012099
226.438000 0.807736 -6.488264 0.155954 -0.005651 0.018625 0.999736 -0.012194
226.538000 0.779938 -6.497293 0.158666 -0.005161 0.018462 0.999750 -0.011487
226.637000 0.753355 -6.500280 0.143330 -0.004674 0.018107 0.999758 -0.011543
226.737000 0.730338 -6.501865 0.143378 -0.004861 0.019289 0.999739 -0.011251
226.838000 0.719551 -6.497207 0.141000 -0.004273 0.018468 0.999752 -0.011660
226.937000 0.706123 -6.494840 0.141317 -0.004097 0.018729 0.999741 -0.012233
227.038000 0.682648 -6.492217 0.145259 -0.004176 0.018978 0.999737 -0.012157
227.137000 0.649563 -6.505089 0.143314 -0.004020 0.019134 0.999748 -0.011031
227.239000 0.634620 -6.506446 0.147204 -0.004289 0.018997 0.999748 -0.011123
227.337000 0.619229 -6.509628 0.149940 -0.004235 0.019038 0.999750 -0.010938
227.437000 0.596637 -6.504742 0.154664 -0.004449 0.019840 0.999730 -0.011274
227.537000 0.579341 -6.503507 0.155737 -0.004023 0.020265 0.999721 -0.011450
227.637000 0.560739 -6.498094 0.158031 -0.003884 0.019810 0.999733 -0.011277
227.736000 0.543042 -6.497784 0.156352 -0.003741 0.020139 0.999728 -0.011187
227.840000 0.516994 -6.504197 0.148777 -0.003495 0.018905 0.999755 -0.011009
227.939000 0.495284 -6.504106 0.144577 -0.003184 0.018645 0.999759 -0.011146
228.040000 0.472014 -6.507264 0.143961 -0.003191 0.018805 0.999761 -0.010709
228.138000 0.454946 -6.508456 0.143335 -0.003050 0.018409 0.999769 -0.010695
228.237000 0.429375 -6.509317 0.145531 -0.003155 0.018147 0.999779 -0.010142
228.338000 0.412621 -6.506551 0.148957 -0.002967 0.018601 0.999770 -0.010206
228.439000 0.390636 -6.508784 0.146820 -0.002625 0.018888 0.999760 -0.010758
228.540000 0.377745 -6.505947 0.150371 -0.002438 0.018776 0.999755 -0.011490
228.637000 0.367146 -6.506356 0.153061 -0.002750 0.019350 0.999734 -0.012211
228.737000 0.340604 -6.501512 0.147931 -0.002840 0.018838 0.999747 -0.011918
228.837000 0.315647 -6.502543 0.144179 -0.002705 0.018370 0.999764 -0.011278
228.937000 0.293290 -6.504419 0.143024 -0.002727 0.018077 0.999773 -0.010950
229.037000 0.276744 -6.508013 0.140276 -0.002765 0.018069 0.999769 -0.011266
229.137000 0.252916 -6.510878 0.138188 -0.002629 0.017875 0.999778 -0.010838
229.236000 0.230097 -6.511877 0.138556 -0.002325 0.018003 0.999776 -0.010898
229.337000 0.209056 -6.513083 0.138308 -0.002054 0.018334 0.999768 -0.011108
229.439000 0.191041 -6.512653 0.142186 -0.001738 0.018520 0.999759 -0.011616
229.538000 0.170853 -6.511360 0.150678 -0.001591 0.018426 0.999759 -0.011861
229.639000 0.155526 -6.512796 0.154692 -0.001544 0.019402 0.999742 -0.011705
229.737000 0.136347 -6.513798 0.151036 -0.001611 0.019414 0.999743 -0.011593
229.837000 0.114465 -6.516704 0.150497 -0.001397 0.019815 0.999735 -0.011676
229.937000 0.085970 -6.517799 0.152885 -0.001090 0.019691 0.999745 -0.011010
230.038000 0.070520 -6.515782 0.151377 -0.000754 0.019102 0.999758 -0.010893
230.135000 0.053272 -6.515261 0.155093 -0.000530 0.019899 0.999735 -0.011538
230.240000 0.035695 -6.514900 0.152680 -0.000369 0.019235 0.999746 -0.011739
230.337000 0.018600 -6.519627 0.150323 -0.000041 0.019527 0.999744 -0.011396
230.437000 -0.003647 -6.521052 0.145499 0.000264 0.019218 0.999752 -0.011267
230.539000 -0.023819 -6.520674 0.147380 0.000149 0.018909 0.999757 -0.011318
230.637000 -0.050111 -6.513906 0.143571 0.000550 0.018474 0.999763 -0.011493
230.738000 -0.063034 -6.518091 0.145292 0.000662 0.018263 0.999763 -0.011831
230.840000 -0.086590 -6.516440 0.146104 0.000858 0.018284 0.999758 -0.012213
230.939000 -0.114442 -6.517799 0.146366 0.001698 0.018863 0.999752 -0.011728
231.040000 -0.132348 -6.523351 0.145058 0.001963 0.018692 0.999761 -0.011158
231.137000 -0.150068 -6.516583 0.139764 0.002183 0.018628 0.999763 -0.011013
231.238000 -0.165949 -6.517531 0.133616 0.003188 0.017849 0.999767 -0.011735
231.337000 -0.192044 -6.515963 0.137519 0.002748 0.018045 0.999767 -0.011494
231.437000 -0.213572 -6.519675 0.141320 0.003488 0.018718 0.999754 -0.011387
231.537000 -0.235252 -6.520550 0.141287 0.003626 0.018275 0.999763 -0.011241
231.638000 -0.255060 -6.522810 0.138753 0.003977 0.018502 0.999762 -0.010882
231.737000 -0.275235 -6.526534 0.141730 0.003610 0.018828 0.999754 -0.011120
231.838000 -0.298997 -6.526105 0.135788 0.004399 0.018144 0.999768 -0.010787
231.938000 -0.315288 -6.524566 0.135400 0.005105 0.017738 0.999767 -0.011197
232.038000 -0.334145 -6.524491 0.136501 0.005255 0.017789 0.999765 -0.011234
232.138000 -0.355348 -6.520609 0.134704 0.005497 0.017790 0.999762 -0.011336
232.238000 -0.374844 -6.525369 0.137638 0.005618 0.017886 0.999759 -0.011429
232.339000 -0.396031 -6.523161 0.141942 0.005671 0.017926 0.999761 -0.011184
232.438000 -0.414632 -6.525131 0.140916 0.005626 0.018001 0.999761 -0.011070
232.538000 -0.440986 -6.531207 0.149112 0.005787 0.018655 0.999748 -0.011047
232.640000 -0.468287 -6.528706 0.145019 0.006115 0.018736 0.999746 -0.010894
232.737000 -0.487592 -6.530176 0.132809 0.005798 0.017479 0.999769 -0.011094
232.838000 -0.504926 -6.532200 0.134529 0.006103 0.017729 0.999759 -0.011407
232.936000 -0.527555 -6.532110 0.138320 0.006003 0.018581 0.999745 -0.011381
233.036000 -0.547554 -6.529836 0.138378 0.006564 0.018110 0.999750 -0.011342
233.137000 -0.563738 -6.529505 0.134866 0.006552 0.017950 0.999753 -0.011374
233.236000 -0.580748 -6.526341 0.136233 0.006653 0.017124 0.999766 -0.011453
233.337000 -0.599168 -6.522496 0.136037 0.006979 0.017474 0.999761 -0.011167
233.437000 -0.616505 -6.526137 0.139170 0.007204 0.017010 0.999766 -0.011242
233.537000 -0.636090 -6.531834 0.137481 0.007398 0.017897 0.999752 -0.011016
233.638000 -0.658888 -6.528994 0.134017 0.007913 0.017359 0.999758 -0.010956
233.737000 -0.680132 -6.530745 0.128115 0.008282 0.016566 0.999766 -0.011201
233.838000 -0.703418 -6.528062 0.122738 0.007759 0.015312 0.999794 -0.010823
233.938000 -0.726714 -6.533878 0.118674 0.007971 0.014989 0.999804 -0.010151
234.037000 -0.745872 -6.534491 0.118575 0.008283 0.014830 0.999804 -0.010133
234.137000 -0.761093 -6.527707 0.113411 0.008344 0.011968 0.999841 -0.010285
234.237000 -0.784075 -6.531501 0.112779 0.008232 0.012905 0.999819 -0.011296
234.337000 -0.797866 -6.533195 0.114788 0.008308 0.012570 0.999817 -0.011765
234.437000 -0.819702 -6.532923 0.111241 0.007846 0.012365 0.999824 -0.011690
234.537000 -0.835503 -6.538895 0.112560 0.007975 0.012251 0.999821 -0.012032
234.639000 -0.852423 -6.533577 0.111858 0.008189 0.010278 0.999845 -0.011704
234.736000 -0.868536 -6.539824 0.118236 0.008709 0.013355 0.999809 -0.011322
234.836000 -0.899190 -6.539938 0.115101 0.009146 0.013367 0.999808 -0.011050
234.937000 -0.923283 -6.539623 0.122040 0.009161 0.014364 0.999791 -0.011334
235.037000 -0.940929 -6.539114 0.118918 0.009186 0.014006 0.999793 -0.011593
235.137000 -0.960244 -6.538683 0.118801 0.009750 0.013964 0.999791 -0.011282
235.237000 -0.982561 -6.538392 0.119993 0.009933 0.014121 0.999789 -0.011115
235.337000 -1.003411 -6.535046 0.118078 0.010254 0.014253 0.999776 -0.011788
235.439000 -1.018306 -6.534877 0.123413 0.010159 0.014817 0.999774 -0.011390
235.537000 -1.036949 -6.539037 0.120940 0.010102 0.014808 0.999775 -0.011299
235.637000 -1.052282 -6.542360 0.118811 0.010109 0.015274 0.999769 -0.011269
235.737000 -1.079832 -6.543651 0.117333 0.010761 0.014320 0.999768 -0.011959
235.840000 -1.102160 -6.543707 0.111657 0.011377 0.013970 0.999769 -0.011732
235.936000 -1.123049 -6.540551 0.114363 0.011413 0.014088 0.999769 -0.011560
236.048000 -1.141621 -6.547918 0.124299 0.011183 0.018781 0.999702 -0.010866
236.145000 -1.156813 -6.545967 0.133786 0.011684 0.017808 0.999711 -0.011125
236.238000 -1.178611 -6.540142 0.129823 0.011763 0.017517 0.999714 -0.011225
236.337000 -1.195356 -6.546005 0.134074 0.011899 0.017214 0.999721 -0.010972
236.436000 -1.215722 -6.552617 0.134685 0.011916 0.017789 0.999708 -0.011187
236.538000 -1.241588 -6.550341 0.133150 0.011916 0.016637 0.999733 -0.010776
236.637000 -1.262641 -6.552391 0.138068 0.012172 0.017184 0.999720 -0.010768
236.737000 -1.279753 -6.548409 0.136058 0.012226 0.017104 0.999725 -0.010380
236.837000 -1.307078 -6.552736 0.134461 0.012545 0.017452 0.999718 -0.010111
236.938000 -1.322855 -6.547723 0.135750 0.013470 0.017929 0.999689 -0.010911
237.039000 -1.345783 -6.552566 0.140743 0.014139 0.017973 0.999680 -0.010792
237.137000 -1.360683 -6.551862 0.136819 0.013845 0.019187 0.999644 -0.012300
237.238000 -1.380420 -6.550604 0.136549 0.014273 0.017250 0.999674 -0.012280
237.339000 -1.400043 -6.547803 0.135251 0.014719 0.017071 0.999675 -0.011896
237.439000 -1.417956 -6.547306 0.135526 0.015048 0.016752 0.999676 -0.011908
237.543000 -1.438099 -6.550567 0.139436 0.015061 0.016869 0.999682 -0.011156
237.637000 -1.464188 -6.555222 0.143668 0.015658 0.017261 0.999658 -0.011890
237.738000 -1.483308 -6.552171 0.139837 0.016015 0.016959 0.999663 -0.011424
237.837000 -1.503279 -6.553897 0.137994 0.015963 0.016706 0.999669 -0.011300
237.937000 -1.525483 -6.553726 0.145515 0.016444 0.017207 0.999648 -0.011731
238.037000 -1.547703 -6.555789 0.148536 0.016335 0.017762 0.999640 -0.011701
238.138000 -1.571023 -6.554583 0.142612 0.016764 0.016488 0.999652 -0.011995
238.237000 -1.592886 -6.552060 0.142346 0.016192 0.016934 0.999653 -0.012055
238.337000 -1.609825 -6.555789 0.144922 0.016333 0.017007 0.999648 -0.012164
238.437000 -1.625690 -6.556567 0.145543 0.016376 0.017115 0.999645 -0.012186
238.537000 -1.638575 -6.556905 0.148715 0.016513 0.017150 0.999641 -0.012325
238.636000 -1.659794 -6.560963 0.149144 0.016292 0.016920 0.999649 -0.012283
238.737000 -1.680691 -6.563478 0.146375 0.015804 0.017004 0.999655 -0.012320
238.836000 -1.698912 -6.559262 0.149571 0.015803 0.016609 0.999660 -0.012434
238.936000 -1.721691 -6.562792 0.149890 0.016096 0.016680 0.999663 -0.011710
239.037000 -1.737258 -6.560578 0.147949 0.016149 0.016174 0.999665 -0.012149
239.137000 -1.757054 -6.565435 0.150365 0.016381 0.016369 0.999656 -0.012298
239.239000 -1.774196 -6.568668 0.153871 0.016320 0.016951 0.999646 -0.012395
239.337000 -1.792579 -6.563259 0.154675 0.016387 0.016757 0.999654 -0.011971
239.437000 -1.814762 -6.560219 0.152304 0.016295 0.016341 0.999667 -0.011549
239.538000 -1.835402 -6.562661 0.150759 0.015954 0.016731 0.999666 -0.011541
239.637000 -1.855819 -6.563622 0.151297 0.016014 0.016249 0.999671 -0.011761
239.738000 -1.878070 -6.565411 0.149395 0.016029 0.016487 0.999661 -0.012200
239.836000 -1.892985 -6.562109 0.150814 0.016268 0.016045 0.999646 -0.013651
239.938000 -1.919456 -6.561152 0.145715 0.015972 0.014814 0.999677 -0.013073
240.038000 -1.939613 -6.557071 0.148589 0.016381 0.015851 0.999655 -0.013056
240.138000 -1.959969 -6.555544 0.146118 0.016488 0.015335 0.999663 -0.012900
240.236000 -1.976555 -6.559265 0.144187 0.015262 0.015641 0.999681 -0.012644
240.339000 -1.995514 -6.557060 0.140202 0.014895 0.015301 0.999691 -0.012709
240.437000 -2.015004 -6.561194 0.149751 0.015183 0.015758 0.999675 -0.013086
240.537000 -2.032010 -6.559691 0.152909 0.015488 0.015973 0.999672 -0.012702
240.637000 -2.059790 -6.562669 0.153454 0.015683 0.016196 0.999668 -0.012487
240.742000 -2.082343 -6.565506 0.157330 0.015553 0.016359 0.999665 -0.012625
240.840000 -2.102560 -6.565217 0.162535 0.015749 0.016749 0.999643 -0.013612
240.939000 -2.113491 -6.566147 0.162144 0.015577 0.016372 0.999646 -0.014069
241.040000 -2.128078 -6.567557 0.151994 0.015040 0.015647 0.999670 -0.013758
241.137000 -2.153823 -6.569181 0.150351 0.015313 0.015589 0.999670 -0.013474
241.244000 -2.177449 -6.573501 0.152005 0.015520 0.015751 0.999655 -0.014146
241.338000 -2.196360 -6.573022 0.155745 0.015320 0.015978 0.999657 -0.013975
241.437000 -2.214287 -6.570764 0.163995 0.015686 0.015846 0.999654 -0.013976
241.539000 -2.228726 -6.569944 0.169696 0.015915 0.016344 0.999640 -0.014104
241.636000 -2.254005 -6.575458 0.181405 0.015525 0.017947 0.999620 -0.014028
241.737000 -2.274952 -6.578699 0.186358 0.014683 0.017956 0.999636 -0.013751
241.841000 -2.293657 -6.583165 0.184415 0.013422 0.017618 0.999667 -0.013206
241.937000 -2.318284 -6.575431 0.187806 0.013508 0.018089 0.999662 -0.012891
242.039000 -2.339739 -6.568336 0.183257 0.013426 0.017732 0.999671 -0.012764
242.137000 -2.355425 -6.569779 0.173089 0.013205 0.017013 0.999684 -0.012993
242.238000 -2.367672 -6.576810 0.167692 0.013210 0.016345 0.999685 -0.013717
242.337000 -2.391054 -6.573259 0.171552 0.013325 0.016541 0.999689 -0.013055
242.440000 -2.404032 -6.570880 0.173273 0.013070 0.016451 0.999693 -0.013161
242.540000 -2.431017 -6.587257 0.167493 0.013273 0.016144 0.999685 -0.013870
242.637000 -2.453493 -6.586369 0.167254 0.013224 0.016052 0.999688 -0.013862
242.738000 -2.475815 -6.573962 0.167717 0.013234 0.015985 0.999699 -0.013108
242.839000 -2.495841 -6.583365 0.171365 0.013725 0.016331 0.999682 -0.013432
242.937000 -2.518235 -6.590310 0.175085 0.013742 0.016710 0.999675 -0.013461
243.038000 -2.534471 -6.581105 0.172635 0.013421 0.016314 0.999685 -0.013560
243.140000 -2.550923 -6.576607 0.171462 0.014133 0.016394 0.999674 -0.013537
243.241000 -2.556664 -6.589657 0.170042 0.013647 0.015934 0.999667 -0.015025
243.341000 -2.583041 -6.578348 0.176844 0.014530 0.016686 0.999651 -0.014414
243.438000 -2.613979 -6.582977 0.185527 0.014790 0.017183 0.999652 -0.013485
243.541000 -2.634855 -6.576735 0.180435 0.014701 0.016751 0.999672 -0.012585
243.645000 -2.640992 -6.583166 0.175043 0.014451 0.016059 0.999662 -0.014442
243.739000 -2.658746 -6.587122 0.178311 0.014586 0.016021 0.999667 -0.014026
243.838000 -2.684410 -6.580302 0.179507 0.014696 0.016566 0.999665 -0.013377
243.938000 -2.707563 -6.579177 0.179972 0.014328 0.016614 0.999669 -0.013463
244.038000 -2.726293 -6.582897 0.167100 0.013647 0.014746 0.999705 -0.013621
244.138000 -2.749913 -6.582155 0.174727 0.012053 0.014614 0.999731 -0.013402
244.238000 -2.767667 -6.578362 0.174960 0.012917 0.015107 0.999715 -0.013236
244.338000 -2.771767 -6.581815 0.176658 0.012455 0.014842 0.999720 -0.013564
244.439000 -2.802786 -6.592063 0.171896 0.013390 0.014475 0.999707 -0.014053
244.538000 -2.825853 -6.587462 0.172810 0.012964 0.014515 0.999731 -0.012585
244.638000 -2.851651 -6.587920 0.186211 0.013944 0.015503 0.999702 -0.012688
244.738000 -2.859402 -6.591744 0.185736 0.014115 0.015510 0.999693 -0.013174
244.838000 -2.871441 -6.590810 0.184432 0.014527 0.015490 0.999672 -0.014318
244.938000 -2.894911 -6.591462 0.183164 0.015052 0.015893 0.999663 -0.013985
245.038000 -2.921005 -6.591153 0.188185 0.015236 0.016696 0.999654 -0.013467
245.138000 -2.958529 -6.594456 0.176113 0.014512 0.015294 0.999701 -0.012395
245.238000 -2.969953 -6.591067 0.178140 0.014289 0.014767 0.999707 -0.012756
245.338000 -2.982849 -6.590748 0.180949 0.014368 0.015090 0.999695 -0.013264
245.438000 -2.995677 -6.593226 0.183014 0.014983 0.015772 0.999664 -0.014082
245.538000 -3.014602 -6.596644 0.184464 0.014562 0.015244 0.999675 -0.014310
245.638000 -3.033809 -6.591813 0.182796 0.014065 0.014878 0.999691 -0.014092
245.738000 -3.051098 -6.595535 0.178555 0.013384 0.014265 0.999708 -0.014164
245.838000 -3.083509 -6.598176 0.180036 0.013693 0.014472 0.999702 -0.014132
245.937000 -3.108451 -6.598516 0.191792 0.014081 0.015072 0.999691 -0.013841
246.039000 -3.119548 -6.598558 0.189055 0.014155 0.014785 0.999695 -0.013782
246.137000 -3.133427 -6.595409 0.188834 0.014255 0.014891 0.999692 -0.013799
246.238000 -3.154056 -6.588726 0.186700 0.014318 0.015175 0.999684 -0.014021
246.338000 -3.174169 -6.589509 0.184266 0.013954 0.013983 0.999708 -0.013940
246.438000 -3.195243 -6.598668 0.196170 0.013631 0.015101 0.999695 -0.014033
246.538000 -3.228882 -6.595440 0.192182 0.013360 0.014876 0.999715 -0.013023
246.640000 -3.239529 -6.596254 0.207461 0.014275 0.016141 0.999666 -0.014277
246.741000 -3.251261 -6.606673 0.201606 0.012826 0.015899 0.999690 -0.014206
246.838000 -3.265082 -6.595228 0.211351 0.012310 0.016476 0.999697 -0.013551
246.938000 -3.267815 -6.597988 0.213175 0.013225 0.016957 0.999738 -0.007837
247.038000 -3.286880 -6.600875 0.208378 0.012824 0.016757 0.999630 0.017165
247.138000 -3.277681 -6.592133 0.219085 0.013217 0.018455 0.998832 0.042662
247.238000 -3.285524 -6.595059 0.211516 0.011626 0.018300 0.997538 0.066700
247.338000 -3.295031 -6.595003 0.203707 0.012606 0.017257 0.995747 0.089611
247.438000 -3.310510 -6.588407 0.199491 0.013155 0.017146 0.995066 0.096837
247.538000 -3.331530 -6.581290 0.208514 0.012291 0.017630 0.995142 0.096077
247.637000 -3.356516 -6.579468 0.204454 0.011274 0.018153 0.994987 0.097699
247.738000 -3.365955 -6.574439 0.210541 0.011307 0.017738 0.995102 0.096590
247.839000 -3.393630 -6.574178 0.219387 0.012855 0.018579 0.995034 0.096940
247.941000 -3.413078 -6.578843 0.216672 0.012755 0.018643 0.995072 0.096548
248.039000 -3.429425 -6.569918 0.211232 0.013036 0.017832 0.995107 0.096303
248.139000 -3.451048 -6.567950 0.212934 0.013022 0.018093 0.994946 0.097908
248.238000 -3.469306 -6.564304 0.218700 0.012840 0.018420 0.995148 0.095797
248.338000 -3.486793 -6.554503 0.223566 0.012512 0.018706 0.995074 0.096548
248.438000 -3.494572 -6.547550 0.227107 0.013386 0.018980 0.995081 0.096307
248.539000 -3.516879 -6.544673 0.225004 0.013234 0.018532 0.995074 0.096480
248.638000 -3.539715 -6.544544 0.221333 0.014211 0.018512 0.995003 0.097077
248.739000 -3.563951 -6.540178 0.228626 0.015313 0.019069 0.994983 0.097012
248.838000 -3.592117 -6.537364 0.224778 0.014618 0.018495 0.994949 0.097574
248.938000 -3.614048 -6.530855 0.222106 0.014834 0.018058 0.995031 0.096783
249.038000 -3.634551 -6.526496 0.225880 0.014823 0.018308 0.995093 0.096094
249.138000 -3.635958 -6.525821 0.227168 0.014845 0.018750 0.995119 0.095745
249.239000 -3.665307 -6.522915 0.232310 0.014834 0.018755 0.995075 0.096195
249.338000 -3.682591 -6.514969 0.236001 0.014783 0.018972 0.995011 0.096821
249.437000 -3.700642 -6.515295 0.240856 0.014541 0.019692 0.994973 0.097111
249.537000 -3.706581 -6.511808 0.241034 0.013160 0.019526 0.995057 0.096475
249.637000 -3.729161 -6.507700 0.230525 0.012423 0.018513 0.995045 0.096890
249.738000 -3.765326 -6.496304 0.228230 0.012713 0.017615 0.995018 0.097297
249.839000 -3.799326 -6.489887 0.229132 0.012468 0.017521 0.995038 0.097147
249.939000 -3.813286 -6.485223 0.222377 0.011631 0.016915 0.994958 0.098168
250.038000 -3.828667 -6.479532 0.223026 0.011414 0.017250 0.994959 0.098125
250.138000 -3.842662 -6.476988 0.218915 0.011415 0.016912 0.995033 0.097430
250.242000 -3.869889 -6.481640 0.220238 0.011580 0.017008 0.994994 0.097794
250.339000 -3.885035 -6.473727 0.220652 0.013539 0.016808 0.995025 0.097257
250.439000 -3.899904 -6.471983 0.219879 0.013437 0.016812 0.995066 0.096855
250.539000 -3.921005 -6.466817 0.220366 0.014165 0.016813 0.995074 0.096668
250.641000 -3.930144 -6.463144 0.228200 0.013436 0.017799 0.995044 0.096904
250.740000 -3.961667 -6.461215 0.230143 0.012478 0.017661 0.995062 0.096869
250.837000 -3.980470 -6.463437 0.232191 0.012642 0.018173 0.995053 0.096850
250.943000 -3.997175 -6.464068 0.229461 0.012377 0.017935 0.995061 0.096844
251.039000 -4.017717 -6.457383 0.230418 0.014225 0.017803 0.995042 0.096810
251.139000 -4.038294 -6.446609 0.225634 0.014312 0.017066 0.995007 0.097289
251.240000 -4.056805 -6.449108 0.230345 0.014294 0.017712 0.995043 0.096806
251.338000 -4.080154 -6.437736 0.235433 0.014150 0.018130 0.995034 0.096843
251.437000 -4.103337 -6.436216 0.240870 0.013097 0.018268 0.995006 0.097251
251.538000 -4.125354 -6.433012 0.243786 0.013444 0.018547 0.994993 0.097281
251.638000 -4.141751 -6.428919 0.244138 0.013665 0.018455 0.995006 0.097137
251.738000 -4.150068 -6.430231 0.246159 0.013882 0.019207 0.995046 0.096550
251.838000 -4.172983 -6.423087 0.241449 0.015023 0.017961 0.995022 0.096864
251.938000 -4.190490 -6.419748 0.237781 0.015486 0.017515 0.995030 0.096787
252.039000 -4.216736 -6.416957 0.237969 0.015052 0.018084 0.995078 0.096264
252.138000 -4.238213 -6.414132 0.234047 0.015446 0.017508 0.995014 0.096963
252.239000 -4.263148 -6.411123 0.228066 0.014787 0.017102 0.995051 0.096760
252.338000 -4.286664 -6.401718 0.238244 0.014325 0.017828 0.994991 0.097314
252.450000 -4.299483 -6.403298 0.237039 0.014620 0.018033 0.995061 0.096516
252.540000 -4.306007 -6.397072 0.235273 0.014761 0.017628 0.995074 0.096433
252.642000 -4.323292 -6.393600 0.234614 0.014602 0.017564 0.995124 0.095952
252.739000 -4.343286 -6.391582 0.231813 0.013930 0.017125 0.995110 0.096276
252.838000 -4.378301 -6.388734 0.235510 0.014778 0.017375 0.995052 0.096700
252.939000 -4.390283 -6.388669 0.240000 0.014747 0.017576 0.995076 0.096426
253.037000 -4.415489 -6.380942 0.240540 0.014467 0.018065 0.995071 0.096425
253.139000 -4.429914 -6.389686 0.241093 0.015239 0.018341 0.995199 0.094920
253.240000 -4.446151 -6.383883 0.240847 0.015174 0.018298 0.995198 0.094952
253.339000 -4.468787 -6.368608 0.242922 0.015727 0.018168 0.995042 0.096514
253.439000 -4.489556 -6.367561 0.242711 0.015991 0.017854 0.995107 0.095852
253.539000 -4.507183 -6.360821 0.242470 0.016125 0.017748 0.995056 0.096380
253.639000 -4.525196 -6.362817 0.240851 0.015865 0.017774 0.995070 0.096273
253.739000 -4.539791 -6.361963 0.241914 0.016255 0.018081 0.995121 0.095617
253.840000 -4.559420 -6.351668 0.234515 0.016729 0.017461 0.995079 0.096086
253.942000 -4.598121 -6.346433 0.241319 0.018550 0.017407 0.995031 0.096265
254.041000 -4.616118 -6.339024 0.247137 0.018323 0.017254 0.995058 0.096058
254.139000 -4.630193 -6.330411 0.247648 0.018185 0.017670 0.994999 0.096614
254.239000 -4.648385 -6.331671 0.249644 0.017511 0.018317 0.995020 0.096400
254.339000 -4.667565 -6.333689 0.246375 0.017224 0.020687 0.995021 0.095966
254.439000 -4.689528 -6.328448 0.243519 0.017759 0.019658 0.995058 0.095699
254.547000 -4.709860 -6.326307 0.238882 0.018511 0.018833 0.995112 0.095157
254.640000 -4.723186 -6.320124 0.241985 0.018928 0.018847 0.995076 0.095451
254.740000 -4.741281 -6.320249 0.243481 0.017913 0.018952 0.995075 0.095631
254.838000 -4.782443 -6.311902 0.245501 0.017386 0.019663 0.994951 0.096873
254.941000 -4.810212 -6.307749 0.251858 0.017566 0.020132 0.994918 0.097076
255.039000 -4.815722 -6.303010 0.252149 0.017642 0.020491 0.994953 0.096630
255.138000 -4.823515 -6.304386 0.254472 0.017084 0.021649 0.995012 0.095871
255.239000 -4.845253 -6.294950 0.249830 0.016854 0.021458 0.994944 0.096653
255.340000 -4.872277 -6.295861 0.247796 0.017195 0.020672 0.994984 0.096353
255.440000 -4.891075 -6.286136 0.253244 0.017632 0.020649 0.994925 0.096889
255.539000 -4.912047 -6.279921 0.255161 0.017400 0.020833 0.994907 0.097077
255.639000 -4.919307 -6.277819 0.248688 0.017074 0.021035 0.994937 0.096779
255.739000 -4.922794 -6.286179 0.250113 0.015914 0.020582 0.995029 0.096126
255.839000 -4.921405 -6.286854 0.251339 0.016398 0.020517 0.994985 0.096512
255.939000 -4.920151 -6.286297 0.249188 0.016009 0.020373 0.995015 0.096303
256.040000 -4.921575 -6.275402 0.251825 0.015845 0.020382 0.995785 0.088007
256.139000 -4.920493 -6.285494 0.253445 0.016029 0.021389 0.997779 0.061015
256.239000 -4.949676 -6.262909 0.255935 0.017668 0.018888 0.998937 0.038146
256.340000 -4.934447 -6.269059 0.256770 0.018538 0.020501 0.999156 0.030372
256.439000 -4.938347 -6.284245 0.252701 0.017345 0.018621 0.999573 0.014340
256.539000 -4.919153 -6.277998 0.244317 0.018671 0.018180 0.999588 -0.012040
256.639000 -4.922994 -6.280406 0.248299 0.021366 0.015078 0.999423 -0.021695
256.739000 -4.946974 -6.271547 0.254752 0.021211 0.017746 0.999454 -0.018061
256.839000 -4.934576 -6.278975 0.257489 0.021860 0.017233 0.999390 -0.021085
256.939000 -4.946979 -6.278955 0.258765 0.021386 0.018003 0.999418 -0.019538
257.038000 -4.965768 -6.280387 0.253124 0.020204 0.017648 0.999427 -0.020628
257.138000 -4.987172 -6.285049 0.246309 0.020335 0.015748 0.999454 -0.020764
257.239000 -5.016583 -6.279703 0.246899 0.021433 0.016400 0.999443 -0.019634
257.339000 -5.016260 -6.283883 0.245664 0.020639 0.016155 0.999420 -0.021734
257.438000 -5.044523 -6.279604 0.236978 0.019513 0.015595 0.999477 -0.020530
257.539000 -5.059443 -6.287155 0.229584 0.020810 0.013673 0.999454 -0.021704
257.639000 -5.068587 -6.285988 0.236703 0.021162 0.014483 0.999440 -0.021512
257.740000 -5.094751 -6.279802 0.242092 0.020788 0.015229 0.999460 -0.020410
257.839000 -5.139509 -6.275525 0.233422 0.021147 0.013310 0.999482 -0.020280
257.941000 -5.168781 -6.274000 0.239120 0.022298 0.014704 0.999477 -0.018246
258.039000 -5.185517 -6.277078 0.237189 0.021932 0.014469 0.999453 -0.020106
258.140000 -5.194728 -6.282950 0.241878 0.021780 0.014588 0.999454 -0.020124
258.239000 -5.207300 -6.292508 0.236233 0.021459 0.014280 0.999442 -0.021232
258.339000 -5.230858 -6.280474 0.230901 0.022510 0.012905 0.999463 -0.020011
258.439000 -5.256156 -6.285762 0.244211 0.023526 0.014424 0.999429 -0.019486
258.540000 -5.280894 -6.288416 0.244517 0.024323 0.014346 0.999398 -0.020165
258.639000 -5.302291 -6.288414 0.242966 0.023609 0.014951 0.999409 -0.020022
258.739000 -5.325766 -6.282904 0.249162 0.023962 0.014720 0.999414 -0.019538
258.839000 -5.339743 -6.287820 0.248699 0.024200 0.015496 0.999387 -0.019973
258.938000 -5.351445 -6.293600 0.250769 0.024421 0.015268 0.999379 -0.020306
259.039000 -5.368826 -6.295448 0.246167 0.024346 0.014431 0.999395 -0.020225
259.139000 -5.406939 -6.288288 0.252842 0.026117 0.015015 0.999369 -0.018826
259.239000 -5.426474 -6.295415 0.261225 0.026283 0.015501 0.999337 -0.019844
259.339000 -5.436890 -6.300046 0.263147 0.026367 0.015810 0.999323 -0.020230
259.439000 -5.448907 -6.303428 0.262713 0.026151 0.016033 0.999321 -0.020392
259.539000 -5.469570 -6.303220 0.265617 0.026281 0.015516 0.999321 -0.020648
259.639000 -5.485748 -6.302308 0.265247 0.026409 0.015616 0.999319 -0.020492
259.740000 -5.499918 -6.304578 0.265931 0.026079 0.015675 0.999327 -0.020510
259.840000 -5.529589 -6.306126 0.272960 0.026259 0.016155 0.999312 -0.020628
259.939000 -5.549230 -6.305948 0.269406 0.025874 0.015977 0.999323 -0.020704
260.039000 -5.564969 -6.307583 0.272577 0.025819 0.015710 0.999335 -0.020408
260.140000 -5.581773 -6.311939 0.274204 0.026559 0.016196 0.999306 -0.020470
260.239000 -5.602499 -6.315666 0.273867 0.025930 0.015909 0.999321 -0.020808
260.338000 -5.617682 -6.313966 0.273721 0.025717 0.015433 0.999327 -0.021103
260.439000 -5.651698 -6.307522 0.281794 0.026459 0.015854 0.999331 -0.019639
260.540000 -5.654292 -6.309747 0.278412 0.026219 0.014982 0.999330 -0.020692
260.639000 -5.690344 -6.302057 0.281164 0.026394 0.015455 0.999337 -0.019734
260.740000 -5.715555 -6.302360 0.278268 0.025043 0.014964 0.999379 -0.019758
260.838000 -5.726204 -6.308781 0.282826 0.025359 0.015153 0.999352 -0.020557
260.938000 -5.736597 -6.314585 0.285750 0.025124 0.015465 0.999350 -0.020718
261.039000 -5.764399 -6.303438 0.281901 0.023789 0.015387 0.999399 -0.019956
261.140000 -5.781243 -6.305012 0.280568 0.023643 0.015364 0.999406 -0.019833
261.239000 -5.789425 -6.306183 0.279246 0.023639 0.014850 0.999403 -0.020357
261.347000 -5.810867 -6.323864 0.286701 0.023938 0.014299 0.999372 -0.021864
261.444000 -5.837233 -6.318677 0.299105 0.022108 0.016488 0.999404 -0.020749
261.544000 -5.853187 -6.319645 0.297513 0.021657 0.016413 0.999409 -0.021042
261.644000 -5.867965 -6.322354 0.290080 0.021147 0.015828 0.999416 -0.021692
261.745000 -5.887834 -6.321205 0.289746 0.020883 0.015356 0.999438 -0.021276
261.844000 -5.894443 -6.321084 0.293425 0.020346 0.015796 0.999426 -0.022017
261.943000 -5.927121 -6.323132 0.289673 0.020344 0.015434 0.999440 -0.021618
262.044000 -5.959288 -6.308398 0.281030 0.019287 0.015016 0.999500 -0.020041
262.144000 -5.966748 -6.308624 0.274498 0.018987 0.014729 0.999501 -0.020525
262.245000 -5.983508 -6.315020 0.280080 0.019172 0.015632 0.999461 -0.021563
262.344000 -6.008946 -6.319907 0.282386 0.019629 0.015107 0.999474 -0.020954
262.444000 -6.039112 -6.323972 0.296366 0.020642 0.015938 0.999439 -0.021008
262.544000 -6.059663 -6.316320 0.296856 0.021188 0.015897 0.999447 -0.020078
262.643000 -6.066097 -6.323389 0.303480 0.022108 0.016065 0.999415 -0.020540
262.744000 -6.085185 -6.322318 0.302054 0.020709 0.016608 0.999430 -0.020834
262.846000 -6.113606 -6.316068 0.289563 0.019508 0.016171 0.999491 -0.019359
262.944000 -6.133606 -6.314117 0.291392 0.020427 0.015898 0.999485 -0.018984
263.045000 -6.163178 -6.317913 0.302987 0.021147 0.016040 0.999461 -0.019303
263.144000 -6.169731 -6.318838 0.292805 0.021086 0.015762 0.999461 -0.019635
263.245000 -6.191961 -6.320431 0.301843 0.022888 0.015424 0.999417 -0.020075
263.343000 -6.222888 -6.317249 0.301463 0.022276 0.016292 0.999445 -0.018661
263.445000 -6.237024 -6.317764 0.298796 0.021721 0.016295 0.999448 -0.019117
263.543000 -6.260463 -6.323127 0.294116 0.022356 0.014457 0.999449 -0.019808
263.646000 -6.286689 -6.340032 0.304336 0.023553 0.014209 0.999388 -0.021615
263.744000 -6.303231 -6.343253 0.303093 0.023311 0.013966 0.999391 -0.021884
263.844000 -6.318497 -6.341470 0.298397 0.022813 0.013386 0.999413 -0.021769
263.943000 -6.332310 -6.342184 0.298024 0.022751 0.013169 0.999410 -0.022102
264.044000 -6.357828 -6.331876 0.304197 0.023361 0.014584 0.999422 -0.019939
264.143000 -6.389834 -6.320079 0.307337 0.022943 0.016385 0.999420 -0.019100
264.244000 -6.414542 -6.325214 0.307915 0.022765 0.017609 0.999399 -0.019310
264.344000 -6.431676 -6.319834 0.318737 0.023486 0.018414 0.999387 -0.018324
264.444000 -6.443871 -6.321945 0.316035 0.022978 0.016755 0.999400 -0.019781
264.544000 -6.451082 -6.323210 0.314536 0.022596 0.016177 0.999421 -0.019628
264.644000 -6.478898 -6.367716 0.322391 0.023898 0.017623 0.999293 -0.023070
264.744000 -6.509284 -6.378486 0.311788 0.024146 0.015520 0.999299 -0.024044
264.844000 -6.535034 -6.373870 0.294054 0.022838 0.013631 0.999373 -0.023381
264.944000 -6.548064 -6.365597 0.305961 0.023577 0.015169 0.999340 -0.023109
265.044000 -6.553584 -6.389032 0.316062 0.023041 0.014182 0.999309 -0.025492
265.144000 -6.564239 -6.374076 0.309229 0.021244 0.014910 0.999377 -0.023902
265.244000 -6.571764 -6.425082 0.309793 0.020842 0.013827 0.999284 -0.028376
265.344000 -6.604072 -6.395123 0.313761 0.021109 0.013095 0.999364 -0.025599
265.444000 -6.621040 -6.433638 0.307008 0.021209 0.014638 0.999235 -0.029420
265.544000 -6.642542 -6.411703 0.317830 0.022547 0.011770 0.999314 -0.026917
265.645000 -6.662025 -6.388830 0.312621 0.022432 0.010874 0.999359 -0.025709
265.745000 -6.681495 -6.371161 0.311934 0.022154 0.010585 0.999407 -0.024137
265.851000 -6.702370 -6.383661 0.312414 0.021660 0.010935 0.999412 -0.024215
265.944000 -6.731869 -6.356158 0.305638 0.021070 0.009589 0.999483 -0.022313
266.044000 -6.753830 -6.326058 0.319081 0.021546 0.010394 0.999484 -0.021446
266.143000 -6.760072 -6.361282 0.304171 0.018801 0.009658 0.999502 -0.023427
266.244000 -6.773465 -6.380653 0.302714 0.018321 0.009315 0.999504 -0.023877
266.345000 -6.813482 -6.367912 0.313621 0.019822 0.010301 0.999506 -0.022108
266.445000 -6.832809 -6.366263 0.324302 0.018120 0.010322 0.999538 -0.022105
266.544000 -6.851341 -6.366176 0.312247 0.017316 0.009955 0.999556 -0.022124
266.644000 -6.873112 -6.361697 0.313351 0.017950 0.009674 0.999560 -0.021552
266.744000 -6.887650 -6.364781 0.314603 0.017813 0.009919 0.999548 -0.022101
266.843000 -6.912757 -6.368728 0.322982 0.019389 0.010494 0.999510 -0.022207
266.947000 -6.936845 -6.367591 0.322475 0.019560 0.010257 0.999518 -0.021828
267.046000 -6.950467 -6.369408 0.318472 0.019252 0.009999 0.999519 -0.022177
267.143000 -6.970047 -6.372838 0.320001 0.019190 0.009758 0.999518 -0.022358
267.244000 -6.985493 -6.379663 0.317463 0.018934 0.009959 0.999510 -0.022843
267.345000 -7.001418 -6.378407 0.324529 0.019292 0.010533 0.999497 -0.022873
267.443000 -7.032441 -6.368490 0.325443 0.019243 0.010322 0.999518 -0.022061
267.544000 -7.061042 -6.351306 0.332148 0.019801 0.010473 0.999535 -0.020711
267.644000 -7.085025 -6.363382 0.338636 0.019679 0.011514 0.999515 -0.021194
267.744000 -7.113101 -6.368336 0.328770 0.020521 0.010344 0.999516 -0.020971
267.845000 -7.131455 -6.362146 0.343031 0.021206 0.011313 0.999494 -0.020840
267.944000 -7.146921 -6.369308 0.344187 0.020958 0.011510 0.999481 -0.021584
268.043000 -7.158681 -6.372369 0.331733 0.020122 0.010318 0.999513 -0.021494
268.144000 -7.172140 -6.377325 0.339228 0.020398 0.011429 0.999481 -0.022163
268.244000 -7.189840 -6.387349 0.333595 0.019759 0.010801 0.999490 -0.022645
268.344000 -7.202929 -6.359458 0.331679 0.021946 0.010492 0.999571 -0.016337
268.444000 -7.214473 -6.358652 0.353444 0.024753 0.012373 0.999602 0.005557
268.543000 -7.197407 -6.386476 0.350113 0.024406 0.013161 0.999172 0.029787
268.646000 -7.204549 -6.373004 0.349381 0.023686 0.013351 0.998114 0.055031
268.744000 -7.213269 -6.354983 0.345412 0.020851 0.013346 0.996354 0.081642
268.846000 -7.205387 -6.357446 0.340621 0.021729 0.013849 0.994074 0.105606
268.945000 -7.206661 -6.380706 0.338347 0.021406 0.014440 0.991163 0.130109
269.044000 -7.215204 -6.353571 0.350967 0.020261 0.015353 0.987474 0.155719
269.143000 -7.204270 -6.340309 0.338074 0.019310 0.014624 0.983556 0.178972
269.244000 -7.207163 -6.366943 0.348680 0.018738 0.016180 0.978726 0.203673
269.343000 -7.211785 -6.359347 0.339058 0.018389 0.016445 0.973304 0.228191
269.444000 -7.212777 -6.351139 0.337244 0.018477 0.015937 0.967114 0.253168
269.544000 -7.225765 -6.346083 0.351118 0.019966 0.018410 0.960300 0.277644
269.644000 -7.205635 -6.336051 0.348108 0.017870 0.018049 0.953381 0.300698
269.745000 -7.206512 -6.348926 0.335860 0.016347 0.017333 0.945691 0.324191
269.843000 -7.202573 -6.353929 0.336508 0.016092 0.017757 0.937541 0.347049
269.944000 -7.205677 -6.335452 0.331554 0.016101 0.017689 0.928219 0.371264
270.044000 -7.202914 -6.331743 0.336436 0.016785 0.019029 0.919060 0.393300
270.145000 -7.204282 -6.339796 0.326738 0.015887 0.018509 0.908756 0.416614
270.244000 -7.212844 -6.345987 0.333173 0.016143 0.019944 0.898107 0.439029
270.345000 -7.213201 -6.326597 0.345779 0.015514 0.021196 0.886275 0.462414
270.444000 -7.213682 -6.357796 0.342737 0.015525 0.021768 0.875031 0.483329
270.543000 -7.202316 -6.349154 0.342274 0.014481 0.022050 0.863196 0.504179
270.646000 -7.204357 -6.339502 0.334149 0.014163 0.021466 0.849836 0.526419
270.743000 -7.200183 -6.351400 0.336622 0.012948 0.021763 0.836719 0.547047
270.845000 -7.191040 -6.364931 0.338448 0.012816 0.022617 0.823166 0.567206
270.944000 -7.175469 -6.378686 0.333608 0.012058 0.022471 0.809547 0.586501
271.044000 -7.187257 -6.380949 0.342759 0.011414 0.024243 0.794470 0.606712
271.145000 -7.183393 -6.363714 0.334805 0.011326 0.023558 0.779078 0.626382
271.245000 -7.179868 -6.350790 0.337570 0.011326 0.024121 0.763077 0.645758
271.344000 -7.185714 -6.341291 0.335484 0.010680 0.023857 0.746476 0.664899
271.443000 -7.181913 -6.359608 0.333542 0.009326 0.023722 0.730186 0.682773
271.545000 -7.186098 -6.365409 0.327718 0.008350 0.022968 0.724909 0.688411
271.643000 -7.176584 -6.370224 0.324544 0.009699 0.022984 0.725859 0.687391
271.744000 -7.174826 -6.368340 0.326356 0.008644 0.023146 0.724581 0.688747
271.845000 -7.170912 -6.348192 0.329155 0.009265 0.023552 0.724757 0.688540
271.944000 -7.175403 -6.322263 0.320768 0.009046 0.022155 0.724789 0.688556
272.046000 -7.181095 -6.304116 0.333701 0.008737 0.023389 0.724300 0.689032
272.144000 -7.180579 -6.274382 0.339449 0.008653 0.023380 0.724659 0.688656
272.244000 -7.185846 -6.261637 0.343495 0.008789 0.024253 0.724475 0.688818
272.344000 -7.181819 -6.252893 0.343033 0.010252 0.025123 0.724963 0.688253
272.444000 -7.183110 -6.220614 0.338213 0.009500 0.023608 0.724652 0.688645
272.546000 -7.184114 -6.206951 0.347072 0.009140 0.024420 0.724788 0.688478
272.643000 -7.182623 -6.187601 0.344660 0.009550 0.023922 0.725013 0.688253
272.753000 -7.186732 -6.169638 0.344482 0.009226 0.023844 0.724813 0.688471
272.844000 -7.184640 -6.157325 0.347251 0.010295 0.024841 0.725211 0.688001
272.945000 -7.189637 -6.142087 0.351078 0.010378 0.025504 0.724997 0.688201
273.046000 -7.183192 -6.118232 0.349973 0.009690 0.024699 0.725354 0.687864
273.149000 -7.184081 -6.106734 0.339850 0.010166 0.023986 0.725633 0.687588
273.244000 -7.193826 -6.069688 0.360303 0.010486 0.025925 0.724792 0.688400
273.344000 -7.182903 -6.045382 0.353403 0.010936 0.025915 0.725399 0.687753
273.445000 -7.184254 -6.031239 0.348073 0.011221 0.025432 0.725532 0.687627
273.544000 -7.181168 -6.019039 0.354922 0.010337 0.025090 0.725553 0.687631
273.645000 -7.183601 -6.003725 0.356264 0.011050 0.025608 0.725443 0.687716
273.744000 -7.183004 -5.990088 0.347403 0.011451 0.025074 0.725801 0.687352
273.844000 -7.177492 -5.978206 0.346799 0.011484 0.024810 0.726251 0.686886
273.945000 -7.182066 -5.972365 0.347241 0.011361 0.024904 0.726437 0.686688
274.044000 -7.168889 -5.958664 0.343675 0.012840 0.025819 0.727220 0.685799
274.144000 -7.174124 -5.934668 0.357415 0.013383 0.027699 0.727221 0.685714
274.243000 -7.181569 -5.914585 0.362197 0.013223 0.028397 0.726598 0.686348
274.345000 -7.184946 -5.887769 0.361409 0.012886 0.027586 0.726143 0.686870
274.444000 -7.178165 -5.863409 0.362725 0.013415 0.027752 0.726670 0.686295
274.544000 -7.173474 -5.839915 0.357175 0.012900 0.026828 0.726829 0.686173
274.646000 -7.183273 -5.823168 0.357670 0.013656 0.028249 0.726718 0.686219
274.744000 -7.181452 -5.816319 0.362752 0.015573 0.030413 0.727156 0.685622
274.844000 -7.210827 -5.800286 0.356213 0.016570 0.030586 0.725659 0.687175
274.943000 -7.215986 -5.787041 0.366819 0.017043 0.031543 0.725370 0.687425
275.044000 -7.220531 -5.767488 0.359810 0.017560 0.031316 0.725335 0.687459
275.144000 -7.223999 -5.772438 0.355240 0.017831 0.031147 0.725146 0.687659
275.251000 -7.218103 -5.754963 0.363209 0.018273 0.032077 0.725670 0.687052
275.345000 -7.218595 -5.746703 0.363805 0.018919 0.032885 0.725744 0.686918
275.443000 -7.218103 -5.732113 0.358204 0.019860 0.032984 0.726082 0.686529
275.545000 -7.218786 -5.727311 0.359828 0.020521 0.033676 0.726082 0.686476
275.644000 -7.217151 -5.717194 0.364109 0.021671 0.035062 0.726462 0.685969
275.743000 -7.214361 -5.708153 0.364250 0.021438 0.034742 0.726581 0.685867
275.844000 -7.208668 -5.685773 0.351347 0.021941 0.034136 0.726881 0.685563
275.945000 -7.218524 -5.668386 0.341641 0.021976 0.032861 0.726423 0.686110
276.046000 -7.220152 -5.659838 0.346885 0.022249 0.032967 0.726298 0.686228
276.144000 -7.220576 -5.665246 0.350030 0.022575 0.033468 0.726630 0.685842
276.246000 -7.232141 -5.647843 0.346459 0.022858 0.033320 0.725848 0.686667
276.348000 -7.230341 -5.641815 0.346803 0.023950 0.034307 0.726226 0.686182
276.445000 -7.223334 -5.632039 0.344697 0.024165 0.034489 0.726554 0.685817
276.545000 -7.226865 -5.614217 0.340516 0.024460 0.034207 0.726643 0.685727
276.645000 -7.240888 -5.597945 0.345257 0.024701 0.034434 0.725943 0.686448
276.744000 -7.236246 -5.584761 0.333586 0.024020 0.032791 0.726227 0.686253
276.844000 -7.218157 -5.578188 0.354062 0.023379 0.033971 0.727191 0.685195
276.946000 -7.230445 -5.565351 0.343630 0.024614 0.034760 0.726666 0.685669
277.044000 -7.240195 -5.553554 0.344458 0.025159 0.034897 0.726522 0.685795
277.144000 -7.229434 -5.534129 0.339338 0.025141 0.034484 0.726833 0.685488
277.244000 -7.222157 -5.536787 0.353607 0.023424 0.034220 0.727279 0.685088
277.346000 -7.228545 -5.541930 0.346893 0.024491 0.034360 0.726951 0.685392
277.445000 -7.232226 -5.509923 0.345035 0.025043 0.034735 0.727086 0.685210
277.544000 -7.237511 -5.508873 0.344228 0.025938 0.036273 0.727030 0.685156
277.643000 -7.230296 -5.488636 0.351318 0.026514 0.036466 0.727343 0.684791
277.744000 -7.228752 -5.471980 0.342422 0.026359 0.035589 0.727371 0.684814
277.846000 -7.247077 -5.461293 0.349433 0.026049 0.035967 0.726593 0.685632
277.944000 -7.249269 -5.453847 0.350763 0.026835 0.036599 0.726545 0.685619
278.046000 -7.235262 -5.456585 0.351316 0.026702 0.036833 0.727344 0.684764
278.144000 -7.247787 -5.445095 0.343972 0.027189 0.036390 0.726865 0.685276
278.245000 -7.253621 -5.441241 0.350739 0.026567 0.036215 0.726435 0.685766
278.345000 -7.254023 -5.438045 0.352287 0.027307 0.036757 0.726274 0.685879
278.445000 -7.254697 -5.438095 0.345837 0.027714 0.036512 0.726325 0.685822
278.547000 -7.253617 -5.430169 0.343511 0.027422 0.036225 0.726400 0.685768
278.645000 -7.249885 -5.417686 0.340747 0.027754 0.036305 0.726887 0.685235
278.744000 -7.249449 -5.402213 0.343343 0.028376 0.036936 0.726852 0.685213
278.845000 -7.250255 -5.389152 0.349666 0.029004 0.038083 0.727255 0.684696
278.944000 -7.252286 -5.379631 0.338674 0.028773 0.036453 0.727024 0.685039
279.046000 -7.251455 -5.368309 0.329064 0.029525 0.036420 0.727591 0.684408
279.145000 -7.257433 -5.359996 0.333822 0.029689 0.036525 0.727096 0.684921
279.245000 -7.254961 -5.341737 0.350074 0.029622 0.037835 0.727098 0.684850
279.345000 -7.244872 -5.328688 0.350618 0.029151 0.037268 0.727475 0.684501
279.448000 -7.249016 -5.318957 0.352187 0.029690 0.037893 0.727512 0.684404
279.549000 -7.244755 -5.295805 0.356588 0.029707 0.038074 0.727767 0.684122
279.647000 -7.236749 -5.286362 0.354363 0.029536 0.037551 0.727993 0.683918
279.745000 -7.241042 -5.276054 0.356170 0.029388 0.037411 0.727804 0.684134
279.849000 -7.242862 -5.266153 0.358757 0.029108 0.037306 0.727662 0.684301
279.948000 -7.245167 -5.258228 0.359583 0.029083 0.037273 0.727575 0.684397
280.050000 -7.245075 -5.254659 0.352848 0.028713 0.036442 0.727385 0.684659
280.146000 -7.246363 -5.250174 0.356136 0.027655 0.036030 0.727197 0.684924
280.245000 -7.246679 -5.246000 0.358669 0.028529 0.036689 0.727540 0.684489
280.348000 -7.245343 -5.246136 0.358101 0.028964 0.036845 0.727718 0.684273
280.447000 -7.251248 -5.234612 0.352154 0.028984 0.036085 0.727582 0.684458
280.545000 -7.252665 -5.222276 0.347019 0.028930 0.035896 0.727477 0.684582
280.651000 -7.254606 -5.206843 0.354236 0.029036 0.036137 0.727191 0.684868
280.745000 -7.246459 -5.186451 0.347242 0.029683 0.035905 0.727662 0.684352
280.844000 -7.253738 -5.179389 0.346275 0.030299 0.036396 0.727617 0.684347
280.946000 -7.254727 -5.168168 0.348569 0.030772 0.037309 0.727557 0.684341
281.045000 -7.258885 -5.160848 0.348224 0.031013 0.037080 0.727533 0.684368
281.146000 -7.243688 -5.151733 0.347637 0.031469 0.037550 0.728366 0.683434
281.246000 -7.225450 -5.146276 0.347138 0.032179 0.037858 0.729552 0.682118
281.346000 -7.246366 -5.140784 0.349930 0.035471 0.041013 0.729844 0.681459
281.444000 -7.245260 -5.134034 0.351046 0.035239 0.040645 0.729473 0.681891
281.547000 -7.245816 -5.125095 0.351542 0.035082 0.040431 0.729385 0.682006
281.648000 -7.245536 -5.111021 0.360360 0.034458 0.040087 0.729561 0.681870
281.745000 -7.253591 -5.106137 0.364497 0.034653 0.040846 0.729075 0.682335
281.845000 -7.258829 -5.097996 0.358635 0.034525 0.040173 0.728775 0.682701
281.949000 -7.264319 -5.087777 0.350314 0.035463 0.040178 0.728798 0.682628
282.046000 -7.274582 -5.082135 0.352134 0.035546 0.039963 0.727928 0.683565
282.147000 -7.268574 -5.071510 0.353061 0.035331 0.039957 0.728363 0.683112
282.246000 -7.262552 -5.054563 0.355294 0.034707 0.039574 0.728645 0.682865
282.353000 -7.269559 -5.058761 0.355401 0.035569 0.040197 0.728550 0.682887
282.449000 -7.273953 -5.053801 0.354997 0.035222 0.039805 0.728349 0.683142
282.549000 -7.273352 -5.046519 0.355194 0.035582 0.040054 0.728354 0.683103
282.648000 -7.273069 -5.037374 0.346247 0.036032 0.039771 0.728751 0.682673
282.747000 -7.264377 -5.026694 0.346784 0.032503 0.036953 0.728733 0.683028
282.848000 -7.274427 -5.011849 0.348857 0.033019 0.038249 0.728235 0.683463
282.948000 -7.277484 -4.981002 0.342150 0.034429 0.037708 0.727927 0.683750
283.048000 -7.273780 -4.969155 0.348696 0.033947 0.038665 0.728097 0.683541
283.146000 -7.279225 -4.964587 0.350155 0.034251 0.038651 0.728127 0.683494
283.247000 -7.277485 -4.954584 0.344440 0.034448 0.038335 0.728340 0.683275
283.347000 -7.275786 -4.941321 0.345731 0.033983 0.038036 0.728251 0.683409
283.448000 -7.275019 -4.937011 0.344026 0.032336 0.037422 0.728277 0.683496
283.547000 -7.272936 -4.924324 0.341645 0.032964 0.037293 0.728290 0.683459
283.647000 -7.281815 -4.922984 0.344000 0.033151 0.037310 0.728347 0.683388
283.748000 -7.277399 -4.920532 0.346644 0.034199 0.038833 0.728690 0.682886
283.848000 -7.274898 -4.918736 0.348298 0.032394 0.037827 0.728340 0.683403
283.947000 -7.278926 -4.913326 0.343094 0.033027 0.037281 0.728351 0.683391
284.047000 -7.280662 -4.909917 0.344994 0.034429 0.039097 0.728791 0.682752
284.147000 -7.288221 -4.899927 0.345227 0.034216 0.038358 0.728201 0.683433
284.247000 -7.289944 -4.878739 0.341746 0.034470 0.038099 0.728316 0.683313
284.347000 -7.287009 -4.860252 0.349056 0.032689 0.037604 0.728472 0.683261
284.449000 -7.293036 -4.848617 0.343968 0.033414 0.037487 0.728070 0.683661
284.550000 -7.294924 -4.840456 0.344523 0.034835 0.039348 0.728128 0.683424
284.647000 -7.292414 -4.832502 0.342723 0.034777 0.038491 0.728309 0.683283
284.748000 -7.301102 -4.812296 0.342221 0.035238 0.038538 0.728012 0.683573
284.847000 -7.301068 -4.793182 0.343975 0.035645 0.038800 0.728289 0.683242
284.948000 -7.301696 -4.770076 0.341055 0.035479 0.038291 0.728156 0.683421
285.050000 -7.292281 -4.759237 0.338624 0.034202 0.037743 0.728547 0.683099
285.148000 -7.302445 -4.753988 0.338943 0.035611 0.038161 0.728580 0.682969
285.247000 -7.308368 -4.731900 0.342474 0.035005 0.038024 0.727858 0.683778
285.346000 -7.305205 -4.724130 0.337966 0.035997 0.038274 0.728348 0.683190
285.447000 -7.302725 -4.712315 0.338118 0.035522 0.037832 0.728488 0.683090
285.548000 -7.306937 -4.698986 0.338210 0.035671 0.037862 0.728296 0.683285
285.657000 -7.303283 -4.678842 0.334147 0.034979 0.036315 0.728929 0.682730
285.750000 -7.304445 -4.666121 0.339062 0.035914 0.037845 0.728947 0.682579
285.851000 -7.307140 -4.641106 0.338156 0.035205 0.037963 0.728918 0.682641
285.950000 -7.310220 -4.619489 0.344341 0.034750 0.037722 0.728632 0.682982
286.050000 -7.305925 -4.607958 0.339875 0.035166 0.037621 0.728864 0.682718
286.150000 -7.304838 -4.597931 0.345875 0.035802 0.038482 0.728980 0.682514
286.250000 -7.301599 -4.591117 0.346037 0.035361 0.037796 0.729123 0.682422
286.350000 -7.305928 -4.580921 0.349263 0.035405 0.038356 0.728877 0.682652
286.450000 -7.301416 -4.576628 0.352088 0.035344 0.038336 0.729187 0.682325
286.550000 -7.306850 -4.565131 0.351383 0.035429 0.038268 0.728876 0.682657
286.650000 -7.307645 -4.554785 0.342215 0.035467 0.037360 0.728749 0.682841
286.749000 -7.311218 -4.548432 0.350244 0.035646 0.038126 0.728819 0.682714
286.850000 -7.309916 -4.536618 0.345913 0.035159 0.037499 0.728361 0.683263
286.950000 -7.312755 -4.516062 0.347445 0.035630 0.037766 0.728950 0.682595
287.050000 -7.308357 -4.496674 0.344597 0.035289 0.037397 0.728981 0.682600
287.151000 -7.308855 -4.483998 0.344847 0.035543 0.037664 0.728860 0.682702
287.249000 -7.317225 -4.475227 0.348381 0.034981 0.037434 0.728625 0.682994
287.349000 -7.316338 -4.469382 0.346238 0.035761 0.037619 0.728776 0.682782
287.451000 -7.320554 -4.453841 0.344538 0.035993 0.037570 0.728881 0.682660
287.550000 -7.320729 -4.450495 0.348080 0.036070 0.037772 0.728739 0.682797
287.651000 -7.322357 -4.445891 0.349296 0.036153 0.037870 0.728680 0.682850
287.750000 -7.322232 -4.437632 0.349277 0.036475 0.038061 0.729052 0.682425
287.853000 -7.325117 -4.430648 0.349920 0.036825 0.038145 0.728840 0.682628
287.952000 -7.328284 -4.412468 0.350470 0.037271 0.038319 0.729156 0.682256
288.053000 -7.326127 -4.404089 0.350071 0.036688 0.037693 0.729182 0.682295
288.152000 -7.329662 -4.392775 0.350097 0.037017 0.037971 0.728860 0.682607
288.250000 -7.333102 -4.381742 0.351651 0.037112 0.038047 0.729006 0.682440
288.350000 -7.333857 -4.370772 0.347610 0.037494 0.037857 0.728968 0.682471
288.450000 -7.335530 -4.353513 0.348279 0.037699 0.037738 0.728789 0.682657
288.550000 -7.337698 -4.340909 0.347478 0.037668 0.037604 0.728835 0.682618
288.649000 -7.335328 -4.327002 0.347993 0.037784 0.037556 0.729181 0.682244
288.750000 -7.334186 -4.307449 0.349342 0.037754 0.037463 0.728702 0.682762
288.850000 -7.334018 -4.292002 0.344959 0.036444 0.036984 0.729022 0.682518
288.950000 -7.335317 -4.277386 0.345168 0.037758 0.037046 0.729352 0.682090
289.050000 -7.334078 -4.269234 0.342119 0.035955 0.037078 0.729474 0.682056
289.150000 -7.332422 -4.256809 0.341399 0.036571 0.036352 0.729813 0.681699
289.255000 -7.334646 -4.243687 0.342526 0.037352 0.036612 0.729828 0.681628
289.350000 -7.347719 -4.228301 0.338436 0.038172 0.037328 0.729255 0.682156
289.451000 -7.342555 -4.225754 0.344099 0.036930 0.037135 0.729741 0.681715
289.552000 -7.346707 -4.203674 0.343088 0.038328 0.037339 0.729522 0.681861
289.650000 -7.345826 -4.191340 0.344775 0.038003 0.037014 0.729569 0.681847
289.750000 -7.348324 -4.170562 0.340371 0.037204 0.036384 0.729415 0.682089
289.850000 -7.345640 -4.161376 0.343209 0.037900 0.036595 0.729805 0.681622
289.950000 -7.350218 -4.149282 0.341666 0.037717 0.036316 0.729840 0.681610
290.051000 -7.357746 -4.131619 0.345370 0.037577 0.036640 0.729602 0.681855
290.152000 -7.357032 -4.113931 0.341758 0.037729 0.035614 0.729816 0.681672
290.251000 -7.362230 -4.097370 0.343208 0.038371 0.036378 0.729305 0.682142
290.350000 -7.359173 -4.086880 0.348231 0.037903 0.036449 0.729750 0.681689
290.450000 -7.357626 -4.069418 0.354693 0.038051 0.037352 0.729567 0.681828
290.549000 -7.366481 -4.053913 0.354562 0.037441 0.036706 0.729421 0.682053
290.650000 -7.367171 -4.037960 0.355862 0.038116 0.037281 0.729351 0.682059
290.749000 -7.367539 -4.029761 0.357486 0.037938 0.036977 0.729594 0.681825
290.851000 -7.373163 -4.011840 0.358597 0.037957 0.036794 0.729520 0.681914
290.950000 -7.380577 -3.995624 0.358435 0.037941 0.036873 0.729546 0.681882
291.050000 -7.376020 -3.972621 0.365791 0.037821 0.037123 0.729650 0.681764
291.151000 -7.372699 -3.960580 0.359748 0.037851 0.036844 0.729723 0.681699
291.251000 -7.376734 -3.945842 0.359367 0.038515 0.036851 0.729650 0.681740
291.351000 -7.382384 -3.931404 0.364919 0.038686 0.037227 0.729322 0.682061
291.450000 -7.379864 -3.910522 0.363775 0.038423 0.036782 0.729789 0.681600
291.551000 -7.377469 -3.890074 0.362663 0.038380 0.036583 0.729528 0.681893
291.651000 -7.377600 -3.869362 0.361255 0.039076 0.036859 0.729969 0.681366
291.750000 -7.382146 -3.852135 0.362129 0.039152 0.036755 0.729297 0.682087
291.850000 -7.381435 -3.843685 0.363110 0.038899 0.036571 0.729288 0.682121
291.950000 -7.381965 -3.823907 0.360248 0.038900 0.036449 0.729453 0.681951
292.050000 -7.384971 -3.806543 0.357961 0.038850 0.035986 0.729965 0.681430
292.152000 -7.385197 -3.785069 0.354670 0.039426 0.035737 0.730186 0.681173
292.250000 -7.387012 -3.766857 0.356128 0.039134 0.035456 0.730249 0.681137
292.349000 -7.389059 -3.750366 0.354316 0.039073 0.035038 0.730190 0.681225
292.450000 -7.392269 -3.729179 0.352589 0.039120 0.034921 0.730252 0.681163
292.550000 -7.393083 -3.711498 0.351683 0.039030 0.034599 0.730391 0.681035
292.651000 -7.389929 -3.690998 0.348274 0.038584 0.033650 0.730652 0.680828
292.750000 -7.393766 -3.670169 0.353051 0.038850 0.034071 0.730302 0.681167
292.855000 -7.391790 -3.654730 0.352168 0.038390 0.033563 0.730372 0.681143
292.950000 -7.393611 -3.638466 0.357442 0.038897 0.034088 0.730420 0.681037
293.050000 -7.396289 -3.620181 0.364143 0.039223 0.034831 0.730392 0.681011
293.152000 -7.394757 -3.601486 0.364418 0.038778 0.034059 0.730558 0.680897
293.251000 -7.398376 -3.584425 0.364450 0.038784 0.034048 0.730408 0.681059
293.352000 -7.399977 -3.564823 0.363162 0.038356 0.033841 0.730194 0.681322
293.450000 -7.402248 -3.548102 0.366098 0.039503 0.034471 0.730400 0.681005
293.551000 -7.398962 -3.531658 0.366146 0.039205 0.034093 0.730325 0.681121
293.649000 -7.398428 -3.511511 0.368011 0.039676 0.034352 0.730265 0.681145
293.755000 -7.398579 -3.489811 0.368340 0.039590 0.034272 0.730256 0.681164
293.857000 -7.398777 -3.470904 0.367846 0.039424 0.033851 0.730243 0.681209
293.951000 -7.398376 -3.446722 0.361337 0.039306 0.033070 0.730255 0.681240
294.050000 -7.406926 -3.426570 0.362640 0.039238 0.033063 0.729867 0.681660
294.150000 -7.405291 -3.412703 0.364396 0.039540 0.033153 0.730302 0.681173
294.250000 -7.416372 -3.393519 0.364512 0.040682 0.033735 0.730149 0.681242
294.350000 -7.412695 -3.372928 0.363567 0.040583 0.033527 0.730398 0.680990
294.450000 -7.415453 -3.356035 0.364306 0.040386 0.033311 0.730217 0.681207
294.552000 -7.414779 -3.340257 0.361892 0.040173 0.032527 0.730686 0.680754
294.651000 -7.420133 -3.321091 0.363652 0.040250 0.032665 0.730643 0.680790
294.750000 -7.421365 -3.299048 0.365149 0.040077 0.032520 0.730981 0.680444
294.849000 -7.420584 -3.280243 0.362394 0.040400 0.032375 0.730733 0.680697
294.953000 -7.421115 -3.266808 0.364066 0.040146 0.032281 0.730771 0.680676
295.051000 -7.419422 -3.252551 0.363644 0.040661 0.032449 0.730785 0.680623
295.151000 -7.422668 -3.236483 0.365594 0.040619 0.032483 0.730903 0.680496
295.250000 -7.420694 -3.211161 0.359243 0.040232 0.031676 0.730600 0.680883
295.350000 -7.423968 -3.184863 0.356149 0.040207 0.031388 0.730624 0.680872
295.451000 -7.425958 -3.166040 0.355865 0.040669 0.031247 0.730864 0.680594
295.550000 -7.426632 -3.147504 0.355875 0.040343 0.030818 0.731200 0.680272
295.650000 -7.424248 -3.131706 0.358730 0.040663 0.031084 0.731010 0.680444
295.750000 -7.429646 -3.115272 0.360218 0.040938 0.031235 0.731069 0.680358
295.851000 -7.429272 -3.098066 0.358810 0.040752 0.030989 0.730953 0.680505
295.950000 -7.427448 -3.073383 0.357858 0.040824 0.030670 0.730867 0.680607
296.051000 -7.432456 -3.050181 0.358623 0.040666 0.030555 0.730316 0.681213
296.150000 -7.434539 -3.028198 0.357465 0.040950 0.030688 0.730414 0.681085
296.250000 -7.439977 -3.005694 0.355916 0.040824 0.030109 0.729757 0.681822
296.351000 -7.438609 -2.988013 0.358719 0.041143 0.030187 0.729713 0.681846
296.450000 -7.440092 -2.976610 0.353773 0.040951 0.029657 0.730131 0.681434
296.549000 -7.437932 -2.951469 0.355501 0.040731 0.029428 0.730074 0.681518
296.649000 -7.440172 -2.931934 0.355987 0.040899 0.029768 0.730226 0.681330
296.753000 -7.437654 -2.914897 0.361324 0.041273 0.030056 0.730021 0.681515
296.852000 -7.439980 -2.893623 0.360917 0.041869 0.030163 0.730294 0.681181
296.952000 -7.442959 -2.875832 0.359846 0.041608 0.029483 0.730044 0.681495
297.053000 -7.445062 -2.854285 0.362688 0.041663 0.029669 0.730713 0.680766
297.152000 -7.443672 -2.831390 0.363997 0.042405 0.029990 0.730639 0.680786
297.252000 -7.443538 -2.808725 0.360140 0.041745 0.029050 0.730226 0.681310
297.352000 -7.446220 -2.788888 0.362214 0.041787 0.029151 0.730081 0.681458
297.450000 -7.445981 -2.768311 0.356745 0.042473 0.028765 0.730019 0.681499
297.551000 -7.449921 -2.750485 0.358322 0.042239 0.028538 0.730288 0.681235
297.652000 -7.453827 -2.734296 0.362167 0.042182 0.028606 0.730676 0.680819
297.751000 -7.456494 -2.715507 0.363094 0.042696 0.028760 0.730619 0.680842
297.853000 -7.454565 -2.697769 0.359942 0.042397 0.028206 0.730387 0.681133
297.951000 -7.456835 -2.679643 0.358921 0.042915 0.028009 0.730555 0.680928
298.051000 -7.455450 -2.659739 0.357178 0.043095 0.027871 0.730893 0.680560
298.150000 -7.459287 -2.634819 0.363339 0.043514 0.028144 0.730784 0.680639
298.251000 -7.462304 -2.611421 0.361410 0.043710 0.028169 0.730142 0.681314
298.353000 -7.464140 -2.594372 0.356964 0.043220 0.027436 0.730493 0.680999
298.451000 -7.463954 -2.576360 0.357426 0.043272 0.027620 0.730399 0.681088
298.551000 -7.461539 -2.552287 0.357555 0.043583 0.027564 0.730169 0.681317
298.651000 -7.462676 -2.534700 0.357522 0.043911 0.027231 0.730202 0.681274
298.753000 -7.462753 -2.524096 0.357882 0.043721 0.027015 0.730698 0.680764
298.852000 -7.469442 -2.498582 0.365938 0.044677 0.027848 0.730386 0.681003
298.951000 -7.468115 -2.472382 0.367336 0.044415 0.027445 0.730194 0.681242
299.053000 -7.468909 -2.447604 0.366976 0.044420 0.027018 0.730236 0.681213
299.152000 -7.471837 -2.433473 0.364348 0.044622 0.027033 0.730186 0.681254
299.251000 -7.474061 -2.416085 0.364284 0.045168 0.027143 0.730407 0.680976
299.351000 -7.473234 -2.396873 0.362430 0.044555 0.026550 0.730500 0.680940
299.452000 -7.472749 -2.370216 0.357673 0.044469 0.025773 0.730050 0.681459
299.552000 -7.471051 -2.353713 0.356947 0.044755 0.025890 0.730208 0.681265
299.651000 -7.476582 -2.335893 0.355250 0.045001 0.025670 0.730404 0.681048
299.752000 -7.478488 -2.311287 0.356927 0.044961 0.025283 0.730446 0.681020
299.852000 -7.478213 -2.285681 0.357660 0.045372 0.025385 0.730253 0.681195
299.951000 -7.482335 -2.268586 0.357988 0.045316 0.025031 0.730538 0.680907
300.051000 -7.483528 -2.251852 0.357162 0.045258 0.024864 0.730618 0.680831
300.153000 -7.484702 -2.228148 0.355620 0.045267 0.024571 0.730541 0.680923
300.251000 -7.484591 -2.207269 0.350900 0.044672 0.023728 0.730827 0.680686
300.351000 -7.491686 -2.190288 0.350206 0.045615 0.023673 0.730741 0.680717
300.452000 -7.487477 -2.175231 0.348375 0.045341 0.023476 0.730922 0.680549
300.552000 -7.491234 -2.155283 0.348812 0.045289 0.023184 0.731182 0.680283
300.651000 -7.498857 -2.134064 0.355903 0.046215 0.023648 0.730998 0.680402
300.753000 -7.496168 -2.123185 0.356811 0.045922 0.023487 0.731477 0.679913
300.852000 -7.492122 -2.106066 0.355898 0.045792 0.023519 0.731618 0.679768
300.952000 -7.499166 -2.096027 0.358493 0.046291 0.024026 0.731426 0.679924
301.050000 -7.492884 -2.071262 0.346338 0.046041 0.022445 0.729969 0.681558
301.150000 -7.493196 -2.060914 0.350935 0.045422 0.023292 0.728955 0.682655
301.253000 -7.497470 -2.046676 0.347762 0.047137 0.022027 0.728401 0.683172
301.350000 -7.491699 -2.036955 0.359839 0.046484 0.023610 0.728056 0.683533
301.451000 -7.489843 -2.035626 0.354508 0.046046 0.023229 0.721628 0.690357
301.551000 -7.502154 -2.024831 0.363052 0.045907 0.025157 0.707529 0.704743
301.651000 -7.505073 -2.023554 0.376784 0.048060 0.027731 0.697201 0.714725
301.750000 -7.498914 -2.032506 0.369859 0.045418 0.027662 0.679295 0.731936
301.850000 -7.496830 -2.009187 0.361371 0.045343 0.028539 0.662858 0.746826
301.951000 -7.490204 -1.996119 0.350165 0.044646 0.026863 0.660934 0.748633
302.051000 -7.495841 -1.977142 0.359821 0.045100 0.027598 0.660124 0.749293
302.151000 -7.491543 -1.960097 0.358366 0.045124 0.027270 0.660492 0.748980
302.253000 -7.490324 -1.948953 0.358657 0.044725 0.026970 0.662088 0.747604
302.352000 -7.488854 -1.941692 0.362221 0.046089 0.026788 0.674878 0.736002
302.453000 -7.485877 -1.951208 0.352355 0.046310 0.023989 0.695051 0.717066
302.552000 -7.490654 -1.946819 0.362111 0.047330 0.023840 0.711588 0.700595
302.653000 -7.492648 -1.925873 0.361208 0.047642 0.023417 0.721327 0.690557
302.751000 -7.495261 -1.902773 0.353212 0.046528 0.022700 0.724221 0.687622
302.851000 -7.498943 -1.891197 0.368485 0.048666 0.024159 0.720863 0.690945
302.951000 -7.496893 -1.894499 0.359074 0.047375 0.023723 0.706207 0.706020
303.052000 -7.489867 -1.895786 0.360392 0.046483 0.025238 0.687009 0.724721
303.152000 -7.493187 -1.899275 0.350357 0.045464 0.025405 0.670564 0.740021
303.251000 -7.490296 -1.891522 0.354169 0.045089 0.026827 0.650571 0.757631
303.351000 -7.494805 -1.896913 0.363143 0.044871 0.029231 0.632005 0.773112
303.451000 -7.487023 -1.900142 0.353027 0.043283 0.028583 0.613209 0.788216
303.551000 -7.482030 -1.877331 0.359782 0.043685 0.031095 0.592393 0.803863
303.651000 -7.481424 -1.875194 0.356198 0.043583 0.031478 0.584777 0.809411
303.751000 -7.473338 -1.861684 0.366024 0.043947 0.032047 0.584902 0.809278
303.851000 -7.464984 -1.835337 0.358609 0.042949 0.030543 0.585108 0.809241
303.952000 -7.464476 -1.817649 0.358086 0.043919 0.030841 0.585317 0.809027
304.051000 -7.459988 -1.799653 0.356338 0.043545 0.030372 0.585156 0.809181
304.153000 -7.451247 -1.780202 0.363018 0.044075 0.031422 0.584771 0.809391
304.250000 -7.442637 -1.762833 0.358519 0.043828 0.030330 0.585020 0.809265
304.352000 -7.435106 -1.748006 0.360386 0.044178 0.030643 0.585041 0.809220
304.452000 -7.430896 -1.718217 0.357955 0.044256 0.030429 0.584774 0.809416
304.551000 -7.428070 -1.700367 0.362888 0.044353 0.030105 0.585168 0.809139
304.651000 -7.421259 -1.679868 0.360511 0.044387 0.030114 0.584816 0.809391
304.751000 -7.408777 -1.657147 0.357054 0.044418 0.029614 0.584518 0.809622
304.858000 -7.399768 -1.640768 0.355292 0.044566 0.029372 0.584583 0.809576
304.951000 -7.394054 -1.617615 0.353743 0.044626 0.029077 0.584580 0.809586
305.051000 -7.387750 -1.596650 0.355595 0.044444 0.028775 0.584286 0.809819
305.151000 -7.386333 -1.587048 0.360766 0.044615 0.029289 0.584571 0.809585
305.252000 -7.379006 -1.572220 0.360858 0.045012 0.029583 0.584626 0.809513
305.352000 -7.371993 -1.551393 0.360744 0.045374 0.030337 0.584051 0.809880
305.451000 -7.365867 -1.523261 0.356987 0.045414 0.029898 0.583975 0.809949
305.551000 -7.360829 -1.498103 0.360224 0.045731 0.029505 0.583775 0.810089
305.651000 -7.351845 -1.487368 0.363628 0.045949 0.030303 0.584134 0.809788
305.750000 -7.344188 -1.470513 0.363878 0.046114 0.030085 0.583932 0.809933
305.852000 -7.337125 -1.454309 0.362594 0.045911 0.029780 0.583939 0.809951
305.951000 -7.331481 -1.432878 0.355305 0.045737 0.029158 0.584119 0.809853
306.051000 -7.326403 -1.411384 0.357615 0.046174 0.029723 0.583932 0.809943
306.153000 -7.322446 -1.390740 0.362633 0.046034 0.029564 0.583802 0.810050
306.252000 -7.314549 -1.380129 0.358998 0.046678 0.029294 0.584249 0.809701
306.352000 -7.310866 -1.358685 0.361003 0.046763 0.030035 0.584354 0.809594
306.451000 -7.306546 -1.334199 0.362576 0.046673 0.029489 0.584410 0.809578
306.553000 -7.301407 -1.313710 0.358255 0.046602 0.029512 0.584015 0.809867
306.652000 -7.292767 -1.295609 0.359587 0.046973 0.029812 0.584338 0.809601
306.752000 -7.286373 -1.276831 0.363432 0.047033 0.029560 0.584270 0.809656
306.851000 -7.283940 -1.261438 0.363462 0.046909 0.029339 0.584263 0.809676
306.951000 -7.271188 -1.239137 0.361522 0.046880 0.029192 0.584204 0.809726
307.051000 -7.265026 -1.217096 0.362557 0.047071 0.028984 0.583885 0.809952
307.152000 -7.266290 -1.196183 0.373983 0.048419 0.030339 0.583692 0.809962
307.251000 -7.257340 -1.182581 0.368859 0.048080 0.029586 0.583933 0.809836
307.354000 -7.245269 -1.162387 0.362248 0.048207 0.028712 0.584367 0.809547
307.451000 -7.238070 -1.140389 0.359280 0.047436 0.027804 0.584325 0.809655
307.551000 -7.233796 -1.124499 0.362294 0.047840 0.028721 0.584348 0.809583
307.651000 -7.229785 -1.099655 0.367247 0.048242 0.028525 0.584710 0.809304
307.751000 -7.224184 -1.083785 0.369925 0.048499 0.028723 0.583707 0.810006
307.851000 -7.215971 -1.065013 0.373187 0.048906 0.029272 0.584054 0.809712
307.953000 -7.208740 -1.042458 0.370324 0.048546 0.028777 0.584035 0.809765
308.051000 -7.201536 -1.022452 0.373890 0.049202 0.029664 0.583681 0.809948
308.150000 -7.199877 -1.014301 0.375356 0.048953 0.029357 0.584138 0.809644
308.251000 -7.197718 -1.005968 0.371279 0.049242 0.028462 0.587032 0.807563
308.351000 -7.199662 -0.996533 0.365566 0.049408 0.027196 0.603911 0.795054
308.451000 -7.197161 -0.998648 0.364856 0.049918 0.025117 0.624597 0.778945
308.553000 -7.203563 -0.996568 0.369215 0.050806 0.024843 0.642765 0.763973
308.657000 -7.199230 -0.997889 0.370174 0.051784 0.023046 0.662865 0.746591
308.751000 -7.193599 -0.984690 0.365460 0.051608 0.022256 0.678495 0.732452
308.852000 -7.197010 -0.977077 0.371321 0.052241 0.022066 0.682890 0.728317
308.950000 -7.196345 -0.953480 0.368427 0.051763 0.022109 0.681993 0.729190
309.050000 -7.194897 -0.948110 0.368714 0.051844 0.022292 0.680761 0.730329
309.150000 -7.193630 -0.938502 0.357581 0.051249 0.020945 0.670859 0.739516
309.252000 -7.187835 -0.932896 0.375754 0.051953 0.023141 0.661763 0.747552
309.352000 -7.188876 -0.903557 0.376301 0.052107 0.022835 0.662299 0.747077
309.450000 -7.184996 -0.867469 0.368888 0.051860 0.022257 0.661180 0.748102
309.551000 -7.187255 -0.840753 0.377376 0.052585 0.022956 0.661350 0.747880
309.651000 -7.179959 -0.822212 0.369236 0.052374 0.021687 0.661743 0.747584
309.751000 -7.176891 -0.810031 0.378688 0.052834 0.022396 0.661459 0.747783
309.851000 -7.176735 -0.794655 0.377823 0.052665 0.021894 0.662336 0.747033
309.950000 -7.180189 -0.777477 0.378843 0.053086 0.021902 0.662168 0.747152
310.051000 -7.176086 -0.763366 0.373755 0.052778 0.021954 0.661971 0.747347
310.151000 -7.172602 -0.738095 0.377160 0.052561 0.021452 0.662034 0.747321
310.251000 -7.169480 -0.711450 0.380077 0.053019 0.021517 0.661604 0.747667
310.354000 -7.163500 -0.693758 0.378129 0.053250 0.021047 0.661513 0.747744
310.452000 -7.165233 -0.671032 0.387454 0.053685 0.021688 0.661496 0.747711
310.553000 -7.165044 -0.665309 0.379189 0.053333 0.021678 0.661795 0.747471
310.652000 -7.157781 -0.633043 0.385530 0.053711 0.021256 0.661532 0.747689
310.752000 -7.155366 -0.618139 0.386469 0.053677 0.021303 0.661456 0.747757
310.852000 -7.153320 -0.608573 0.386681 0.053556 0.021021 0.662003 0.747290
310.954000 -7.150999 -0.577199 0.393950 0.054383 0.021261 0.662017 0.747211
311.052000 -7.148914 -0.568961 0.396289 0.054509 0.021365 0.662487 0.746782
311.152000 -7.144567 -0.551468 0.396157 0.054271 0.021040 0.662402 0.746884
311.252000 -7.150646 -0.527367 0.396175 0.054426 0.020873 0.662628 0.746677
311.352000 -7.148535 -0.496410 0.393944 0.054632 0.020880 0.661689 0.747494
311.452000 -7.147643 -0.485196 0.396216 0.054881 0.020518 0.662489 0.746776
311.552000 -7.138981 -0.464606 0.391705 0.054719 0.020287 0.662042 0.747191
311.652000 -7.136957 -0.444556 0.389360 0.054656 0.020125 0.661692 0.747510
311.754000 -7.139447 -0.427281 0.405491 0.055316 0.020435 0.662305 0.746911
311.855000 -7.144112 -0.429844 0.399845 0.054594 0.019579 0.663057 0.746319
311.953000 -7.142657 -0.399270 0.402129 0.054977 0.019696 0.662109 0.747128
312.050000 -7.138964 -0.371408 0.405308 0.055576 0.020039 0.661929 0.747235
312.152000 -7.120673 -0.334906 0.403958 0.055641 0.020093 0.661462 0.747642
312.252000 -7.122890 -0.304182 0.394926 0.054924 0.020083 0.661251 0.747882
312.349000 -7.118924 -0.289956 0.397681 0.055011 0.019455 0.661495 0.747676
312.452000 -7.112382 -0.278542 0.396472 0.055452 0.019488 0.661611 0.747540
312.552000 -7.111880 -0.256886 0.402934 0.056089 0.019353 0.661324 0.747750
312.652000 -7.111790 -0.229257 0.400707 0.056046 0.019184 0.661130 0.747929
312.753000 -7.100705 -0.209138 0.399375 0.055778 0.018151 0.661119 0.747985
312.851000 -7.096825 -0.197484 0.402570 0.056648 0.018638 0.661611 0.747472
312.952000 -7.089582 -0.183033 0.396928 0.055653 0.017614 0.661167 0.747965
313.051000 -7.096253 -0.161045 0.399745 0.056182 0.017888 0.661565 0.747566
313.152000 -7.096803 -0.133837 0.402732 0.056435 0.017934 0.661494 0.747609
313.252000 -7.094590 -0.115255 0.406209 0.056441 0.018080 0.661536 0.747568
313.352000 -7.098459 -0.095264 0.406235 0.056614 0.017850 0.661485 0.747606
313.452000 -7.094487 -0.078529 0.413035 0.057077 0.017909 0.661299 0.747733
313.552000 -7.088724 -0.055486 0.413456 0.057602 0.017827 0.661330 0.747667
313.652000 -7.087998 -0.034776 0.419628 0.058038 0.017980 0.661458 0.747517
313.752000 -7.080603 -0.019350 0.417816 0.057491 0.017285 0.661551 0.747493
313.852000 -7.077399 0.013706 0.421835 0.057841 0.017254 0.661035 0.747924
313.952000 -7.075665 0.032718 0.418108 0.057557 0.016914 0.661121 0.747877
314.052000 -7.072687 0.046197 0.417694 0.057606 0.016932 0.661346 0.747674
314.155000 -7.073804 0.061833 0.422075 0.058043 0.017093 0.661650 0.747368
314.252000 -7.071576 0.081329 0.427423 0.058080 0.017064 0.661596 0.747413
314.352000 -7.072925 0.098157 0.423771 0.057579 0.016349 0.662023 0.747089
314.456000 -7.072861 0.116614 0.424763 0.057912 0.016083 0.662143 0.746963
314.552000 -7.068490 0.135064 0.425413 0.058311 0.015931 0.661771 0.747265
314.652000 -7.067186 0.149674 0.426272 0.058323 0.016186 0.662254 0.746830
314.755000 -7.064474 0.179779 0.430645 0.058624 0.015916 0.661958 0.747076
314.854000 -7.058266 0.199130 0.432974 0.058576 0.015840 0.661999 0.747044
314.952000 -7.052001 0.223721 0.437331 0.058963 0.015734 0.661588 0.747380
315.055000 -7.047984 0.242713 0.438028 0.059338 0.015832 0.661292 0.747610
315.152000 -7.046184 0.264161 0.441020 0.059540 0.015673 0.661075 0.747790
315.251000 -7.049510 0.276545 0.435914 0.059044 0.015301 0.661489 0.747471
315.352000 -7.050091 0.294520 0.436529 0.058969 0.015179 0.662156 0.746888
315.452000 -7.041761 0.324069 0.437064 0.058797 0.014937 0.661491 0.747495
315.552000 -7.035275 0.346876 0.436954 0.058822 0.014902 0.661326 0.747640
315.652000 -7.026873 0.366898 0.441458 0.059205 0.014819 0.661119 0.747795
315.752000 -7.024916 0.386347 0.445619 0.059810 0.014955 0.660995 0.747854
315.854000 -7.024356 0.402203 0.445182 0.059703 0.014563 0.660975 0.747887
315.952000 -7.015979 0.432069 0.448764 0.060124 0.014730 0.660762 0.748039
316.052000 -7.016037 0.449654 0.449447 0.059988 0.014615 0.660685 0.748120
316.153000 -7.011313 0.466630 0.449842 0.060184 0.014588 0.660897 0.747917
316.252000 -7.007397 0.487427 0.445550 0.059348 0.014139 0.661732 0.747254
316.353000 -7.005357 0.507930 0.446340 0.058990 0.014337 0.661416 0.747558
316.453000 -6.994445 0.517054 0.452441 0.059356 0.014486 0.663149 0.745989
316.553000 -7.009202 0.519940 0.442458 0.059452 0.012678 0.677342 0.733153
316.653000 -7.015400 0.516928 0.447687 0.059689 0.011169 0.696085 0.715387
316.752000 -7.009363 0.515186 0.449312 0.060485 0.009553 0.713840 0.697627
316.851000 -7.022784 0.525615 0.453676 0.060088 0.008980 0.729701 0.681062
316.958000 -7.012638 0.548767 0.442556 0.058022 0.007772 0.739086 0.671063
317.053000 -7.022637 0.556230 0.454467 0.061057 0.007357 0.743780 0.665589
317.153000 -7.021396 0.562721 0.428681 0.058169 0.005998 0.746690 0.662597
317.255000 -7.019298 0.575992 0.415088 0.057248 0.005545 0.746140 0.663300
317.352000 -7.032300 0.581493 0.438156 0.059645 0.006500 0.746987 0.662126
317.453000 -7.038071 0.641935 0.429726 0.058379 0.005545 0.746011 0.663346
317.552000 -7.018366 0.677847 0.447171 0.059636 0.005991 0.745036 0.664326
317.652000 -7.034386 0.708088 0.452772 0.060554 0.006052 0.745338 0.663904
317.752000 -7.035246 0.720521 0.448300 0.059913 0.005595 0.745550 0.663727
317.852000 -7.039235 0.734209 0.444506 0.059688 0.005299 0.745695 0.663588
317.952000 -7.037851 0.752676 0.443974 0.059958 0.005271 0.745468 0.663818
318.052000 -7.043990 0.767981 0.451715 0.060452 0.005428 0.745638 0.663581
318.152000 -7.047713 0.798227 0.450453 0.060193 0.004925 0.745704 0.663534
318.252000 -7.037620 0.828058 0.462596 0.060611 0.005502 0.745427 0.663804
318.353000 -7.044850 0.840842 0.464705 0.060744 0.005297 0.745880 0.663283
318.452000 -7.057267 0.847870 0.465298 0.060789 0.005291 0.746362 0.662737
318.552000 -7.052358 0.868384 0.455652 0.059366 0.005075 0.746334 0.662899
318.653000 -7.065398 0.893574 0.462938 0.060178 0.005774 0.746690 0.662420
318.752000 -7.065417 0.925797 0.465362 0.059969 0.005198 0.745870 0.663366
318.853000 -7.064102 0.950935 0.461921 0.060129 0.005229 0.746015 0.663188
318.952000 -7.065196 0.959479 0.465582 0.060164 0.005531 0.746332 0.662825
319.054000 -7.075328 0.979831 0.468587 0.059930 0.005283 0.746120 0.663088
319.152000 -7.075994 1.002497 0.475264 0.059926 0.006051 0.746062 0.663147
319.252000 -7.074782 1.024353 0.479719 0.060594 0.005690 0.746256 0.662871
319.353000 -7.078015 1.068591 0.473619 0.060861 0.004436 0.745863 0.663299
319.453000 -7.069555 1.076680 0.477421 0.061304 0.005285 0.745873 0.663240
319.554000 -7.071230 1.090891 0.475737 0.061265 0.004798 0.745873 0.663247
319.652000 -7.078265 1.109645 0.479552 0.060792 0.004818 0.746247 0.662870
319.752000 -7.084193 1.125464 0.479569 0.061122 0.004528 0.746262 0.662825
319.853000 -7.087300 1.142779 0.476858 0.060219 0.004746 0.746488 0.662652
319.958000 -7.099025 1.184271 0.442678 0.057349 0.004666 0.746391 0.663015
320.053000 -7.102563 1.215524 0.477915 0.060572 0.005214 0.745672 0.663534
320.152000 -7.103888 1.210005 0.487451 0.061134 0.004648 0.746323 0.662755
320.252000 -7.106577 1.246426 0.494976 0.061213 0.004654 0.746166 0.662923
320.352000 -7.094818 1.286940 0.498991 0.059682 0.006533 0.745497 0.663799
320.452000 -7.104577 1.307711 0.495226 0.059852 0.006108 0.745773 0.663478
320.553000 -7.106192 1.323961 0.495969 0.060033 0.005694 0.745615 0.663643
320.652000 -7.106612 1.336316 0.499948 0.059971 0.005683 0.746164 0.663032
320.753000 -7.111016 1.345562 0.505969 0.060455 0.005644 0.746492 0.662618
320.852000 -7.111502 1.363685 0.506074 0.060456 0.005469 0.746610 0.662487
320.953000 -7.116224 1.389027 0.508669 0.060770 0.005509 0.746642 0.662421
321.053000 -7.121924 1.409036 0.508009 0.060368 0.005622 0.746538 0.662574
321.153000 -7.127461 1.422679 0.510061 0.060476 0.005463 0.746565 0.662536
321.254000 -7.125230 1.446254 0.512231 0.060913 0.005289 0.746671 0.662377
321.353000 -7.132393 1.465838 0.516880 0.060903 0.005076 0.746729 0.662315
321.453000 -7.135259 1.493145 0.517856 0.060510 0.005035 0.746835 0.662232
321.552000 -7.135068 1.514444 0.518344 0.060977 0.005107 0.746784 0.662246
321.652000 -7.135102 1.575523 0.511736 0.060144 0.004578 0.745450 0.663827
321.752000 -7.131288 1.585389 0.512059 0.059857 0.004187 0.745575 0.663715
321.853000 -7.131194 1.594445 0.518553 0.060495 0.003940 0.745546 0.663691
321.952000 -7.138466 1.601036 0.515622 0.060073 0.003875 0.746295 0.662888
322.052000 -7.148080 1.622444 0.522137 0.060335 0.004173 0.746794 0.662300
322.152000 -7.142307 1.652483 0.525590 0.060534 0.004206 0.746210 0.662939
322.252000 -7.137940 1.687939 0.522596 0.059956 0.004127 0.745800 0.663454
322.352000 -7.147454 1.697770 0.529359 0.060619 0.004239 0.746135 0.663016
322.452000 -7.148790 1.710526 0.532843 0.060319 0.004323 0.746636 0.662478
322.553000 -7.159926 1.717327 0.534416 0.060048 0.004147 0.747092 0.661990
322.652000 -7.151800 1.762037 0.537038 0.061449 0.003264 0.746167 0.662908
322.754000 -7.161219 1.783290 0.541585 0.061456 0.003559 0.746286 0.662772
322.854000 -7.162802 1.799738 0.546896 0.061365 0.003931 0.746658 0.662360
322.953000 -7.165672 1.821930 0.552255 0.062234 0.004117 0.746682 0.662250
323.053000 -7.167077 1.848559 0.551270 0.061457 0.003959 0.746280 0.662777
323.154000 -7.166762 1.868160 0.559399 0.062162 0.004075 0.746383 0.662594
323.253000 -7.165756 1.882265 0.561157 0.062395 0.003922 0.746239 0.662736
323.352000 -7.172807 1.904169 0.558946 0.062679 0.003525 0.745890 0.663104
323.452000 -7.180504 1.927388 0.562053 0.062735 0.003427 0.746547 0.662359
323.551000 -7.179696 1.945934 0.566574 0.062958 0.003379 0.746596 0.662284
323.652000 -7.186006 1.973363 0.569027 0.063586 0.002922 0.746381 0.662468
323.753000 -7.184589 1.992597 0.570659 0.062790 0.003381 0.746423 0.662495
323.852000 -7.190174 2.018134 0.570582 0.063029 0.002753 0.746356 0.662550
323.951000 -7.192334 2.061481 0.567901 0.063346 0.001710 0.745952 0.662978
324.052000 -7.199298 2.061132 0.570127 0.063363 0.002342 0.746504 0.662353
324.152000 -7.201555 2.079995 0.574563 0.063424 0.002060 0.746826 0.661985
324.252000 -7.205364 2.094748 0.567476 0.062527 0.002162 0.747098 0.661763
324.352000 -7.201765 2.130673 0.576090 0.063042 0.002136 0.746554 0.662328
324.452000 -7.209409 2.144550 0.579178 0.062752 0.002361 0.746778 0.662102
324.552000 -7.200947 2.172072 0.578497 0.063705 0.001450 0.746146 0.662726
324.652000 -7.217690 2.177445 0.585079 0.063446 0.002319 0.747211 0.661547
324.752000 -7.214559 2.204762 0.590192 0.064142 0.001951 0.746843 0.661897
324.853000 -7.217277 2.220840 0.591627 0.064091 0.002085 0.746923 0.661812
324.952000 -7.213336 2.255831 0.595160 0.063688 0.002157 0.746530 0.662293
325.052000 -7.213647 2.279063 0.602816 0.064824 0.001713 0.746305 0.662438
325.153000 -7.219935 2.297594 0.598701 0.063900 0.001932 0.746761 0.662013
325.254000 -7.221135 2.322820 0.591894 0.062975 0.001686 0.746820 0.662036
325.353000 -7.222193 2.347906 0.596421 0.063175 0.001596 0.746472 0.662410
325.452000 -7.224408 2.369312 0.593037 0.063302 0.001153 0.746676 0.662168
325.551000 -7.227862 2.403071 0.589995 0.063364 0.000602 0.746126 0.662782
325.653000 -7.224051 2.417394 0.591303 0.062611 0.001380 0.746241 0.662723
325.752000 -7.227252 2.434150 0.596885 0.063445 0.000931 0.746345 0.662528
325.853000 -7.230519 2.453364 0.596020 0.063005 0.001306 0.746386 0.662523
325.952000 -7.237532 2.471591 0.595016 0.062517 0.001225 0.746641 0.662282
326.053000 -7.241921 2.491543 0.595857 0.062343 0.000988 0.746714 0.662216
326.152000 -7.241758 2.517866 0.595659 0.062423 0.000896 0.746290 0.662687
326.252000 -7.238590 2.543569 0.592760 0.062004 0.000733 0.746291 0.662726
326.351000 -7.252739 2.558407 0.601068 0.062546 0.000833 0.746903 0.661984
326.452000 -7.254952 2.575591 0.610134 0.063468 0.000658 0.746833 0.661976
326.554000 -7.254332 2.604475 0.616006 0.063700 0.000898 0.746686 0.662119
326.656000 -7.255097 2.626290 0.619014 0.064059 0.000720 0.746522 0.662269
326.752000 -7.251115 2.641733 0.616244 0.064145 0.000651 0.746303 0.662508
326.852000 -7.259613 2.658681 0.616292 0.063736 0.000544 0.746787 0.662002
326.954000 -7.267607 2.682515 0.619910 0.064187 0.000362 0.746934 0.661793
327.052000 -7.257987 2.721536 0.616373 0.063688 0.000197 0.746374 0.662473
327.152000 -7.262423 2.743662 0.619579 0.063778 0.000475 0.746152 0.662714
327.252000 -7.267948 2.755559 0.628194 0.064246 0.000475 0.746256 0.662551
327.352000 -7.265002 2.807659 0.632663 0.064666 -0.000154 0.745366 0.663512
327.452000 -7.277275 2.809710 0.641223 0.065142 0.000105 0.746257 0.662463
327.553000 -7.284627 2.812298 0.641234 0.064433 0.000654 0.746780 0.661943
327.653000 -7.284962 2.829092 0.638483 0.063586 0.000935 0.746793 0.662009
327.752000 -7.277396 2.881952 0.636745 0.063445 0.000672 0.745715 0.663237
327.853000 -7.280929 2.889161 0.640094 0.064155 0.000612 0.746356 0.662448
327.952000 -7.279705 2.907839 0.640145 0.063932 0.000857 0.746211 0.662632
328.055000 -7.286694 2.936977 0.646968 0.064200 0.000863 0.745957 0.662892
328.153000 -7.294431 2.958524 0.651395 0.064725 0.000558 0.746322 0.662430
328.253000 -7.293073 2.980792 0.654330 0.064206 0.001463 0.746534 0.662241
328.353000 -7.294445 2.998201 0.657891 0.065034 0.000636 0.746507 0.662191
328.455000 -7.291633 3.015327 0.663608 0.065358 0.000782 0.746312 0.662379
328.553000 -7.298969 3.030358 0.669273 0.065647 0.001146 0.746466 0.662177
328.653000 -7.301393 3.056737 0.669391 0.065547 0.001115 0.746057 0.662647
328.754000 -7.306094 3.077821 0.674918 0.065769 0.000738 0.746247 0.662411
328.856000 -7.309656 3.105269 0.669835 0.065417 0.000897 0.745856 0.662887
328.953000 -7.310957 3.132412 0.667467 0.065253 0.000229 0.746095 0.662635
329.055000 -7.311878 3.148048 0.662343 0.064678 -0.000036 0.746358 0.662395
329.153000 -7.318724 3.156938 0.668291 0.065134 0.000147 0.746739 0.661920
329.253000 -7.326713 3.177650 0.662610 0.064105 0.000156 0.746745 0.662014
329.355000 -7.317972 3.213820 0.668514 0.064435 0.000211 0.746117 0.662690
329.456000 -7.319212 3.257476 0.680053 0.066478 -0.000858 0.745534 0.663143
329.553000 -7.326702 3.267189 0.693286 0.067526 -0.000884 0.745937 0.662584
329.653000 -7.337478 3.279974 0.693308 0.067180 -0.001244 0.746555 0.661922
329.754000 -7.337118 3.309172 0.690279 0.066077 -0.000559 0.746163 0.662476
329.852000 -7.334386 3.333770 0.686137 0.065574 -0.000663 0.746057 0.662645
329.959000 -7.342195 3.343614 0.687538 0.062981 0.002248 0.746287 0.662634
330.053000 -7.342103 3.361388 0.689784 0.062878 0.002339 0.746773 0.662096
330.154000 -7.347272 3.377136 0.693144 0.062862 0.002229 0.746804 0.662062
330.253000 -7.350436 3.394410 0.700199 0.063683 0.002035 0.746846 0.661938
330.355000 -7.345911 3.429875 0.699889 0.064312 0.000984 0.746551 0.662211
330.454000 -7.350896 3.462614 0.700199 0.065191 0.000082 0.746072 0.662667
330.554000 -7.355339 3.493563 0.693587 0.065203 -0.000939 0.746072 0.662665
330.654000 -7.355928 3.507535 0.691641 0.065071 -0.001076 0.746063 0.662687
330.754000 -7.358210 3.535480 0.697495 0.065610 -0.001370 0.745924 0.662791
330.854000 -7.358265 3.565986 0.712691 0.066121 -0.000952 0.745547 0.663164
330.953000 -7.362957 3.569065 0.718301 0.066294 -0.000389 0.745884 0.662768
331.053000 -7.367544 3.586769 0.719072 0.066352 -0.000580 0.746334 0.662255
331.153000 -7.364550 3.605144 0.710165 0.065332 -0.000337 0.746283 0.662414
331.253000 -7.375216 3.628364 0.701598 0.065712 -0.001602 0.746378 0.662269
331.352000 -7.373087 3.661694 0.700965 0.065812 -0.002177 0.745630 0.663099
331.452000 -7.368113 3.690307 0.701365 0.065574 -0.002134 0.745203 0.663602
331.553000 -7.372633 3.700558 0.699916 0.066244 -0.002924 0.746351 0.662241
331.652000 -7.381377 3.713290 0.716830 0.066951 -0.002416 0.746378 0.662142
331.753000 -7.377833 3.726776 0.745528 0.069158 -0.002188 0.746370 0.661924
331.854000 -7.391256 3.741105 0.755408 0.069648 -0.002123 0.747119 0.661028
331.953000 -7.394825 3.772110 0.763449 0.070132 -0.001924 0.746452 0.661730
332.053000 -7.389152 3.794208 0.757760 0.069533 -0.001945 0.746775 0.661429
332.154000 -7.392801 3.811232 0.760953 0.069356 -0.002007 0.746798 0.661422
332.255000 -7.398359 3.827625 0.761679 0.069289 -0.001791 0.747124 0.661061
332.353000 -7.412785 3.838818 0.769438 0.069969 -0.002033 0.747538 0.660520
332.453000 -7.408066 3.856999 0.776749 0.070425 -0.001980 0.747428 0.660597
332.553000 -7.413145 3.875572 0.776572 0.070852 -0.002399 0.747623 0.660329
332.653000 -7.416511 3.901205 0.778846 0.070414 -0.001793 0.747705 0.660285
332.752000 -7.420919 3.917367 0.779483 0.070849 -0.002948 0.748229 0.659640
332.854000 -7.412648 3.970430 0.776551 0.072513 -0.005354 0.746964 0.660877
332.952000 -7.409532 4.001389 0.785962 0.072433 -0.004174 0.746424 0.661504
333.053000 -7.416263 4.011031 0.785505 0.072307 -0.004874 0.746959 0.660909
333.153000 -7.418552 4.023475 0.783953 0.072003 -0.004518 0.747070 0.660819
333.254000 -7.423729 4.027851 0.777504 0.071264 -0.004481 0.747258 0.660687
333.353000 -7.424866 4.039943 0.787693 0.071880 -0.004299 0.746939 0.660981
333.453000 -7.426847 4.038894 0.788643 0.072103 -0.004483 0.746954 0.660939
333.553000 -7.420099 4.039670 0.784892 0.071617 -0.004380 0.746862 0.661097
333.653000 -7.419956 4.039045 0.785859 0.071643 -0.004252 0.746860 0.661097
333.755000 -7.419862 4.045022 0.784737 0.071514 -0.004249 0.746692 0.661300
333.854000 -7.422316 4.041545 0.783948 0.071535 -0.004388 0.746685 0.661305
333.953000 -7.419853 4.043102 0.788338 0.071810 -0.004438 0.746656 0.661308
334.052000 -7.419858 4.042024 0.784252 0.071548 -0.004328 0.746698 0.661290
334.155000 -7.422122 4.036936 0.784967 0.071533 -0.004328 0.746803 0.661173
334.254000 -7.426052 4.039163 0.793354 0.072254 -0.004461 0.746749 0.661154
334.353000 -7.420925 4.044621 0.787076 0.071774 -0.004335 0.746631 0.661341
334.455000 -7.418620 4.049003 0.789578 0.071862 -0.004292 0.746527 0.661449
334.553000 -7.422160 4.043342 0.785892 0.071720 -0.004308 0.746731 0.661234
334.653000 -7.419814 4.043209 0.788528 0.071780 -0.004243 0.746647 0.661323
