0.330000 0.000000 0.000000 0.000000 0.000759 0.000726 -0.000000 0.999999
0.431000 0.011610 0.006691 0.001951 0.000992 0.000587 -0.000234 0.999999
0.531000 0.015571 0.004801 0.002191 0.000919 0.000590 -0.000404 0.999999
0.630000 0.004779 0.003794 0.000808 0.000864 0.000632 -0.000107 0.999999
0.729000 0.005727 0.003201 0.000287 0.000862 0.000628 -0.000071 0.999999
0.829000 0.007394 0.001945 0.000504 0.000851 0.000625 -0.000058 0.999999
0.930000 -0.000868 0.001438 0.000572 0.000874 0.000780 -0.000200 0.999999
1.029000 0.006220 0.004152 0.000576 0.000875 0.000670 -0.000175 0.999999
1.132000 0.005082 0.004103 0.000904 0.000873 0.000643 -0.000140 0.999999
1.230000 0.002514 0.001208 0.000682 0.000852 0.000696 -0.000179 0.999999
1.329000 0.005046 0.001162 0.000686 0.000851 0.000676 -0.000147 0.999999
1.430000 0.005758 0.001598 0.000883 0.000857 0.000654 -0.000079 0.999999
1.530000 0.004416 0.002677 0.000662 0.000895 0.000703 -0.000158 0.999999
1.630000 0.004465 0.002170 0.000584 0.000863 0.000677 -0.000084 0.999999
1.730000 0.004083 0.002424 0.000388 0.000864 0.000626 -0.000111 0.999999
1.830000 0.005545 0.002444 0.000831 0.000874 0.000655 -0.000149 0.999999
1.930000 0.002818 0.001607 0.000562 0.000842 0.000701 -0.000136 0.999999
2.031000 0.003970 0.003652 0.000845 0.000879 0.000663 -0.000159 0.999999
2.130000 0.003822 0.003780 0.001031 0.000903 0.000688 -0.000090 0.999999
2.231000 0.003902 0.000268 0.000557 0.000835 0.000683 -0.000067 0.999999
2.331000 0.005422 0.002105 0.000687 0.000855 0.000676 -0.000086 0.999999
2.432000 0.005137 0.001542 0.000689 0.000847 0.000663 -0.000173 0.999999
2.531000 0.004214 0.003579 0.000659 0.000862 0.000667 -0.000105 0.999999
2.630000 0.003392 0.001922 0.001039 0.000879 0.000697 -0.000099 0.999999
2.730000 0.005118 0.003094 0.000698 0.000854 0.000666 -0.000101 0.999999
2.830000 0.004608 0.002376 0.000713 0.000854 0.000676 -0.000131 0.999999
2.931000 0.005625 0.001498 0.000691 0.000847 0.000653 -0.000115 0.999999
3.030000 0.005429 0.003309 0.000788 0.000866 0.000661 -0.000074 0.999999
3.131000 0.003757 0.002554 0.000696 0.000873 0.000685 -0.000179 0.999999
3.230000 0.004726 0.002659 0.000728 0.000856 0.000667 -0.000167 0.999999
3.330000 0.004015 0.002671 0.000593 0.000847 0.000671 -0.000198 0.999999
3.430000 0.004119 0.000881 0.001063 0.000852 0.000663 -0.000128 0.999999
3.529000 0.004103 0.002346 0.000593 0.000854 0.000675 -0.000159 0.999999
3.629000 0.002517 0.003775 0.000835 0.000901 0.000712 -0.000083 0.999999
3.731000 0.004439 0.002318 0.000634 0.000872 0.000684 -0.000122 0.999999
3.830000 0.003781 0.002049 0.000753 0.000849 0.000682 -0.000145 0.999999
3.929000 0.005300 0.003152 0.000621 0.000871 0.000654 -0.000044 0.999999
4.029000 0.004011 0.002773 0.000607 0.000859 0.000661 -0.000105 0.999999
4.129000 0.004380 0.002781 0.000772 0.000867 0.000690 -0.000091 0.999999
4.229000 0.004971 0.002594 0.000906 0.000876 0.000657 -0.000167 0.999999
4.330000 0.002553 0.001489 0.000644 0.000871 0.000691 -0.000088 0.999999
4.429000 0.003982 0.001537 0.000869 0.000861 0.000665 -0.000060 0.999999
4.529000 0.005176 0.001535 0.000877 0.000842 0.000669 -0.000172 0.999999
4.629000 0.003255 0.001872 0.000754 0.000852 0.000682 -0.000147 0.999999
4.729000 0.004182 0.002872 0.000890 0.000881 0.000679 -0.000200 0.999999
4.829000 0.004526 0.001964 0.000580 0.000852 0.000667 -0.000139 0.999999
4.930000 0.003650 0.001851 0.000660 0.000865 0.000685 -0.000085 0.999999
5.030000 0.003995 0.002370 0.000628 0.000855 0.000676 -0.000159 0.999999
5.130000 0.004829 0.003238 0.000876 0.000882 0.000680 -0.000088 0.999999
5.230000 0.003990 0.003275 0.000999 0.000895 0.000683 -0.000043 0.999999
5.331000 0.004275 0.002967 0.000740 0.000875 0.000691 -0.000090 0.999999
5.430000 0.004025 0.003277 0.000906 0.000879 0.000674 -0.000073 0.999999
5.530000 0.003122 0.003303 0.000702 0.000884 0.000702 -0.000098 0.999999
5.630000 0.003750 0.001784 0.000516 0.000854 0.000677 -0.000093 0.999999
5.731000 0.004680 0.002711 0.000602 0.000847 0.000669 -0.000100 0.999999
5.830000 0.003702 0.001534 0.000673 0.000845 0.000683 -0.000086 0.999999
5.931000 0.002751 0.002988 0.000597 0.000852 0.000690 -0.000142 0.999999
6.031000 0.004648 0.002803 0.000653 0.000860 0.000670 -0.000138 0.999999
6.131000 0.003665 0.002142 0.000737 0.000857 0.000677 -0.000045 0.999999
6.229000 0.004082 0.002818 0.000809 0.000859 0.000670 -0.000060 0.999999
6.330000 0.003310 0.002447 0.000500 0.000851 0.000684 -0.000139 0.999999
6.431000 0.005168 0.002765 0.000429 0.000845 0.000645 -0.000160 0.999999
6.529000 0.003887 0.001817 0.000801 0.000861 0.000682 -0.000078 0.999999
6.629000 0.003902 0.002998 0.000838 0.000889 0.000687 -0.000121 0.999999
6.729000 0.004868 0.002578 0.000554 0.000855 0.000658 -0.000089 0.999999
6.830000 0.003739 0.003648 0.000932 0.000880 0.000692 -0.000061 0.999999
6.930000 0.004144 0.002097 0.000689 0.000856 0.000682 -0.000126 0.999999
7.029000 0.003046 0.002374 0.000672 0.000863 0.000688 -0.000146 0.999999
7.130000 0.004296 0.001734 0.000619 0.000862 0.000680 -0.000166 0.999999
7.230000 0.002830 0.002806 0.000772 0.000869 0.000689 -0.000120 0.999999
7.331000 0.004532 0.001149 0.000889 0.000854 0.000670 -0.000040 0.999999
7.430000 0.003628 0.003703 0.000669 0.000875 0.000678 -0.000120 0.999999
7.532000 0.004548 0.001930 0.000645 0.000851 0.000671 -0.000106 0.999999
7.631000 0.003792 0.002537 0.000640 0.000871 0.000684 -0.000107 0.999999
7.729000 0.003666 0.001597 0.000725 0.000838 0.000686 -0.000169 0.999999
7.830000 0.004196 0.003680 0.000745 0.000862 0.000668 -0.000192 0.999999
7.929000 0.002333 0.002405 0.000634 0.000861 0.000694 -0.000075 0.999999
8.030000 0.004363 0.002027 0.000658 0.000844 0.000682 -0.000119 0.999999
8.129000 0.003672 0.002013 0.000516 0.000846 0.000672 -0.000104 0.999999
8.230000 0.004222 0.002744 0.000631 0.000865 0.000682 -0.000106 0.999999
8.330000 0.004381 0.002464 0.000821 0.000863 0.000677 -0.000133 0.999999
8.429000 0.005022 0.002731 0.000580 0.000850 0.000657 -0.000143 0.999999
8.530000 0.003956 0.001348 0.000628 0.000839 0.000667 -0.000060 0.999999
8.629000 0.005022 0.002449 0.000508 0.000841 0.000648 -0.000091 0.999999
8.730000 0.004418 0.001612 0.000754 0.000851 0.000668 -0.000082 0.999999
8.830000 0.004007 0.002631 0.000736 0.000864 0.000674 -0.000038 0.999999
8.929000 0.006079 0.002140 0.000841 0.000863 0.000660 -0.000168 0.999999
9.030000 0.004610 0.003529 0.000642 0.000865 0.000683 -0.000166 0.999999
9.129000 0.004449 0.002774 0.000666 0.000853 0.000675 -0.000121 0.999999
9.230000 0.004470 0.001393 0.000543 0.000841 0.000670 -0.000150 0.999999
9.330000 0.004044 0.002100 0.000583 0.000840 0.000680 -0.000054 0.999999
9.430000 0.005210 0.002874 0.000793 0.000860 0.000661 -0.000155 0.999999
9.530000 0.004515 0.002215 0.000951 0.000859 0.000666 -0.000068 0.999999
9.630000 0.003844 0.002297 0.000471 0.000864 0.000671 -0.000102 0.999999
9.730000 0.005208 0.002348 0.000782 0.000853 0.000661 -0.000054 0.999999
9.830000 0.003599 0.002391 0.000542 0.000847 0.000681 -0.000092 0.999999
9.929000 0.003854 0.001769 0.000613 0.000849 0.000686 -0.000134 0.999999
10.030000 0.003302 0.001745 0.000665 0.000852 0.000692 -0.000077 0.999999
10.130000 0.003476 0.002070 0.000567 0.000855 0.000675 -0.000060 0.999999
10.229000 0.003606 0.003122 0.000551 0.000866 0.000694 -0.000099 0.999999
10.330000 0.005483 0.000342 0.000444 0.000819 0.000642 -0.000159 0.999999
10.429000 0.005878 0.003266 0.000626 0.000855 0.000653 -0.000207 0.999999
10.529000 0.004022 0.002547 0.000755 0.000879 0.000677 -0.000085 0.999999
10.630000 0.003079 0.002371 0.000700 0.000858 0.000692 -0.000067 0.999999
10.730000 0.004365 0.002879 0.000708 0.000872 0.000677 -0.000110 0.999999
10.829000 0.003042 0.002150 0.000561 0.000850 0.000699 -0.000022 0.999999
10.929000 0.003890 0.000467 0.000583 0.000828 0.000671 -0.000063 0.999999
11.030000 0.003084 0.001788 0.000537 0.000845 0.000694 -0.000060 0.999999
11.130000 0.004938 0.002034 0.000545 0.000837 0.000667 -0.000193 0.999999
11.230000 0.003755 0.000636 0.000668 0.000845 0.000673 -0.000116 0.999999
11.330000 0.003633 0.002277 0.000646 0.000868 0.000697 -0.000021 0.999999
11.429000 0.003824 0.001827 0.000730 0.000854 0.000686 -0.000106 0.999999
11.530000 0.003729 0.001616 0.000558 0.000854 0.000681 -0.000047 0.999999
11.630000 0.003426 0.001731 0.000618 0.000842 0.000685 -0.000067 0.999999
11.729000 0.003492 0.002424 0.000441 0.000846 0.000698 -0.000112 0.999999
11.830000 0.003867 0.002428 0.000468 0.000859 0.000702 -0.000102 0.999999
11.932000 0.004538 0.002456 0.000636 0.000850 0.000681 -0.000131 0.999999
12.032000 0.004333 0.001516 0.000782 0.000848 0.000654 -0.000095 0.999999
12.132000 0.003583 0.001469 0.000733 0.000841 0.000679 -0.000120 0.999999
12.234000 0.003870 0.002331 0.000773 0.000856 0.000685 -0.000081 0.999999
12.333000 0.004044 0.001188 0.000783 0.000844 0.000683 -0.000154 0.999999
12.435000 0.004286 0.001730 0.000721 0.000860 0.000674 -0.000103 0.999999
12.533000 0.003109 0.003195 0.000845 0.000871 0.000688 -0.000092 0.999999
12.634000 0.002512 0.002780 0.000720 0.000875 0.000717 -0.000019 0.999999
12.733000 0.004704 0.001842 0.000410 0.000837 0.000668 -0.000113 0.999999
12.834000 0.003960 0.001145 0.000540 0.000827 0.000666 -0.000121 0.999999
12.933000 0.004591 0.003865 0.000671 0.000875 0.000666 -0.000079 0.999999
13.033000 0.004394 0.003003 0.000666 0.000866 0.000666 -0.000134 0.999999
13.133000 0.004430 0.003555 0.000672 0.000869 0.000682 -0.000159 0.999999
13.233000 0.004796 0.003557 0.000755 0.000868 0.000672 -0.000108 0.999999
13.336000 0.004537 0.002732 0.000523 0.000851 0.000676 -0.000164 0.999999
13.434000 0.005182 0.001115 0.000597 0.000856 0.000661 -0.000113 0.999999
13.534000 0.003154 0.003031 0.000696 0.000868 0.000686 -0.000170 0.999999
13.633000 0.003731 0.002135 0.000657 0.000859 0.000695 -0.000103 0.999999
13.734000 0.002891 0.002471 0.000599 0.000869 0.000697 -0.000031 0.999999
13.834000 0.004165 0.002526 0.000661 0.000849 0.000678 -0.000037 0.999999
13.933000 0.003743 0.002063 0.000565 0.000837 0.000671 -0.000051 0.999999
14.034000 0.002984 0.002010 0.000614 0.000850 0.000711 -0.000032 0.999999
14.134000 0.004469 0.001592 0.000804 0.000866 0.000676 -0.000048 0.999999
14.233000 0.004183 0.002380 0.000663 0.000847 0.000678 -0.000130 0.999999
14.333000 0.004357 0.003534 0.000831 0.000866 0.000672 -0.000077 0.999999
14.433000 0.003941 0.001344 0.000814 0.000859 0.000676 -0.000080 0.999999
14.534000 0.003376 0.001593 0.000606 0.000844 0.000696 -0.000059 0.999999
14.634000 0.002944 0.001864 0.000659 0.000846 0.000688 -0.000053 0.999999
14.734000 0.005902 0.001103 0.000644 0.000835 0.000654 -0.000114 0.999999
14.834000 0.003761 0.002764 0.000749 0.000859 0.000675 -0.000120 0.999999
14.934000 0.005200 0.001907 0.000698 0.000851 0.000665 -0.000067 0.999999
15.034000 0.004779 0.002514 0.000671 0.000857 0.000671 -0.000061 0.999999
15.133000 0.004210 0.001302 0.000492 0.000853 0.000695 -0.000172 0.999999
15.233000 0.004603 0.003387 0.000557 0.000877 0.000672 -0.000090 0.999999
15.334000 0.003702 0.001969 0.000913 0.000870 0.000678 -0.000086 0.999999
15.433000 0.004998 0.003297 0.000694 0.000868 0.000668 -0.000070 0.999999
15.533000 0.003566 0.003239 0.000523 0.000864 0.000679 -0.000141 0.999999
15.634000 0.002877 0.002857 0.000577 0.000858 0.000686 -0.000157 0.999999
15.734000 0.004105 0.003381 0.000667 0.000852 0.000668 -0.000159 0.999999
15.835000 0.002941 0.002672 0.000747 0.000874 0.000693 -0.000097 0.999999
15.934000 0.004667 0.003142 0.000801 0.000877 0.000673 -0.000088 0.999999
16.035000 0.004504 0.002287 0.000603 0.000853 0.000672 -0.000091 0.999999
16.136000 0.003371 0.002222 0.000543 0.000847 0.000691 -0.000077 0.999999
16.235000 0.003777 0.001105 0.000535 0.000835 0.000675 -0.000137 0.999999
16.336000 0.004388 0.001578 0.000603 0.000846 0.000676 -0.000042 0.999999
16.435000 0.002498 0.001407 0.000601 0.000849 0.000703 -0.000090 0.999999
16.536000 0.003599 0.002935 0.000617 0.000866 0.000684 -0.000101 0.999999
16.637000 0.003655 0.002207 0.000466 0.000853 0.000678 -0.000083 0.999999
16.735000 0.004051 0.001882 0.000521 0.000842 0.000682 -0.000033 0.999999
16.836000 0.002984 0.002699 0.000773 0.000861 0.000688 -0.000071 0.999999
16.936000 0.003608 0.001096 0.000626 0.000825 0.000681 -0.000071 0.999999
17.035000 0.004118 0.001715 0.000605 0.000867 0.000686 -0.000070 0.999999
17.136000 0.003573 0.002907 0.000439 0.000863 0.000680 -0.000106 0.999999
17.235000 0.002728 0.001955 0.000401 0.000849 0.000692 -0.000055 0.999999
17.338000 0.003353 0.003207 0.000543 0.000858 0.000694 -0.000114 0.999999
17.436000 0.003987 0.001783 0.000543 0.000842 0.000671 -0.000077 0.999999
17.535000 0.002656 0.002864 0.000625 0.000879 0.000699 0.000017 0.999999
17.636000 0.003500 0.002098 0.000590 0.000846 0.000688 -0.000027 0.999999
17.735000 0.002912 0.002334 0.000567 0.000837 0.000683 -0.000095 0.999999
17.835000 0.002852 0.001652 0.000652 0.000864 0.000712 -0.000056 0.999999
17.935000 0.003169 0.002112 0.000528 0.000850 0.000690 -0.000091 0.999999
18.036000 0.003460 0.002204 0.000564 0.000855 0.000676 -0.000077 0.999999
18.135000 0.002696 0.001546 0.000499 0.000870 0.000701 0.000001 0.999999
18.235000 0.003156 0.002851 0.000571 0.000872 0.000689 -0.000059 0.999999
18.335000 0.004207 0.003363 0.000586 0.000859 0.000677 -0.000111 0.999999
18.436000 0.003969 0.002543 0.000392 0.000858 0.000679 -0.000106 0.999999
18.535000 0.004664 0.001598 0.000524 0.000837 0.000684 -0.000036 0.999999
18.635000 0.005196 0.001928 0.000604 0.000851 0.000674 -0.000074 0.999999
18.735000 0.004030 0.002621 0.000258 0.000856 0.000697 -0.000025 0.999999
18.836000 0.004051 0.001935 0.000610 0.000855 0.000680 -0.000056 0.999999
18.936000 0.003181 0.001777 0.000652 0.000834 0.000686 -0.000054 0.999999
19.036000 0.003133 0.002067 0.000554 0.000859 0.000688 -0.000115 0.999999
19.135000 0.003135 0.002224 0.000512 0.000845 0.000691 -0.000072 0.999999
19.236000 0.003588 0.002406 0.000564 0.000859 0.000687 -0.000108 0.999999
19.336000 0.002641 0.001311 0.000645 0.000845 0.000696 -0.000091 0.999999
19.436000 0.003963 0.001696 0.000461 0.000835 0.000665 -0.000130 0.999999
19.536000 0.002951 0.001283 0.000701 0.000853 0.000688 -0.000024 0.999999
19.635000 0.002717 0.001994 0.000607 0.000857 0.000708 -0.000027 0.999999
19.736000 0.004213 0.002554 0.000390 0.000840 0.000681 -0.000102 0.999999
19.835000 0.003359 0.001380 0.000418 0.000838 0.000686 -0.000050 0.999999
19.935000 0.002796 0.001589 0.000644 0.000836 0.000694 -0.000090 0.999999
20.036000 0.002847 0.001918 0.000562 0.000842 0.000691 -0.000064 0.999999
20.135000 0.002294 0.001938 0.000582 0.000865 0.000701 -0.000043 0.999999
20.236000 0.003008 0.002891 0.000614 0.000857 0.000694 -0.000044 0.999999
20.335000 0.002865 0.002023 0.000459 0.000841 0.000721 -0.000132 0.999999
20.436000 0.003491 0.002981 0.000501 0.000861 0.000687 -0.000068 0.999999
20.535000 0.004173 0.001328 0.000388 0.000839 0.000670 -0.000065 0.999999
20.635000 0.003932 0.002422 0.000664 0.000846 0.000681 -0.000125 0.999999
20.736000 0.002974 0.002990 0.000605 0.000857 0.000697 -0.000097 0.999999
20.835000 0.002773 0.002235 0.000668 0.000874 0.000708 -0.000078 0.999999
20.936000 0.003149 0.001438 0.000531 0.000836 0.000689 -0.000061 0.999999
21.038000 0.003381 0.001981 0.000418 0.000839 0.000682 -0.000068 0.999999
21.135000 0.003620 0.001052 0.000569 0.000847 0.000675 -0.000071 0.999999
21.238000 0.001930 0.004521 0.000665 0.000887 0.000706 -0.000088 0.999999
21.336000 0.003756 0.001971 0.000612 0.000864 0.000688 -0.000056 0.999999
21.436000 0.003712 0.003896 0.000617 0.000879 0.000693 -0.000140 0.999999
21.537000 0.003443 0.002689 0.000414 0.000852 0.000689 -0.000081 0.999999
21.635000 0.003666 0.001393 0.000405 0.000842 0.000690 -0.000074 0.999999
21.735000 0.001211 0.003585 0.000522 0.000872 0.000725 -0.000033 0.999999
21.835000 0.003185 0.002744 0.000706 0.000866 0.000679 -0.000084 0.999999
21.937000 0.002437 0.001934 0.000604 0.000858 0.000715 -0.000055 0.999999
22.036000 0.003549 0.003710 0.000414 0.000885 0.000696 0.000024 0.999999
22.136000 0.003507 0.001571 0.000524 0.000834 0.000687 -0.000038 0.999999
22.235000 0.003316 0.003587 0.000791 0.000883 0.000701 -0.000075 0.999999
22.336000 0.004139 0.001623 0.000547 0.000836 0.000673 -0.000098 0.999999
22.436000 0.002867 0.001463 0.000382 0.000857 0.000721 -0.000053 0.999999
22.536000 0.004005 0.002589 0.000612 0.000850 0.000685 -0.000080 0.999999
22.636000 0.004143 0.002068 0.000408 0.000839 0.000695 -0.000076 0.999999
22.736000 0.004780 0.002071 0.000618 0.000853 0.000683 -0.000143 0.999999
22.836000 0.003500 0.002339 0.000486 0.000851 0.000688 -0.000079 0.999999
22.936000 0.003432 0.002324 0.000732 0.000855 0.000684 -0.000044 0.999999
23.035000 0.004505 0.002949 0.000487 0.000857 0.000681 -0.000112 0.999999
23.136000 0.003690 0.002336 0.000727 0.000865 0.000681 -0.000058 0.999999
23.235000 0.003134 0.001926 0.000684 0.000863 0.000687 -0.000012 0.999999
23.335000 0.003039 0.002287 0.000475 0.000841 0.000694 -0.000075 0.999999
23.435000 0.004153 0.002549 0.000517 0.000859 0.000670 -0.000103 0.999999
23.535000 0.004055 0.002735 0.000711 0.000858 0.000679 -0.000126 0.999999
23.636000 0.003880 0.001616 0.000317 0.000846 0.000696 -0.000070 0.999999
23.736000 0.003291 0.001845 0.000660 0.000855 0.000688 -0.000061 0.999999
23.835000 0.004441 0.002766 0.000399 0.000859 0.000678 -0.000198 0.999999
23.935000 0.005200 0.003173 0.000703 0.000865 0.000667 -0.000079 0.999999
24.035000 0.004479 0.002720 0.000508 0.000866 0.000675 -0.000081 0.999999
24.135000 0.003769 0.000884 0.000506 0.000834 0.000687 -0.000021 0.999999
24.235000 0.004154 0.001344 0.000499 0.000856 0.000688 -0.000099 0.999999
24.336000 0.004409 0.002261 0.000496 0.000854 0.000657 -0.000111 0.999999
24.436000 0.004187 0.001703 0.000548 0.000852 0.000673 -0.000084 0.999999
24.536000 0.005790 0.001112 0.000543 0.000824 0.000644 -0.000120 0.999999
24.635000 0.004139 0.000439 0.000515 0.000837 0.000676 0.000006 0.999999
24.736000 0.002951 0.002023 0.000641 0.000847 0.000681 -0.000096 0.999999
24.835000 0.004797 0.002597 0.000537 0.000865 0.000664 -0.000101 0.999999
24.935000 0.002719 0.002740 0.000493 0.000868 0.000699 -0.000097 0.999999
25.035000 0.004549 0.001046 0.000566 0.000841 0.000667 -0.000058 0.999999
25.136000 0.003836 0.002162 0.000476 0.000843 0.000682 -0.000081 0.999999
25.235000 0.004286 0.003710 0.000432 0.000868 0.000666 -0.000062 0.999999
25.336000 0.003116 0.001069 0.000364 0.000833 0.000689 -0.000075 0.999999
25.437000 0.003336 0.003363 0.000696 0.000867 0.000694 -0.000096 0.999999
25.535000 0.003949 0.002382 0.000486 0.000853 0.000674 -0.000098 0.999999
25.636000 0.003799 0.001992 0.000578 0.000849 0.000681 -0.000018 0.999999
25.736000 0.004682 0.002488 0.000535 0.000864 0.000668 -0.000064 0.999999
25.837000 0.003353 0.003428 0.000445 0.000860 0.000690 -0.000038 0.999999
25.936000 0.003833 0.001293 0.000590 0.000858 0.000688 -0.000043 0.999999
26.036000 0.004326 0.002594 0.000469 0.000848 0.000671 -0.000109 0.999999
26.136000 0.003690 0.002207 0.000563 0.000861 0.000680 -0.000073 0.999999
26.236000 0.003408 0.001591 0.000437 0.000840 0.000692 -0.000041 0.999999
26.336000 0.002811 0.002799 0.000643 0.000851 0.000695 -0.000055 0.999999
26.436000 0.004818 0.001900 0.000369 0.000839 0.000660 -0.000103 0.999999
26.543000 0.004669 0.001381 0.000479 0.000839 0.000665 -0.000025 0.999999
26.636000 0.003690 0.002215 0.000482 0.000847 0.000675 -0.000178 0.999999
26.736000 0.004812 0.002787 0.000420 0.000853 0.000671 -0.000090 0.999999
26.836000 0.004252 0.003187 0.000629 0.000877 0.000684 -0.000053 0.999999
26.936000 0.004715 0.002666 0.000541 0.000849 0.000660 -0.000083 0.999999
27.036000 0.002713 0.002564 0.000590 0.000858 0.000693 -0.000046 0.999999
27.136000 0.004036 0.002991 0.000446 0.000875 0.000684 -0.000133 0.999999
27.236000 0.003299 0.002544 0.000531 0.000853 0.000603 -0.000006 0.999999
27.335000 0.010409 0.001778 -0.000027 0.001017 0.000625 -0.000259 0.999999
27.436000 0.021252 0.009769 0.000551 0.001007 0.000569 -0.000027 0.999999
27.536000 0.032048 -0.000576 0.001021 0.000907 0.000517 0.000056 0.999999
27.635000 0.041236 0.000198 0.000990 0.000924 0.000400 -0.000026 0.999999
27.735000 0.053472 0.005374 0.001612 0.000948 0.000196 -0.000212 1.000000
27.836000 0.061490 0.014356 0.001108 0.001092 0.000671 -0.000394 0.999999
27.936000 0.067748 0.054519 0.001411 0.001185 0.000134 -0.009790 0.999951
28.035000 0.063926 0.077676 0.001104 0.001426 0.000223 -0.030711 0.999527
28.135000 0.092938 0.031230 0.000791 0.001207 -0.000182 -0.055373 0.998465
28.235000 0.088084 0.028967 0.001303 0.001187 0.000069 -0.080541 0.996751
28.335000 0.080591 -0.004842 0.001941 0.001056 0.000264 -0.104478 0.994527
28.435000 0.088865 -0.000740 0.001260 0.000997 0.000074 -0.130070 0.991504
28.536000 0.079899 0.008314 0.001228 0.001041 0.000032 -0.153893 0.988087
28.635000 0.074030 -0.009648 0.000650 0.000874 0.000092 -0.178119 0.984009
28.736000 0.077212 0.011997 0.000578 0.001026 0.000166 -0.203177 0.979142
28.836000 0.086550 0.011626 0.001125 0.001100 0.000059 -0.227658 0.973740
28.936000 0.091437 0.009538 0.000798 0.001047 0.000029 -0.251551 0.967844
29.036000 0.091423 0.004893 0.000189 0.000995 0.000136 -0.275812 0.961211
29.136000 0.090122 0.002324 -0.000087 0.001069 0.000064 -0.299534 0.954085
29.236000 0.089513 0.005287 0.000943 0.001135 0.000152 -0.323025 0.946390
29.335000 0.085226 0.003615 0.001761 0.001136 0.000221 -0.346528 0.938039
29.435000 0.087761 -0.007860 0.001546 0.001019 0.000209 -0.369360 0.929286
29.536000 0.085051 -0.006573 0.001661 0.001010 0.000166 -0.392536 0.919736
29.635000 0.080810 0.000030 0.001730 0.001093 0.000256 -0.415408 0.909634
29.735000 0.087560 -0.012743 0.001548 0.000964 0.000190 -0.437317 0.899307
29.835000 0.085074 -0.003673 0.000843 0.001027 0.000197 -0.460630 0.887592
29.935000 0.085487 -0.002035 0.000919 0.001079 0.000216 -0.481997 0.876172
30.037000 0.085915 -0.005242 0.000324 0.001027 0.000241 -0.504302 0.863527
30.135000 0.082848 -0.000897 0.001003 0.001058 0.000335 -0.525363 0.850878
30.236000 0.082192 -0.012206 0.000566 0.000984 0.000240 -0.546085 0.837729
30.335000 0.082387 -0.020006 0.000492 0.000954 0.000259 -0.566606 0.823988
30.437000 0.081816 -0.024046 0.000499 0.000907 0.000238 -0.586997 0.809588
30.535000 0.078179 -0.021108 0.000916 0.000895 0.000242 -0.606224 0.795293
30.635000 0.076654 -0.014044 0.000960 0.000940 0.000328 -0.626071 0.779766
30.735000 0.071548 -0.018678 0.000670 0.000861 0.000399 -0.644533 0.764576
30.835000 0.077686 -0.024956 0.000600 0.001024 0.000367 -0.650190 0.759771
30.935000 0.085565 -0.042588 0.000495 0.000832 0.000203 -0.649350 0.760489
31.036000 0.086526 -0.041957 0.000780 0.000886 0.000140 -0.649837 0.760073
31.137000 0.086906 -0.051750 0.001657 0.001033 0.000076 -0.649946 0.759980
31.235000 0.089165 -0.064033 0.000784 0.000713 0.000061 -0.649809 0.760097
31.336000 0.092718 -0.083665 0.001115 0.000767 -0.000093 -0.650198 0.759764
31.436000 0.097307 -0.099830 0.000831 0.000624 -0.000190 -0.649542 0.760326
31.536000 0.101249 -0.118602 0.001208 0.000564 -0.000238 -0.649969 0.759960
31.636000 0.102483 -0.137942 0.000929 0.000494 -0.000409 -0.649828 0.760081
31.735000 0.108004 -0.152993 0.000727 0.000356 -0.000501 -0.649977 0.759953
31.836000 0.111742 -0.159194 0.001647 0.000554 -0.000397 -0.650265 0.759707
31.935000 0.111733 -0.164416 0.000313 0.000189 -0.000673 -0.660471 0.750851
32.036000 0.103076 -0.150375 0.000543 0.000392 -0.000435 -0.679492 0.733682
32.137000 0.106210 -0.166598 0.001086 0.000500 -0.000565 -0.697288 0.716790
32.238000 0.106066 -0.162185 0.001036 0.000240 -0.000512 -0.715232 0.698887
32.335000 0.109622 -0.157496 0.002227 0.000607 -0.000479 -0.732760 0.680487
32.434000 0.104728 -0.165426 0.001352 0.000327 -0.000556 -0.738811 0.673913
32.536000 0.105663 -0.158726 0.001100 0.000528 -0.000649 -0.724429 0.689349
32.636000 0.102849 -0.173698 0.000645 0.000043 -0.000449 -0.706007 0.708205
32.735000 0.107053 -0.157980 0.000337 0.000467 -0.000562 -0.692638 0.721285
32.835000 0.111786 -0.180417 0.000856 0.000286 -0.000691 -0.686149 0.727460
32.938000 0.111211 -0.181238 0.001041 0.000383 -0.000233 -0.687478 0.726205
33.036000 0.115253 -0.195289 0.001395 0.000543 -0.000819 -0.687451 0.726230
33.135000 0.112220 -0.219681 0.000556 -0.000110 -0.000677 -0.687198 0.726469
33.236000 0.115698 -0.231783 0.001311 0.000223 -0.000966 -0.687864 0.725839
33.335000 0.114106 -0.242368 0.001182 -0.000069 -0.000875 -0.687497 0.726186
33.435000 0.111385 -0.253093 0.000383 -0.000108 -0.000956 -0.687968 0.725741
33.535000 0.115936 -0.269357 0.000905 -0.000162 -0.001154 -0.687906 0.725799
33.636000 0.112211 -0.282207 0.000862 -0.000354 -0.001126 -0.687680 0.726013
33.735000 0.114077 -0.295705 0.001394 -0.000221 -0.001279 -0.687497 0.726186
33.835000 0.116679 -0.322842 0.000425 -0.000272 -0.001085 -0.687034 0.726624
33.936000 0.116361 -0.331914 0.000614 -0.000357 -0.001236 -0.687954 0.725753
34.035000 0.121076 -0.354921 0.000899 -0.000188 -0.001145 -0.687153 0.726512
34.135000 0.122883 -0.367104 0.001594 -0.000565 -0.001512 -0.687268 0.726403
34.234000 0.120702 -0.377921 0.000436 -0.000513 -0.001458 -0.687458 0.726222
34.335000 0.111608 -0.386909 0.002642 -0.001089 -0.002484 -0.687171 0.726491
34.435000 0.107834 -0.390510 0.000919 -0.000607 -0.001956 -0.687369 0.726306
34.536000 0.122091 -0.418293 0.000902 -0.000876 -0.002078 -0.687949 0.725755
34.637000 0.125188 -0.440917 0.001800 -0.000726 -0.001910 -0.688118 0.725596
34.736000 0.111065 -0.465373 0.001480 -0.001002 -0.001558 -0.688199 0.725520
34.835000 0.122527 -0.474250 0.002258 -0.001203 -0.001915 -0.687862 0.725838
34.935000 0.122400 -0.479344 0.002323 -0.001225 -0.001869 -0.687916 0.725787
35.037000 0.127327 -0.498384 0.002655 -0.001440 -0.002275 -0.687728 0.725964
35.137000 0.123475 -0.514933 0.001220 -0.001338 -0.001917 -0.687860 0.725840
35.236000 0.127786 -0.519284 0.002914 -0.001167 -0.002042 -0.688096 0.725616
35.335000 0.126328 -0.549279 0.002588 -0.001315 -0.002056 -0.687879 0.725822
35.436000 0.122227 -0.568486 0.003225 -0.001592 -0.002254 -0.687443 0.726233
35.536000 0.133101 -0.577513 0.004130 -0.001404 -0.002231 -0.687552 0.726130
35.635000 0.132589 -0.586022 0.003907 -0.001472 -0.002099 -0.687699 0.725991
35.735000 0.130330 -0.600364 0.002411 -0.001443 -0.002076 -0.687852 0.725846
35.835000 0.129296 -0.611557 0.002742 -0.001461 -0.002126 -0.688111 0.725601
35.935000 0.131641 -0.623958 0.002589 -0.001693 -0.002266 -0.688039 0.725668
36.042000 0.132488 -0.642680 0.002907 -0.001949 -0.002351 -0.687734 0.725956
36.135000 0.136690 -0.653630 0.002313 -0.001787 -0.002377 -0.687936 0.725765
36.236000 0.133954 -0.670613 0.003107 -0.002100 -0.002505 -0.688009 0.725695
36.337000 0.133988 -0.684081 0.002686 -0.002139 -0.002622 -0.688265 0.725451
36.435000 0.133954 -0.695100 0.002823 -0.002267 -0.002639 -0.687941 0.725758
36.535000 0.135556 -0.709449 0.002310 -0.002341 -0.002601 -0.688125 0.725584
36.636000 0.139502 -0.719120 0.002904 -0.002304 -0.002792 -0.688251 0.725464
36.735000 0.140780 -0.740001 0.004280 -0.002325 -0.002939 -0.688215 0.725497
36.836000 0.140187 -0.754027 0.004498 -0.002466 -0.002981 -0.688352 0.725366
36.935000 0.139621 -0.773987 0.004865 -0.002524 -0.003041 -0.688145 0.725562
37.035000 0.139366 -0.784837 0.003431 -0.002718 -0.003095 -0.688151 0.725556
37.136000 0.139450 -0.793735 0.003037 -0.002860 -0.003091 -0.688044 0.725657
37.235000 0.142277 -0.815392 0.004176 -0.002926 -0.003160 -0.688035 0.725665
37.336000 0.141925 -0.829855 0.004521 -0.002911 -0.003215 -0.688150 0.725555
37.435000 0.142928 -0.842174 0.004514 -0.002956 -0.003265 -0.688105 0.725598
37.535000 0.145581 -0.851453 0.004677 -0.002893 -0.003378 -0.688092 0.725610
37.635000 0.145256 -0.859502 0.005948 -0.002841 -0.003407 -0.688373 0.725343
37.736000 0.146880 -0.868767 0.004845 -0.002974 -0.003441 -0.688313 0.725400
37.836000 0.149676 -0.879552 0.004849 -0.003022 -0.003594 -0.688510 0.725212
37.936000 0.149788 -0.895048 0.005483 -0.003030 -0.003678 -0.688850 0.724888
38.036000 0.152155 -0.909709 0.005815 -0.003113 -0.003650 -0.688663 0.725065
38.136000 0.155665 -0.925858 0.005454 -0.003175 -0.003692 -0.688812 0.724924
38.235000 0.154142 -0.939392 0.006503 -0.003129 -0.003830 -0.688870 0.724868
38.335000 0.159311 -0.952703 0.006584 -0.003177 -0.003987 -0.688762 0.724969
38.436000 0.156948 -0.967006 0.006870 -0.003363 -0.003927 -0.688549 0.725172
38.536000 0.158076 -0.977102 0.007042 -0.003399 -0.004043 -0.688703 0.725024
38.636000 0.154522 -0.995226 0.007574 -0.003540 -0.004011 -0.688525 0.725193
38.736000 0.158228 -1.016182 0.008705 -0.003537 -0.004124 -0.688649 0.725074
38.836000 0.159024 -1.032744 0.008417 -0.003541 -0.004208 -0.688657 0.725066
38.936000 0.158734 -1.045757 0.007337 -0.003707 -0.004224 -0.688497 0.725217
39.036000 0.158053 -1.056649 0.008419 -0.003676 -0.004406 -0.688470 0.725242
39.137000 0.157859 -1.070144 0.007537 -0.003786 -0.004431 -0.688425 0.725284
39.237000 0.161115 -1.077039 0.009032 -0.003720 -0.004609 -0.688487 0.725225
39.337000 0.161100 -1.098394 0.009934 -0.003888 -0.004832 -0.688694 0.725025
39.435000 0.162008 -1.113418 0.009522 -0.004023 -0.004851 -0.688436 0.725270
39.535000 0.162560 -1.129044 0.009833 -0.004087 -0.004915 -0.688624 0.725091
39.636000 0.163272 -1.142779 0.009138 -0.004137 -0.005016 -0.688393 0.725309
39.736000 0.162593 -1.155310 0.010233 -0.004170 -0.004978 -0.688704 0.725014
39.836000 0.163233 -1.169473 0.010138 -0.004115 -0.005069 -0.688643 0.725071
39.936000 0.165163 -1.183041 0.010911 -0.004261 -0.005075 -0.688637 0.725076
40.035000 0.165360 -1.194725 0.010484 -0.004243 -0.005056 -0.688547 0.725161
40.135000 0.163009 -1.212377 0.009668 -0.004380 -0.005026 -0.688478 0.725227
40.236000 0.168128 -1.233944 0.010541 -0.004466 -0.005209 -0.688541 0.725165
40.335000 0.168489 -1.246286 0.011775 -0.004409 -0.005275 -0.688729 0.724986
40.436000 0.168300 -1.256281 0.012157 -0.004511 -0.005270 -0.688699 0.725015
40.536000 0.169432 -1.265058 0.012492 -0.004488 -0.005315 -0.688786 0.724932
40.635000 0.172506 -1.274520 0.012409 -0.004517 -0.005378 -0.688772 0.724944
40.735000 0.171609 -1.294587 0.014707 -0.004496 -0.005492 -0.688797 0.724920
40.835000 0.173145 -1.316889 0.012784 -0.004670 -0.005480 -0.688866 0.724853
40.935000 0.173880 -1.325668 0.012557 -0.004756 -0.005560 -0.688772 0.724941
41.035000 0.176802 -1.337483 0.014041 -0.004730 -0.005686 -0.688716 0.724994
41.135000 0.173503 -1.352904 0.014420 -0.004881 -0.005635 -0.688559 0.725142
41.235000 0.176540 -1.364615 0.015926 -0.004850 -0.005674 -0.688682 0.725025
41.335000 0.177843 -1.373028 0.016357 -0.004869 -0.005657 -0.688855 0.724861
41.437000 0.177500 -1.395700 0.014836 -0.005086 -0.005910 -0.688858 0.724854
41.535000 0.179951 -1.409556 0.016099 -0.005167 -0.006063 -0.688785 0.724922
41.636000 0.180745 -1.419622 0.015857 -0.005104 -0.006095 -0.688845 0.724865
41.736000 0.180992 -1.433470 0.017110 -0.005168 -0.006152 -0.688785 0.724922
41.836000 0.179799 -1.448300 0.016926 -0.005315 -0.006271 -0.688657 0.725040
41.935000 0.181224 -1.465089 0.016959 -0.005409 -0.006418 -0.688806 0.724897
42.035000 0.181216 -1.479519 0.017989 -0.005335 -0.006553 -0.688803 0.724899
42.135000 0.182173 -1.494942 0.018791 -0.005340 -0.006595 -0.688732 0.724966
42.236000 0.184766 -1.505596 0.019037 -0.005391 -0.006685 -0.688841 0.724862
42.335000 0.185748 -1.514489 0.018511 -0.005547 -0.006711 -0.688820 0.724880
42.435000 0.186282 -1.526557 0.018757 -0.005590 -0.006804 -0.689097 0.724616
42.535000 0.186318 -1.540462 0.018014 -0.005705 -0.006795 -0.688979 0.724727
42.636000 0.185679 -1.555096 0.020381 -0.005658 -0.006902 -0.688899 0.724803
42.736000 0.188769 -1.575990 0.022312 -0.005606 -0.007075 -0.688784 0.724911
42.836000 0.185494 -1.591742 0.021565 -0.005832 -0.007034 -0.688623 0.725062
42.935000 0.189434 -1.610450 0.022471 -0.005956 -0.007187 -0.688839 0.724854
43.035000 0.188318 -1.623800 0.022256 -0.006103 -0.007221 -0.688689 0.724995
43.136000 0.191008 -1.628343 0.022853 -0.005976 -0.007294 -0.688617 0.725064
43.236000 0.190854 -1.637977 0.022483 -0.006061 -0.007288 -0.688641 0.725041
43.335000 0.193908 -1.656087 0.020492 -0.006313 -0.007222 -0.688707 0.724977
43.436000 0.197102 -1.672345 0.022346 -0.006225 -0.007467 -0.689323 0.724389
43.537000 0.196974 -1.684090 0.022423 -0.006326 -0.007569 -0.689329 0.724381
43.635000 0.196304 -1.701064 0.024082 -0.006308 -0.007784 -0.689316 0.724391
43.736000 0.196416 -1.713987 0.025931 -0.006250 -0.007795 -0.689122 0.724577
43.837000 0.195067 -1.729260 0.023014 -0.006455 -0.007814 -0.689142 0.724555
43.936000 0.197542 -1.750651 0.025112 -0.006457 -0.007966 -0.688933 0.724752
44.036000 0.197206 -1.760819 0.025728 -0.006368 -0.008067 -0.688857 0.724824
44.138000 0.202991 -1.773286 0.025668 -0.006435 -0.008106 -0.688920 0.724763
44.236000 0.202940 -1.790598 0.025139 -0.006640 -0.008306 -0.688973 0.724709
44.335000 0.203357 -1.803418 0.024765 -0.006792 -0.008358 -0.689064 0.724620
44.436000 0.204033 -1.816530 0.024888 -0.006884 -0.008381 -0.689179 0.724510
44.537000 0.204020 -1.834910 0.024542 -0.006970 -0.008517 -0.688858 0.724813
44.636000 0.205603 -1.854251 0.024363 -0.007057 -0.008620 -0.689157 0.724526
44.736000 0.207345 -1.864782 0.024180 -0.007246 -0.008787 -0.689042 0.724632
44.835000 0.209101 -1.877737 0.025120 -0.007329 -0.008958 -0.688954 0.724712
44.935000 0.208195 -1.892065 0.026245 -0.007252 -0.008993 -0.689057 0.724615
45.035000 0.210101 -1.906394 0.026476 -0.007407 -0.008941 -0.689042 0.724628
45.135000 0.209255 -1.919087 0.028114 -0.007313 -0.008940 -0.689066 0.724606
45.242000 0.212219 -1.931919 0.026029 -0.007550 -0.009021 -0.689052 0.724617
45.335000 0.208904 -1.943617 0.027538 -0.007604 -0.009067 -0.689127 0.724544
45.435000 0.211531 -1.963797 0.028367 -0.007585 -0.009199 -0.689198 0.724475
45.536000 0.212922 -1.974574 0.026978 -0.007669 -0.009249 -0.689077 0.724589
45.635000 0.211309 -1.992443 0.026721 -0.007671 -0.009165 -0.689007 0.724657
45.736000 0.211981 -1.998612 0.028432 -0.007708 -0.009296 -0.689091 0.724574
45.835000 0.210550 -2.013507 0.026829 -0.007811 -0.009179 -0.689437 0.724245
45.935000 0.212730 -2.035027 0.026172 -0.008005 -0.009591 -0.689104 0.724555
46.035000 0.214747 -2.051114 0.028542 -0.008091 -0.009727 -0.689319 0.724348
46.135000 0.218360 -2.066707 0.028042 -0.008221 -0.009906 -0.689023 0.724625
46.235000 0.220308 -2.078163 0.029745 -0.008051 -0.009886 -0.689066 0.724587
46.335000 0.220575 -2.088963 0.031902 -0.008071 -0.009940 -0.689269 0.724392
46.435000 0.219870 -2.101458 0.032523 -0.007927 -0.009910 -0.689226 0.724435
46.536000 0.219631 -2.120333 0.031817 -0.008180 -0.010020 -0.689378 0.724286
46.635000 0.220421 -2.132389 0.029759 -0.008298 -0.010124 -0.689567 0.724103
46.735000 0.220180 -2.150853 0.033426 -0.008205 -0.010030 -0.689184 0.724471
46.836000 0.222489 -2.165951 0.032583 -0.008343 -0.010246 -0.689163 0.724486
46.936000 0.221929 -2.179229 0.033494 -0.008468 -0.010363 -0.689340 0.724314
47.036000 0.220306 -2.194923 0.034438 -0.008453 -0.010334 -0.689430 0.724229
47.136000 0.223022 -2.206407 0.035246 -0.008448 -0.010350 -0.689385 0.724272
47.235000 0.224032 -2.218570 0.035914 -0.008500 -0.010481 -0.689460 0.724198
47.335000 0.227065 -2.239236 0.036492 -0.008589 -0.010548 -0.689365 0.724286
47.435000 0.225162 -2.253176 0.036655 -0.008633 -0.010624 -0.689075 0.724560
47.535000 0.228407 -2.265991 0.035263 -0.008721 -0.010661 -0.689163 0.724476
47.636000 0.227602 -2.284287 0.037097 -0.008611 -0.010820 -0.689258 0.724384
47.735000 0.228965 -2.302422 0.036863 -0.008732 -0.010859 -0.689287 0.724355
47.835000 0.230681 -2.316275 0.038142 -0.008794 -0.011053 -0.689349 0.724291
47.935000 0.230556 -2.327973 0.038330 -0.008818 -0.011136 -0.689423 0.724219
48.036000 0.229252 -2.337329 0.036150 -0.009216 -0.011193 -0.689403 0.724233
48.136000 0.228380 -2.357864 0.037841 -0.009185 -0.011121 -0.689471 0.724170
48.236000 0.234458 -2.371105 0.037022 -0.009243 -0.011073 -0.689140 0.724484
48.335000 0.234270 -2.387365 0.038052 -0.009257 -0.011111 -0.689120 0.724503
48.436000 0.233211 -2.404324 0.038258 -0.009383 -0.011402 -0.689277 0.724347
48.535000 0.235031 -2.420099 0.040031 -0.009242 -0.011462 -0.689298 0.724328
48.637000 0.238239 -2.431990 0.040094 -0.009368 -0.011428 -0.689182 0.724437
48.737000 0.235737 -2.448944 0.040825 -0.009393 -0.011471 -0.689289 0.724335
48.838000 0.236014 -2.460770 0.040250 -0.009485 -0.011547 -0.689319 0.724303
48.937000 0.237067 -2.474027 0.041818 -0.009453 -0.011525 -0.689460 0.724171
49.035000 0.237484 -2.488616 0.042978 -0.009449 -0.011638 -0.689347 0.724277
49.137000 0.239148 -2.501418 0.043360 -0.009340 -0.011663 -0.689468 0.724162
49.235000 0.239713 -2.516865 0.044701 -0.009252 -0.011781 -0.689666 0.723973
49.335000 0.240230 -2.531925 0.043533 -0.009385 -0.011864 -0.689321 0.724298
49.436000 0.238904 -2.553994 0.043291 -0.009567 -0.011903 -0.689185 0.724425
49.536000 0.241860 -2.564105 0.043405 -0.009692 -0.012006 -0.689272 0.724339
49.637000 0.239696 -2.575425 0.042650 -0.009889 -0.012128 -0.689342 0.724267
49.736000 0.244364 -2.594333 0.042673 -0.009959 -0.012200 -0.689263 0.724340
49.836000 0.245078 -2.605620 0.043669 -0.009891 -0.012249 -0.689336 0.724271
49.937000 0.246345 -2.625652 0.043767 -0.009916 -0.012370 -0.689557 0.724058
50.035000 0.244556 -2.645626 0.044037 -0.010261 -0.012271 -0.689279 0.724319
50.136000 0.246651 -2.659711 0.046223 -0.010319 -0.012299 -0.689432 0.724172
50.235000 0.246610 -2.670908 0.047990 -0.010283 -0.012331 -0.689464 0.724142
50.335000 0.247229 -2.686579 0.046313 -0.010238 -0.012321 -0.689246 0.724350
50.436000 0.247780 -2.696961 0.048432 -0.010271 -0.012321 -0.689303 0.724295
50.536000 0.249300 -2.713035 0.052100 -0.010033 -0.012108 -0.689258 0.724345
50.636000 0.250628 -2.727608 0.051339 -0.010098 -0.012207 -0.689202 0.724396
50.736000 0.252579 -2.743611 0.052832 -0.010163 -0.012321 -0.689089 0.724501
50.836000 0.251647 -2.761235 0.053399 -0.010195 -0.012495 -0.689090 0.724496
50.935000 0.251362 -2.776635 0.053272 -0.010525 -0.012716 -0.689181 0.724401
51.036000 0.251015 -2.794787 0.052729 -0.010695 -0.012794 -0.689134 0.724442
51.135000 0.248859 -2.805944 0.052202 -0.010849 -0.012769 -0.689316 0.724267
51.235000 0.253224 -2.819188 0.051602 -0.010779 -0.012933 -0.689332 0.724250
51.335000 0.250540 -2.833180 0.052278 -0.010953 -0.012958 -0.689282 0.724295
51.435000 0.255533 -2.851983 0.054551 -0.010979 -0.013035 -0.689144 0.724424
51.536000 0.255760 -2.867427 0.053865 -0.011195 -0.013258 -0.689206 0.724358
51.635000 0.255574 -2.884194 0.054733 -0.011237 -0.013159 -0.689144 0.724418
51.736000 0.255977 -2.898205 0.056114 -0.011186 -0.013116 -0.688941 0.724613
51.835000 0.255438 -2.906977 0.054664 -0.011257 -0.013270 -0.689216 0.724347
51.936000 0.258550 -2.926575 0.056500 -0.011177 -0.013210 -0.689227 0.724339
52.036000 0.259348 -2.937183 0.057091 -0.011223 -0.013323 -0.689104 0.724453
52.136000 0.261854 -2.954916 0.058159 -0.011360 -0.013417 -0.689207 0.724351
52.236000 0.260508 -2.966759 0.059199 -0.011383 -0.013461 -0.689366 0.724198
52.335000 0.262708 -2.981983 0.057440 -0.011470 -0.013588 -0.688969 0.724572
52.436000 0.265290 -3.002309 0.059663 -0.011254 -0.013451 -0.689032 0.724518
52.536000 0.264744 -3.015353 0.059435 -0.011596 -0.013516 -0.689034 0.724510
52.636000 0.264424 -3.031923 0.061340 -0.011593 -0.013701 -0.689112 0.724433
52.736000 0.265945 -3.047521 0.061290 -0.011852 -0.013765 -0.689164 0.724378
52.837000 0.266405 -3.066927 0.063103 -0.011540 -0.013707 -0.689155 0.724392
52.935000 0.268743 -3.082263 0.061424 -0.011490 -0.013807 -0.689467 0.724095
53.036000 0.266436 -3.090976 0.061753 -0.011620 -0.013785 -0.689220 0.724328
53.136000 0.269282 -3.106462 0.063474 -0.011666 -0.014004 -0.689106 0.724432
53.235000 0.269908 -3.118585 0.061071 -0.011629 -0.013936 -0.689417 0.724137
53.335000 0.268530 -3.137540 0.060526 -0.011656 -0.013992 -0.689215 0.724328
53.435000 0.268798 -3.153433 0.060593 -0.011611 -0.014064 -0.689176 0.724364
53.536000 0.270476 -3.167399 0.061665 -0.011764 -0.014081 -0.689227 0.724313
53.635000 0.271348 -3.180712 0.064235 -0.011698 -0.014113 -0.689051 0.724481
53.737000 0.271479 -3.193529 0.063369 -0.011591 -0.014043 -0.689033 0.724502
53.836000 0.272383 -3.204645 0.066971 -0.011675 -0.014167 -0.689144 0.724392
53.936000 0.271309 -3.222290 0.064744 -0.011594 -0.013977 -0.689488 0.724069
54.035000 0.276103 -3.239258 0.063798 -0.011651 -0.014027 -0.689239 0.724304
54.135000 0.274296 -3.258486 0.064657 -0.011707 -0.013953 -0.688874 0.724652
54.236000 0.276290 -3.281689 0.065138 -0.011315 -0.013936 -0.688921 0.724614
54.335000 0.278326 -3.292695 0.066369 -0.011405 -0.013963 -0.688972 0.724563
54.435000 0.276646 -3.309415 0.066746 -0.011581 -0.014010 -0.689183 0.724359
54.535000 0.277910 -3.322401 0.066430 -0.011660 -0.014120 -0.689301 0.724244
54.635000 0.281681 -3.338479 0.067760 -0.011693 -0.014084 -0.689269 0.724274
54.736000 0.279347 -3.349211 0.067265 -0.011696 -0.014040 -0.688948 0.724580
54.836000 0.281785 -3.360148 0.069502 -0.011734 -0.014186 -0.689093 0.724439
54.935000 0.282955 -3.380177 0.069544 -0.011919 -0.014375 -0.689349 0.724188
55.035000 0.285320 -3.388133 0.070990 -0.011907 -0.014507 -0.689130 0.724395
55.135000 0.281747 -3.400971 0.069159 -0.011968 -0.014376 -0.689472 0.724071
55.235000 0.284312 -3.411977 0.067142 -0.012046 -0.014277 -0.689176 0.724353
55.336000 0.286051 -3.429783 0.067267 -0.012029 -0.014401 -0.689243 0.724288
55.436000 0.283765 -3.457629 0.071189 -0.012034 -0.014726 -0.689239 0.724284
55.536000 0.285393 -3.476666 0.070270 -0.012084 -0.014286 -0.688801 0.724709
55.635000 0.287713 -3.488097 0.071553 -0.012020 -0.014410 -0.689093 0.724430
55.736000 0.285343 -3.498049 0.072615 -0.012030 -0.014500 -0.689066 0.724454
55.835000 0.287715 -3.510232 0.069996 -0.012239 -0.014401 -0.689244 0.724282
55.935000 0.286053 -3.524422 0.071454 -0.012177 -0.014185 -0.689447 0.724095
56.036000 0.285655 -3.537689 0.071117 -0.012392 -0.014562 -0.689491 0.724042
56.137000 0.287304 -3.559780 0.072784 -0.012586 -0.014517 -0.689073 0.724437
56.236000 0.291206 -3.571330 0.074060 -0.012551 -0.014648 -0.689101 0.724409
56.336000 0.289651 -3.590700 0.075168 -0.012864 -0.014756 -0.689231 0.724278
56.435000 0.293519 -3.606908 0.077136 -0.012535 -0.014594 -0.688942 0.724561
56.535000 0.292624 -3.620121 0.075154 -0.012612 -0.014601 -0.688931 0.724570
56.635000 0.292608 -3.632586 0.076723 -0.012509 -0.014464 -0.689052 0.724459
56.735000 0.293754 -3.645791 0.077647 -0.012542 -0.014648 -0.689114 0.724396
56.835000 0.293831 -3.658297 0.081075 -0.012431 -0.014511 -0.689164 0.724353
56.936000 0.296378 -3.679239 0.081309 -0.012192 -0.014548 -0.689559 0.723980
57.035000 0.294284 -3.699477 0.081051 -0.012269 -0.014664 -0.689174 0.724344
57.136000 0.298752 -3.714161 0.082906 -0.012513 -0.014664 -0.689028 0.724479
57.235000 0.297014 -3.730890 0.081889 -0.012732 -0.014649 -0.688887 0.724609
57.337000 0.298974 -3.744353 0.082479 -0.012906 -0.014731 -0.689093 0.724408
57.435000 0.299987 -3.751216 0.083373 -0.012942 -0.014920 -0.689257 0.724248
57.535000 0.302410 -3.774119 0.086366 -0.012605 -0.014825 -0.689437 0.724084
57.635000 0.303416 -3.784309 0.087595 -0.012841 -0.015026 -0.689311 0.724196
57.735000 0.302703 -3.795550 0.088415 -0.012741 -0.014956 -0.689275 0.724233
57.835000 0.301634 -3.808734 0.088201 -0.012635 -0.014924 -0.689432 0.724086
57.936000 0.303388 -3.833361 0.089580 -0.012702 -0.014947 -0.689338 0.724174
58.037000 0.305080 -3.847737 0.091183 -0.012678 -0.015045 -0.689225 0.724281
58.136000 0.306345 -3.860897 0.089596 -0.012804 -0.014875 -0.689297 0.724213
58.236000 0.308350 -3.873243 0.091813 -0.013015 -0.015152 -0.689069 0.724421
58.338000 0.309899 -3.895609 0.093446 -0.013065 -0.015153 -0.688992 0.724493
58.436000 0.309452 -3.909120 0.096079 -0.012877 -0.015134 -0.689017 0.724472
58.536000 0.308194 -3.917705 0.095927 -0.013030 -0.015142 -0.689125 0.724367
58.637000 0.311264 -3.933329 0.097791 -0.013136 -0.015397 -0.689111 0.724373
58.735000 0.307958 -3.949924 0.099919 -0.013211 -0.015379 -0.689237 0.724252
58.836000 0.311004 -3.961614 0.099687 -0.013167 -0.015490 -0.689338 0.724154
58.935000 0.310900 -3.972873 0.099457 -0.013152 -0.015406 -0.689569 0.723937
59.036000 0.310388 -3.993140 0.100825 -0.013181 -0.015433 -0.689344 0.724150
59.135000 0.316025 -4.011096 0.101814 -0.012929 -0.015349 -0.689370 0.724131
59.235000 0.313255 -4.019806 0.102108 -0.013045 -0.015270 -0.689198 0.724295
59.335000 0.312078 -4.034093 0.100526 -0.013299 -0.015337 -0.689164 0.724321
59.436000 0.315196 -4.050996 0.101636 -0.013244 -0.015301 -0.689252 0.724239
59.535000 0.317710 -4.064383 0.103076 -0.013459 -0.015440 -0.689077 0.724399
59.635000 0.317745 -4.090489 0.105785 -0.013457 -0.015567 -0.688769 0.724689
59.736000 0.320032 -4.107812 0.106101 -0.013487 -0.015426 -0.688797 0.724665
59.835000 0.319180 -4.116728 0.108627 -0.013490 -0.015306 -0.689093 0.724386
59.937000 0.320592 -4.138791 0.105263 -0.013640 -0.016136 -0.688717 0.724722
60.036000 0.320621 -4.147797 0.110185 -0.013491 -0.015371 -0.689009 0.724465
60.135000 0.321255 -4.160598 0.110662 -0.013780 -0.015928 -0.689222 0.724244
60.235000 0.321836 -4.172903 0.110277 -0.013799 -0.016045 -0.689121 0.724337
60.335000 0.323969 -4.200826 0.109449 -0.013829 -0.015888 -0.688484 0.724946
60.435000 0.321535 -4.208134 0.112023 -0.013763 -0.015557 -0.688723 0.724727
60.535000 0.321891 -4.218258 0.113264 -0.013998 -0.015839 -0.689020 0.724434
60.635000 0.323890 -4.225880 0.114089 -0.013911 -0.015948 -0.688862 0.724583
60.736000 0.323353 -4.242237 0.114524 -0.013959 -0.015718 -0.688903 0.724549
60.835000 0.323581 -4.256915 0.113649 -0.014019 -0.015932 -0.688941 0.724507
60.935000 0.323278 -4.277594 0.114519 -0.013867 -0.015969 -0.689596 0.723886
61.036000 0.326476 -4.292333 0.115396 -0.013881 -0.015842 -0.689556 0.723926
61.136000 0.331097 -4.319578 0.114658 -0.013795 -0.016039 -0.688664 0.724772
61.235000 0.328285 -4.326088 0.114711 -0.014027 -0.015934 -0.689127 0.724330
61.335000 0.329661 -4.336438 0.114731 -0.014152 -0.016098 -0.689224 0.724232
61.435000 0.329023 -4.353869 0.116848 -0.014146 -0.016007 -0.688982 0.724464
61.536000 0.330426 -4.368359 0.116025 -0.013620 -0.015364 -0.688918 0.724548
61.635000 0.333758 -4.382574 0.119225 -0.014171 -0.016269 -0.689045 0.724397
61.736000 0.333644 -4.393400 0.118763 -0.014430 -0.016142 -0.689104 0.724339
61.837000 0.334478 -4.416902 0.120022 -0.014046 -0.015958 -0.688833 0.724608
61.936000 0.335059 -4.433064 0.117889 -0.013995 -0.015713 -0.689126 0.724336
62.036000 0.336443 -4.449113 0.116303 -0.014184 -0.015678 -0.688979 0.724473
62.135000 0.337555 -4.463808 0.118214 -0.013923 -0.015094 -0.688761 0.724698
62.236000 0.339043 -4.475678 0.116632 -0.013715 -0.015322 -0.688971 0.724497
62.335000 0.336956 -4.487632 0.118600 -0.014083 -0.015633 -0.688906 0.724545
62.435000 0.341608 -4.527003 0.117360 -0.013672 -0.015666 -0.688345 0.725085
62.536000 0.339666 -4.533256 0.116326 -0.013525 -0.015342 -0.688492 0.724956
62.637000 0.340286 -4.542358 0.116639 -0.013420 -0.015353 -0.689040 0.724436
62.737000 0.341011 -4.551833 0.116687 -0.013495 -0.015127 -0.689135 0.724349
62.836000 0.341144 -4.567819 0.120138 -0.013449 -0.015453 -0.689099 0.724378
62.935000 0.343517 -4.585255 0.121306 -0.013785 -0.015702 -0.688948 0.724509
63.035000 0.342057 -4.606973 0.120650 -0.013947 -0.015644 -0.688815 0.724634
63.135000 0.344470 -4.618439 0.122933 -0.013310 -0.014756 -0.688885 0.724599
63.237000 0.346815 -4.629106 0.123056 -0.013623 -0.015314 -0.688758 0.724702
63.335000 0.346844 -4.638416 0.122324 -0.013662 -0.015257 -0.688840 0.724624
63.435000 0.346892 -4.656366 0.125260 -0.013831 -0.015491 -0.689124 0.724346
63.535000 0.348523 -4.669495 0.125530 -0.013726 -0.015586 -0.689155 0.724316
63.635000 0.350020 -4.683067 0.124907 -0.014024 -0.015898 -0.689115 0.724342
63.735000 0.348953 -4.697701 0.125352 -0.013937 -0.015714 -0.689302 0.724170
63.835000 0.348977 -4.713726 0.124401 -0.014045 -0.015750 -0.689291 0.724178
63.936000 0.353834 -4.742055 0.124085 -0.014079 -0.016152 -0.688684 0.724745
64.035000 0.356247 -4.755775 0.129768 -0.013824 -0.015548 -0.688500 0.724937
64.135000 0.355508 -4.773948 0.129686 -0.013851 -0.016299 -0.688381 0.725034
64.235000 0.356017 -4.786310 0.130323 -0.013525 -0.015308 -0.688689 0.724769
64.335000 0.353634 -4.798693 0.130579 -0.013787 -0.015623 -0.688979 0.724481
64.436000 0.354594 -4.813018 0.131931 -0.014094 -0.015929 -0.688926 0.724519
64.535000 0.358472 -4.827195 0.134077 -0.014098 -0.016164 -0.688957 0.724485
64.636000 0.359551 -4.847069 0.134447 -0.014166 -0.016043 -0.688752 0.724681
64.736000 0.359910 -4.861515 0.132904 -0.013956 -0.015844 -0.688821 0.724624
64.835000 0.361610 -4.872185 0.132394 -0.013689 -0.015575 -0.688637 0.724810
64.937000 0.359297 -4.885747 0.133219 -0.013958 -0.015871 -0.688784 0.724658
65.035000 0.358718 -4.907226 0.131449 -0.014103 -0.016087 -0.688630 0.724797
65.136000 0.359454 -4.910147 0.132855 -0.013441 -0.015235 -0.688952 0.724522
65.237000 0.358989 -4.926899 0.133219 -0.014215 -0.015822 -0.689316 0.724149
65.336000 0.359900 -4.944088 0.134600 -0.014362 -0.016137 -0.689088 0.724356
65.435000 0.360883 -4.959981 0.136296 -0.014584 -0.016129 -0.689144 0.724299
65.537000 0.362128 -4.968359 0.135266 -0.014732 -0.016165 -0.689176 0.724264
65.636000 0.363690 -4.980694 0.139866 -0.014822 -0.016445 -0.689085 0.724343
65.735000 0.362537 -4.999943 0.140679 -0.014561 -0.016343 -0.689095 0.724340
65.836000 0.362837 -5.014348 0.138952 -0.014197 -0.016006 -0.689246 0.724212
65.937000 0.365728 -5.033468 0.139950 -0.015110 -0.016701 -0.688846 0.724558
66.035000 0.366084 -5.049781 0.142471 -0.014838 -0.016554 -0.688789 0.724621
66.135000 0.368540 -5.066883 0.144135 -0.014759 -0.016277 -0.688780 0.724637
66.236000 0.368358 -5.080567 0.140876 -0.014669 -0.016255 -0.688826 0.724596
66.335000 0.368489 -5.101023 0.144037 -0.015087 -0.016456 -0.689175 0.724251
66.435000 0.368033 -5.123446 0.140711 -0.014814 -0.016192 -0.689103 0.724331
66.535000 0.372099 -5.130761 0.143014 -0.014902 -0.016200 -0.688774 0.724642
66.635000 0.369387 -5.140903 0.141880 -0.015152 -0.016300 -0.688935 0.724482
66.735000 0.373285 -5.155819 0.145818 -0.015086 -0.016744 -0.688747 0.724652
66.838000 0.373259 -5.182790 0.150143 -0.014750 -0.016858 -0.688877 0.724532
66.936000 0.375584 -5.185691 0.144571 -0.014512 -0.016478 -0.688865 0.724557
67.035000 0.373104 -5.194064 0.147546 -0.014539 -0.016647 -0.688965 0.724458
67.135000 0.373225 -5.205026 0.149181 -0.014422 -0.016586 -0.689146 0.724289
67.235000 0.372621 -5.220755 0.148494 -0.014776 -0.016629 -0.689069 0.724354
67.336000 0.373408 -5.252526 0.149491 -0.014918 -0.016749 -0.689099 0.724320
67.436000 0.375843 -5.267448 0.153722 -0.015006 -0.017049 -0.688621 0.724766
67.535000 0.379297 -5.282806 0.154230 -0.015282 -0.017434 -0.688801 0.724579
67.636000 0.369974 -5.290945 0.154886 -0.015279 -0.017359 -0.688975 0.724416
67.735000 0.375366 -5.301409 0.156043 -0.015463 -0.017228 -0.689096 0.724301
67.835000 0.376588 -5.315103 0.155484 -0.015292 -0.017299 -0.689029 0.724366
67.935000 0.377611 -5.334255 0.154950 -0.015309 -0.017128 -0.689218 0.724190
68.036000 0.376101 -5.347808 0.155678 -0.015319 -0.017230 -0.689343 0.724068
68.142000 0.375428 -5.363356 0.159455 -0.015615 -0.017534 -0.689368 0.724031
68.235000 0.375635 -5.374110 0.158902 -0.015516 -0.017444 -0.689348 0.724054
68.336000 0.380878 -5.389199 0.159815 -0.015420 -0.017428 -0.689358 0.724047
68.435000 0.378131 -5.400238 0.160262 -0.015755 -0.017728 -0.689471 0.723925
68.537000 0.383003 -5.423945 0.160912 -0.015606 -0.017463 -0.688794 0.724578
68.636000 0.386374 -5.447654 0.163788 -0.015755 -0.017633 -0.688542 0.724811
68.736000 0.387231 -5.466580 0.164277 -0.015483 -0.017842 -0.688581 0.724774
68.835000 0.385238 -5.474958 0.162744 -0.015680 -0.017885 -0.688718 0.724639
68.936000 0.386115 -5.485766 0.163813 -0.015319 -0.017609 -0.688767 0.724607
69.036000 0.389054 -5.504743 0.164556 -0.015340 -0.017720 -0.688930 0.724449
69.136000 0.390252 -5.519923 0.167656 -0.015867 -0.018219 -0.688686 0.724657
69.236000 0.391420 -5.534173 0.171019 -0.016114 -0.018329 -0.688728 0.724609
69.335000 0.393505 -5.548903 0.169501 -0.015954 -0.018339 -0.688619 0.724716
69.435000 0.390441 -5.561780 0.172663 -0.015847 -0.018226 -0.688955 0.724401
69.536000 0.391167 -5.575062 0.170765 -0.016045 -0.018642 -0.688842 0.724494
69.635000 0.391897 -5.586217 0.171049 -0.016500 -0.018742 -0.688941 0.724387
69.735000 0.392419 -5.604353 0.171453 -0.016287 -0.018728 -0.688979 0.724356
69.836000 0.391713 -5.621906 0.173733 -0.016989 -0.019016 -0.689020 0.724294
69.936000 0.393287 -5.642410 0.175625 -0.016929 -0.019073 -0.688649 0.724646
70.036000 0.396379 -5.657812 0.176089 -0.016955 -0.019319 -0.688386 0.724889
70.135000 0.396722 -5.674551 0.174698 -0.016787 -0.019309 -0.688294 0.724980
70.237000 0.400995 -5.693456 0.176309 -0.016900 -0.019547 -0.688360 0.724909
70.335000 0.399736 -5.701739 0.174714 -0.016846 -0.019285 -0.688688 0.724605
70.436000 0.402120 -5.713485 0.176974 -0.016948 -0.019398 -0.688683 0.724605
70.536000 0.405062 -5.727557 0.176611 -0.016874 -0.019399 -0.688733 0.724559
70.636000 0.402654 -5.738565 0.180834 -0.017051 -0.019984 -0.688959 0.724324
70.735000 0.403779 -5.764382 0.179302 -0.017305 -0.019743 -0.688838 0.724440
70.836000 0.401961 -5.771835 0.178423 -0.017542 -0.019912 -0.689090 0.724190
70.936000 0.402549 -5.785895 0.181074 -0.017690 -0.020062 -0.689174 0.724102
71.035000 0.400922 -5.797603 0.179666 -0.017440 -0.020010 -0.689260 0.724028
71.135000 0.405952 -5.817239 0.186126 -0.018000 -0.020542 -0.688732 0.724501
71.236000 0.406699 -5.831928 0.187118 -0.018101 -0.020649 -0.688716 0.724511
71.335000 0.407296 -5.846428 0.185727 -0.018083 -0.020193 -0.688942 0.724309
71.435000 0.406244 -5.867482 0.186308 -0.018038 -0.020399 -0.688628 0.724603
71.533000 0.410818 -5.888034 0.186686 -0.017995 -0.020587 -0.688268 0.724941
71.636000 0.412022 -5.897665 0.186920 -0.017686 -0.020301 -0.688660 0.724584
71.735000 0.411446 -5.909442 0.187491 -0.017495 -0.020354 -0.688771 0.724482
71.835000 0.411424 -5.921562 0.188493 -0.017595 -0.020216 -0.688610 0.724637
71.936000 0.411476 -5.929046 0.187186 -0.017774 -0.020170 -0.688889 0.724368
72.035000 0.413052 -5.951526 0.188731 -0.017659 -0.020274 -0.688674 0.724573
72.136000 0.415237 -5.970150 0.185945 -0.017525 -0.020102 -0.688656 0.724597
72.236000 0.414254 -5.983030 0.185558 -0.017529 -0.020383 -0.688997 0.724266
72.335000 0.416741 -6.002597 0.187479 -0.017749 -0.020365 -0.688720 0.724524
72.435000 0.415975 -6.010525 0.184610 -0.017478 -0.020157 -0.688686 0.724568
72.535000 0.419012 -6.030489 0.192489 -0.018140 -0.020657 -0.688509 0.724707
72.635000 0.418824 -6.045984 0.192570 -0.017962 -0.020555 -0.688591 0.724636
72.735000 0.419144 -6.065265 0.192096 -0.017799 -0.020686 -0.688581 0.724646
72.836000 0.419644 -6.080248 0.193462 -0.017966 -0.020766 -0.688194 0.725007
72.935000 0.418200 -6.084300 0.194551 -0.017749 -0.020749 -0.688856 0.724384
73.035000 0.419285 -6.112572 0.195926 -0.018143 -0.020695 -0.688762 0.724465
73.136000 0.422530 -6.126811 0.196370 -0.017531 -0.020796 -0.688672 0.724563
73.236000 0.417421 -6.129789 0.194971 -0.017728 -0.020810 -0.688742 0.724491
73.336000 0.423047 -6.152829 0.200251 -0.017791 -0.021097 -0.688579 0.724636
73.435000 0.426633 -6.164980 0.196490 -0.017453 -0.020651 -0.688416 0.724812
73.536000 0.426616 -6.176486 0.198524 -0.017616 -0.020600 -0.688864 0.724383
73.635000 0.426344 -6.186722 0.198529 -0.017498 -0.020383 -0.689019 0.724245
73.736000 0.425060 -6.202455 0.198357 -0.017321 -0.020436 -0.688967 0.724298
73.835000 0.430984 -6.222977 0.201772 -0.017561 -0.020587 -0.688310 0.724912
73.936000 0.431431 -6.237827 0.202940 -0.017631 -0.020548 -0.688524 0.724708
74.035000 0.432353 -6.253461 0.204013 -0.017303 -0.020740 -0.688285 0.724937
74.135000 0.429734 -6.264362 0.205789 -0.017885 -0.020833 -0.688492 0.724724
74.235000 0.431570 -6.279810 0.206160 -0.017895 -0.020940 -0.688504 0.724709
74.337000 0.433086 -6.294525 0.208247 -0.018129 -0.021009 -0.688780 0.724439
74.435000 0.431115 -6.313603 0.207302 -0.018304 -0.020969 -0.688856 0.724364
74.536000 0.434929 -6.328710 0.212103 -0.018065 -0.021085 -0.688659 0.724553
74.636000 0.439471 -6.341635 0.213985 -0.018192 -0.021023 -0.688505 0.724698
74.735000 0.433545 -6.362120 0.212715 -0.018176 -0.020867 -0.688742 0.724479
74.836000 0.436518 -6.372864 0.212347 -0.018170 -0.021016 -0.688709 0.724505
74.936000 0.434838 -6.392058 0.210639 -0.017998 -0.020836 -0.688731 0.724494
75.036000 0.432602 -6.404766 0.203654 -0.016945 -0.020560 -0.689071 0.724204
75.135000 0.434158 -6.414083 0.204302 -0.017049 -0.020242 -0.689051 0.724230
75.235000 0.440779 -6.435059 0.206703 -0.017085 -0.020681 -0.688457 0.724781
75.335000 0.443755 -6.449585 0.204327 -0.016718 -0.020522 -0.688214 0.725025
75.435000 0.442865 -6.459897 0.207404 -0.016911 -0.020635 -0.688323 0.724914
75.536000 0.445705 -6.481386 0.207872 -0.017090 -0.021178 -0.688655 0.724578
75.635000 0.438121 -6.487847 0.205907 -0.016636 -0.020381 -0.689016 0.724268
75.737000 0.440189 -6.504516 0.206121 -0.017154 -0.020872 -0.688931 0.724323
75.838000 0.440900 -6.517995 0.205012 -0.017260 -0.020555 -0.688877 0.724381
75.935000 0.448271 -6.538491 0.204321 -0.016591 -0.020585 -0.688494 0.724760
76.038000 0.447269 -6.559020 0.206293 -0.016770 -0.020705 -0.688567 0.724683
76.135000 0.447791 -6.572099 0.207443 -0.016826 -0.020498 -0.688615 0.724642
76.235000 0.447771 -6.587956 0.202580 -0.016515 -0.020373 -0.688624 0.724644
76.335000 0.444836 -6.604969 0.205750 -0.016705 -0.020396 -0.688698 0.724569
76.435000 0.447662 -6.620671 0.207188 -0.016727 -0.020348 -0.688348 0.724902
76.535000 0.450866 -6.629314 0.207405 -0.016579 -0.020265 -0.688368 0.724889
76.636000 0.448079 -6.635017 0.207895 -0.016500 -0.020300 -0.688758 0.724519
76.739000 0.447988 -6.642784 0.207653 -0.016234 -0.020341 -0.689077 0.724221
76.835000 0.447831 -6.660964 0.207646 -0.016446 -0.020697 -0.689145 0.724141
76.935000 0.450891 -6.686244 0.209235 -0.015940 -0.020292 -0.688841 0.724453
77.036000 0.455447 -6.705588 0.207608 -0.016125 -0.020546 -0.688595 0.724676
77.135000 0.451509 -6.723826 0.209513 -0.016427 -0.020713 -0.688879 0.724394
77.236000 0.452589 -6.730361 0.211786 -0.016497 -0.020655 -0.689084 0.724199
77.336000 0.452769 -6.746007 0.212445 -0.016462 -0.020803 -0.689269 0.724020
77.436000 0.456278 -6.757006 0.211151 -0.016424 -0.020896 -0.689166 0.724116
77.536000 0.463843 -6.770643 0.213315 -0.016208 -0.021277 -0.688765 0.724491
77.635000 0.460171 -6.784527 0.213092 -0.016844 -0.021313 -0.688745 0.724494
77.736000 0.460858 -6.805265 0.217842 -0.017326 -0.021520 -0.688932 0.724299
77.835000 0.458768 -6.813246 0.218046 -0.017744 -0.021472 -0.688731 0.724481
77.935000 0.461370 -6.831411 0.215973 -0.017277 -0.021591 -0.689059 0.724178
78.036000 0.462683 -6.842075 0.216474 -0.016920 -0.021729 -0.689298 0.723954
78.136000 0.456884 -6.857459 0.224348 -0.018013 -0.021973 -0.689133 0.724078
78.235000 0.456424 -6.871032 0.225358 -0.018189 -0.022007 -0.689299 0.723915
78.335000 0.455882 -6.887577 0.228470 -0.018713 -0.022219 -0.689499 0.723704
78.435000 0.455500 -6.903894 0.229987 -0.018596 -0.022214 -0.689481 0.723724
78.535000 0.464248 -6.926173 0.232694 -0.018913 -0.022379 -0.688697 0.724457
78.636000 0.467243 -6.949002 0.234771 -0.019067 -0.022086 -0.688607 0.724547
78.736000 0.465548 -6.960196 0.238629 -0.019064 -0.022159 -0.688931 0.724237
78.837000 0.468482 -6.971409 0.237187 -0.019204 -0.022663 -0.689045 0.724110
78.936000 0.470955 -6.987335 0.241374 -0.019172 -0.022317 -0.688634 0.724512
79.035000 0.468689 -7.003569 0.240862 -0.019262 -0.022468 -0.689076 0.724085
79.136000 0.469834 -7.017589 0.242324 -0.019353 -0.022896 -0.688932 0.724206
79.236000 0.469607 -7.025323 0.238961 -0.019471 -0.022849 -0.689021 0.724119
79.336000 0.469814 -7.046070 0.241744 -0.019457 -0.023137 -0.689164 0.723974
79.436000 0.467922 -7.061693 0.242535 -0.019583 -0.022941 -0.689054 0.724082
79.535000 0.469277 -7.069600 0.243448 -0.019574 -0.022945 -0.689222 0.723922
79.635000 0.473460 -7.081105 0.240566 -0.019343 -0.022574 -0.688975 0.724175
79.735000 0.472330 -7.103013 0.244906 -0.019984 -0.023054 -0.689078 0.724045
79.836000 0.472940 -7.119941 0.245523 -0.020078 -0.022416 -0.688967 0.724168
79.936000 0.478725 -7.135121 0.241467 -0.019864 -0.022718 -0.688755 0.724366
80.036000 0.476830 -7.144416 0.233998 -0.019340 -0.022408 -0.689038 0.724120
80.135000 0.475043 -7.155588 0.237356 -0.019656 -0.022385 -0.689255 0.723906
80.235000 0.477367 -7.173684 0.242796 -0.020106 -0.022923 -0.689151 0.723976
80.336000 0.478802 -7.188618 0.241756 -0.019832 -0.023155 -0.689085 0.724038
80.434000 0.472003 -7.213447 0.243463 -0.020275 -0.023143 -0.689363 0.723762
80.535000 0.474055 -7.223475 0.249434 -0.020302 -0.023489 -0.689359 0.723754
80.636000 0.472594 -7.232612 0.248499 -0.020054 -0.023608 -0.689437 0.723683
80.737000 0.480372 -7.249222 0.253188 -0.020204 -0.023352 -0.689066 0.724040
80.835000 0.478715 -7.263424 0.252260 -0.019813 -0.023542 -0.689332 0.723791
80.936000 0.477017 -7.278536 0.254148 -0.020435 -0.023038 -0.689121 0.723992
81.035000 0.479440 -7.301280 0.260211 -0.020703 -0.023217 -0.688835 0.724251
81.135000 0.482328 -7.316062 0.264449 -0.021047 -0.023147 -0.688629 0.724438
81.236000 0.487258 -7.331232 0.264157 -0.020945 -0.022579 -0.688717 0.724376
81.337000 0.487399 -7.348302 0.265082 -0.020364 -0.022957 -0.688883 0.724222
81.435000 0.486771 -7.356726 0.262903 -0.020817 -0.022558 -0.688831 0.724272
81.535000 0.486303 -7.372097 0.261676 -0.020593 -0.023209 -0.688779 0.724307
81.636000 0.486903 -7.388637 0.262995 -0.020990 -0.023317 -0.688796 0.724277
81.736000 0.486280 -7.400547 0.265812 -0.020752 -0.023736 -0.688767 0.724297
81.836000 0.486419 -7.410374 0.266395 -0.020731 -0.023524 -0.688743 0.724328
81.935000 0.488804 -7.429255 0.267144 -0.021011 -0.023740 -0.688698 0.724355
82.036000 0.492327 -7.447790 0.266212 -0.020787 -0.023964 -0.688668 0.724383
82.136000 0.487986 -7.469687 0.267559 -0.021093 -0.024151 -0.688895 0.724151
82.236000 0.494782 -7.484350 0.268200 -0.021215 -0.024062 -0.688545 0.724483
82.335000 0.493411 -7.498230 0.272458 -0.021231 -0.024268 -0.688775 0.724258
82.436000 0.494062 -7.514986 0.274178 -0.021491 -0.024296 -0.688880 0.724150
82.535000 0.495375 -7.527458 0.264106 -0.020743 -0.024867 -0.689084 0.723958
82.636000 0.498600 -7.544007 0.267177 -0.020930 -0.024920 -0.688978 0.724051
82.735000 0.503077 -7.561163 0.269232 -0.020748 -0.025321 -0.689138 0.723890
82.835000 0.500578 -7.580042 0.276497 -0.021553 -0.025176 -0.688902 0.724096
82.935000 0.499487 -7.589864 0.280260 -0.021720 -0.025546 -0.688974 0.724010
83.036000 0.499897 -7.601564 0.283806 -0.021928 -0.025203 -0.688804 0.724177
83.136000 0.501059 -7.615076 0.282248 -0.021875 -0.025589 -0.688681 0.724282
83.235000 0.494653 -7.631903 0.277712 -0.021477 -0.025470 -0.689045 0.723952
83.335000 0.496691 -7.643441 0.279837 -0.021527 -0.025500 -0.688966 0.724025
83.435000 0.501166 -7.661094 0.276363 -0.021549 -0.025663 -0.688853 0.724126
83.535000 0.503200 -7.682724 0.276825 -0.021332 -0.026246 -0.688773 0.724188
83.635000 0.495959 -7.695330 0.279504 -0.021283 -0.025776 -0.689038 0.723954
83.735000 0.506350 -7.717299 0.283395 -0.021919 -0.026152 -0.688642 0.724298
83.835000 0.508115 -7.726271 0.284951 -0.022010 -0.025921 -0.688602 0.724342
83.936000 0.505307 -7.740244 0.287811 -0.022230 -0.026123 -0.688855 0.724088
84.035000 0.507189 -7.758589 0.288560 -0.022377 -0.026382 -0.688761 0.724163
84.135000 0.509829 -7.768415 0.291837 -0.022479 -0.026408 -0.688709 0.724208
84.235000 0.504523 -7.777180 0.289528 -0.022112 -0.026277 -0.689073 0.723878
84.336000 0.507455 -7.792185 0.291640 -0.022233 -0.026288 -0.688954 0.723987
84.435000 0.514702 -7.811338 0.292853 -0.022409 -0.026413 -0.688600 0.724314
84.535000 0.516007 -7.827696 0.301794 -0.022574 -0.026017 -0.688618 0.724306
84.635000 0.515414 -7.844133 0.301858 -0.022372 -0.025827 -0.688445 0.724483
84.736000 0.509399 -7.859450 0.298476 -0.022299 -0.025982 -0.688668 0.724268
84.835000 0.511209 -7.871486 0.297174 -0.022358 -0.025688 -0.688768 0.724181
84.935000 0.511799 -7.889325 0.301063 -0.022140 -0.025813 -0.688979 0.723983
85.038000 0.512414 -7.913581 0.298682 -0.022192 -0.025349 -0.688721 0.724243
85.137000 0.514734 -7.924792 0.298094 -0.021874 -0.025078 -0.688878 0.724113
85.236000 0.522453 -7.941136 0.307099 -0.022134 -0.024640 -0.688540 0.724442
85.336000 0.517314 -7.950933 0.305243 -0.022166 -0.024368 -0.688727 0.724272
85.436000 0.521494 -7.959033 0.304803 -0.021838 -0.024160 -0.688592 0.724417
85.536000 0.522778 -7.973668 0.308772 -0.022235 -0.023947 -0.688578 0.724425
85.636000 0.516715 -7.987455 0.309765 -0.022057 -0.023985 -0.689224 0.723815
85.735000 0.521460 -8.009046 0.310372 -0.022046 -0.023940 -0.689244 0.723798
85.837000 0.520069 -8.025384 0.313501 -0.022432 -0.024437 -0.689183 0.723827
85.937000 0.517476 -8.036536 0.311511 -0.022278 -0.024417 -0.689197 0.723820
86.036000 0.526415 -8.064935 0.314247 -0.022202 -0.023985 -0.688512 0.724488
86.136000 0.523885 -8.071212 0.314022 -0.021271 -0.023075 -0.688861 0.724214
86.235000 0.526132 -8.087746 0.317471 -0.022349 -0.023717 -0.688645 0.724366
86.335000 0.520685 -8.098766 0.314646 -0.022437 -0.024838 -0.688758 0.724218
86.435000 0.517003 -8.112219 0.317648 -0.022122 -0.023038 -0.688852 0.724198
86.542000 0.524079 -8.130069 0.314776 -0.021559 -0.022666 -0.688514 0.724549
86.635000 0.517600 -8.140649 0.319591 -0.021787 -0.022403 -0.689172 0.723924
86.735000 0.523758 -8.159676 0.319062 -0.021832 -0.022505 -0.688781 0.724291
86.835000 0.524371 -8.175183 0.323153 -0.022430 -0.024017 -0.688798 0.724208
86.935000 0.523393 -8.186904 0.320012 -0.022016 -0.023686 -0.688785 0.724244
87.035000 0.530315 -8.200776 0.321998 -0.022049 -0.022908 -0.688572 0.724470
87.136000 0.531058 -8.217883 0.321233 -0.022346 -0.023280 -0.688651 0.724375
87.235000 0.531060 -8.235084 0.325423 -0.022136 -0.022760 -0.688848 0.724210
87.336000 0.528571 -8.244117 0.328489 -0.022129 -0.022483 -0.688943 0.724129
87.435000 0.537358 -8.256650 0.326917 -0.022101 -0.022519 -0.688545 0.724507
87.535000 0.534107 -8.281100 0.327685 -0.021816 -0.022193 -0.688826 0.724258
87.636000 0.542392 -8.294376 0.326598 -0.021280 -0.021531 -0.688324 0.724772
87.736000 0.538407 -8.306904 0.324229 -0.021943 -0.022444 -0.688638 0.724426
87.836000 0.535132 -8.316586 0.327171 -0.021769 -0.022113 -0.688905 0.724188
87.936000 0.539670 -8.336573 0.330398 -0.021960 -0.022400 -0.688889 0.724188
88.036000 0.537914 -8.346382 0.329575 -0.022043 -0.022419 -0.688613 0.724447
88.136000 0.533427 -8.356202 0.330020 -0.022189 -0.022417 -0.688972 0.724101
88.236000 0.544063 -8.376774 0.329699 -0.022075 -0.022304 -0.688589 0.724472
88.335000 0.541521 -8.392728 0.330730 -0.022185 -0.022609 -0.689014 0.724056
88.435000 0.543278 -8.405624 0.336625 -0.022245 -0.022895 -0.688815 0.724234
88.536000 0.547064 -8.433750 0.335377 -0.022752 -0.024125 -0.688211 0.724752
88.636000 0.547224 -8.446978 0.337332 -0.022659 -0.023808 -0.688332 0.724651
88.736000 0.540797 -8.456870 0.337438 -0.022316 -0.022681 -0.689046 0.724019
88.836000 0.549321 -8.469419 0.336510 -0.022228 -0.022632 -0.688731 0.724323
88.935000 0.552135 -8.487770 0.339877 -0.023031 -0.024503 -0.688785 0.724185
89.036000 0.548243 -8.501462 0.339297 -0.022628 -0.022950 -0.688750 0.724282
89.136000 0.550302 -8.516935 0.338346 -0.023064 -0.024389 -0.688857 0.724120
89.236000 0.546879 -8.522810 0.338856 -0.022164 -0.022508 -0.688658 0.724398
89.336000 0.549577 -8.537649 0.338884 -0.022472 -0.022951 -0.688619 0.724412
89.436000 0.553273 -8.552953 0.344718 -0.022981 -0.023454 -0.688600 0.724398
89.536000 0.556622 -8.569858 0.342457 -0.022984 -0.023826 -0.688479 0.724500
89.637000 0.551999 -8.583346 0.344240 -0.022854 -0.023446 -0.688809 0.724203
89.736000 0.564010 -8.605553 0.342296 -0.022715 -0.023422 -0.688374 0.724622
89.836000 0.558012 -8.623194 0.349637 -0.023423 -0.024067 -0.688448 0.724507
89.936000 0.559607 -8.634025 0.342601 -0.023214 -0.023922 -0.688407 0.724558
90.036000 0.561741 -8.649472 0.348364 -0.023418 -0.024409 -0.688435 0.724509
90.137000 0.559183 -8.668496 0.349327 -0.023544 -0.024241 -0.688759 0.724202
90.236000 0.551413 -8.679748 0.352161 -0.023495 -0.024215 -0.689171 0.723813
90.336000 0.557473 -8.689215 0.354237 -0.023345 -0.023839 -0.688922 0.724067
90.436000 0.558451 -8.708264 0.354611 -0.023326 -0.023918 -0.688617 0.724355
90.536000 0.569103 -8.722911 0.354023 -0.022867 -0.023619 -0.688582 0.724413
90.635000 0.559993 -8.734328 0.360125 -0.023481 -0.024164 -0.689092 0.723890
90.735000 0.560201 -8.750289 0.357632 -0.023380 -0.023887 -0.688861 0.724122
90.835000 0.567980 -8.768384 0.362161 -0.023433 -0.024026 -0.688661 0.724307
90.937000 0.568226 -8.783562 0.362048 -0.023448 -0.024598 -0.688353 0.724580
91.035000 0.569914 -8.800038 0.360913 -0.023560 -0.024500 -0.688549 0.724393
91.135000 0.565954 -8.815631 0.365031 -0.023557 -0.024928 -0.688458 0.724465
91.236000 0.564773 -8.826930 0.362260 -0.023547 -0.024452 -0.688383 0.724552
91.336000 0.569330 -8.844051 0.364181 -0.023767 -0.024851 -0.688191 0.724715
91.435000 0.567625 -8.852030 0.363798 -0.023987 -0.025136 -0.688344 0.724552
91.535000 0.564904 -8.863379 0.367116 -0.023570 -0.024709 -0.688722 0.724221
91.635000 0.562082 -8.877301 0.365539 -0.023048 -0.024388 -0.688992 0.723992
91.736000 0.571927 -8.904650 0.366912 -0.023627 -0.024986 -0.688504 0.724417
91.835000 0.575643 -8.924211 0.368468 -0.023957 -0.025211 -0.688496 0.724405
91.935000 0.573460 -8.934686 0.372632 -0.023146 -0.024445 -0.688810 0.724160
92.035000 0.571558 -8.950675 0.369519 -0.023609 -0.024760 -0.688876 0.724072
92.136000 0.574272 -8.962634 0.365445 -0.023221 -0.024165 -0.688718 0.724254
92.235000 0.568008 -8.981802 0.369619 -0.023825 -0.024718 -0.689448 0.723521
92.336000 0.575186 -8.990522 0.373923 -0.023954 -0.024801 -0.688780 0.724150
92.435000 0.572810 -9.003872 0.376028 -0.023392 -0.024107 -0.688991 0.723991
92.535000 0.566733 -9.017445 0.376872 -0.023200 -0.023775 -0.689124 0.723882
92.636000 0.574914 -9.029269 0.373655 -0.023018 -0.023557 -0.688726 0.724273
92.735000 0.572684 -9.043559 0.376553 -0.023105 -0.023919 -0.688626 0.724353
92.836000 0.574132 -9.065303 0.380553 -0.023713 -0.024892 -0.688905 0.724036
92.936000 0.575152 -9.080913 0.376521 -0.023527 -0.024923 -0.688766 0.724173
93.036000 0.577349 -9.095444 0.373896 -0.024020 -0.025244 -0.688364 0.724528
93.135000 0.580819 -9.107563 0.373445 -0.024458 -0.025455 -0.688448 0.724426
93.236000 0.574845 -9.129780 0.382287 -0.024713 -0.026094 -0.688943 0.723924
93.335000 0.581612 -9.141773 0.382575 -0.024396 -0.026713 -0.689324 0.723550
93.436000 0.579766 -9.166399 0.381607 -0.024137 -0.026553 -0.689103 0.723775
93.536000 0.576700 -9.181466 0.384661 -0.024168 -0.026360 -0.689210 0.723679
93.635000 0.581336 -9.182506 0.384788 -0.023901 -0.026407 -0.689463 0.723445
93.735000 0.581752 -9.189309 0.385028 -0.023993 -0.026589 -0.689719 0.723191
93.836000 0.583185 -9.205451 0.380712 -0.023577 -0.025899 -0.689142 0.723779
93.936000 0.577918 -9.225155 0.383542 -0.023725 -0.026622 -0.689396 0.723507
94.036000 0.580623 -9.236411 0.387108 -0.023169 -0.025678 -0.689551 0.723411
94.136000 0.579703 -9.249613 0.387888 -0.022152 -0.025387 -0.689250 0.723739
94.236000 0.583002 -9.279375 0.395291 -0.022853 -0.026043 -0.689107 0.723830
94.337000 0.586381 -9.295213 0.390555 -0.022224 -0.025407 -0.688697 0.724263
94.435000 0.595479 -9.311326 0.388380 -0.021458 -0.024842 -0.687997 0.724971
94.536000 0.599684 -9.329355 0.389223 -0.021610 -0.026068 -0.688056 0.724867
94.636000 0.587792 -9.334153 0.385091 -0.021210 -0.025364 -0.688537 0.724447
94.737000 0.590301 -9.353079 0.395634 -0.022315 -0.025705 -0.688697 0.724249
94.835000 0.581044 -9.372758 0.401381 -0.022970 -0.025611 -0.689316 0.723643
94.935000 0.584601 -9.389300 0.408214 -0.023416 -0.025733 -0.689174 0.723760
95.036000 0.585786 -9.401398 0.411069 -0.023179 -0.025601 -0.689031 0.723909
95.135000 0.593181 -9.409514 0.412116 -0.023461 -0.024942 -0.688596 0.724336
95.235000 0.593877 -9.421975 0.408123 -0.022892 -0.025090 -0.688682 0.724267
95.336000 0.592993 -9.436034 0.408476 -0.022874 -0.025034 -0.688671 0.724281
95.436000 0.592688 -9.451571 0.408890 -0.023147 -0.025432 -0.688517 0.724404
95.535000 0.596982 -9.475903 0.412846 -0.023536 -0.025695 -0.688373 0.724520
95.635000 0.594827 -9.487405 0.408638 -0.023019 -0.024899 -0.688619 0.724330
95.735000 0.600707 -9.501208 0.412828 -0.022951 -0.024859 -0.688648 0.724306
95.835000 0.601432 -9.514358 0.417069 -0.023315 -0.024823 -0.688622 0.724321
95.936000 0.595516 -9.529339 0.417580 -0.022893 -0.024363 -0.688758 0.724220
96.035000 0.604759 -9.541745 0.419238 -0.022774 -0.024696 -0.688418 0.724535
96.135000 0.597451 -9.557565 0.416936 -0.022754 -0.024711 -0.689019 0.723964
96.235000 0.599565 -9.581323 0.423016 -0.023064 -0.024902 -0.688932 0.724030
96.336000 0.597309 -9.592035 0.423410 -0.023283 -0.025294 -0.688987 0.723958
96.436000 0.603154 -9.603544 0.421952 -0.023633 -0.025322 -0.688500 0.724409
96.535000 0.603814 -9.624510 0.425856 -0.023719 -0.025413 -0.688811 0.724107
96.635000 0.601900 -9.639713 0.424934 -0.023598 -0.025285 -0.688775 0.724150
96.735000 0.601712 -9.651486 0.425771 -0.023417 -0.025013 -0.688707 0.724230
96.835000 0.609441 -9.662521 0.425991 -0.023265 -0.024839 -0.688575 0.724366
96.936000 0.610878 -9.680610 0.425915 -0.023284 -0.025252 -0.688167 0.724738
97.035000 0.611616 -9.695067 0.424390 -0.023604 -0.025334 -0.688282 0.724616
97.135000 0.609895 -9.709583 0.432841 -0.024191 -0.026001 -0.688317 0.724541
97.235000 0.619967 -9.726406 0.434181 -0.023755 -0.025420 -0.687905 0.724966
97.335000 0.611660 -9.740015 0.429664 -0.023440 -0.024960 -0.688531 0.724399
97.435000 0.611931 -9.764403 0.437574 -0.023713 -0.025618 -0.688959 0.723959
97.536000 0.612679 -9.775208 0.434219 -0.023827 -0.025680 -0.688843 0.724064
97.635000 0.610055 -9.785660 0.432602 -0.023261 -0.024927 -0.688723 0.724222
97.737000 0.607567 -9.797840 0.437920 -0.023956 -0.026201 -0.688997 0.723894
97.836000 0.607073 -9.806011 0.429949 -0.023504 -0.025114 -0.689006 0.723939
97.936000 0.620354 -9.828523 0.442095 -0.023819 -0.025840 -0.688336 0.724540
98.036000 0.621847 -9.843599 0.438364 -0.023350 -0.025335 -0.688310 0.724598
98.137000 0.617116 -9.862264 0.439625 -0.023459 -0.025454 -0.688458 0.724449
98.237000 0.616506 -9.873159 0.439723 -0.023357 -0.025419 -0.688761 0.724166
98.335000 0.617510 -9.881974 0.436921 -0.022972 -0.025418 -0.688960 0.723990
98.436000 0.623941 -9.905597 0.442973 -0.022971 -0.025352 -0.688485 0.724443
98.535000 0.624501 -9.921713 0.441408 -0.022843 -0.025338 -0.688382 0.724546
98.637000 0.619565 -9.932866 0.442525 -0.022986 -0.025229 -0.688722 0.724222
98.735000 0.616832 -9.948568 0.442896 -0.023262 -0.025407 -0.688916 0.724022
98.836000 0.621593 -9.958362 0.437217 -0.022573 -0.025273 -0.688819 0.724141
98.937000 0.619376 -9.972404 0.441158 -0.022820 -0.024900 -0.688902 0.724067
99.036000 0.620808 -9.985727 0.443583 -0.022997 -0.024952 -0.688840 0.724119
99.137000 0.621551 -9.994624 0.439484 -0.022319 -0.025140 -0.688742 0.724227
99.238000 0.624250 -10.008501 0.441039 -0.022805 -0.025556 -0.688529 0.724399
99.335000 0.619901 -10.021869 0.440613 -0.022609 -0.025157 -0.689114 0.723864
99.435000 0.623464 -10.052512 0.447712 -0.022978 -0.025479 -0.688748 0.724189
99.537000 0.624544 -10.072210 0.448757 -0.023083 -0.026033 -0.688662 0.724247
99.636000 0.626255 -10.077868 0.449457 -0.022918 -0.025853 -0.688980 0.723956
99.736000 0.623798 -10.086652 0.452122 -0.023243 -0.025728 -0.689195 0.723746
99.836000 0.619340 -10.100872 0.442028 -0.022635 -0.025095 -0.689646 0.723358
99.936000 0.616689 -10.120463 0.446303 -0.022435 -0.024771 -0.689209 0.723792
100.038000 0.622484 -10.127171 0.430324 -0.022017 -0.024565 -0.694930 0.718320
100.136000 0.635485 -10.143034 0.451852 -0.028661 -0.032341 -0.713083 0.699747
100.236000 0.663681 -10.118861 0.443848 -0.028101 -0.032950 -0.736443 0.675112
100.335000 0.661801 -10.127076 0.457989 -0.029491 -0.034684 -0.751578 0.658071
100.435000 0.640494 -10.120633 0.453361 -0.027458 -0.035770 -0.771729 0.634351
100.535000 0.623227 -10.115918 0.448930 -0.025473 -0.034776 -0.779633 0.624751
100.635000 0.642417 -10.110436 0.390991 -0.004151 -0.033566 -0.758247 0.651090
100.736000 0.656869 -10.098071 0.398398 -0.002749 -0.027725 -0.718384 0.695088
100.835000 0.627450 -10.146523 0.504672 -0.015720 -0.029524 -0.699119 0.714222
100.936000 0.634946 -10.119419 0.418416 -0.022729 -0.023411 -0.704310 0.709142
101.036000 0.649375 -10.115918 0.374735 -0.033505 -0.028646 -0.729717 0.682327
101.135000 0.638038 -10.107131 0.386665 -0.050291 -0.024590 -0.740486 0.669736
101.236000 0.635659 -10.109581 0.363406 -0.047124 -0.018206 -0.754102 0.654812
101.335000 0.649722 -10.099563 0.361173 -0.040668 -0.013543 -0.765255 0.642298
101.436000 0.660025 -10.105789 0.383838 -0.030198 -0.025851 -0.776500 0.628862
101.535000 0.660946 -10.100491 0.380920 -0.015174 -0.036029 -0.781056 0.623236
101.635000 0.650520 -10.117870 0.344575 0.005800 -0.038924 -0.760938 0.647630
101.735000 0.633097 -10.096561 0.326861 0.010274 -0.030747 -0.727029 0.685841
101.837000 0.654453 -10.120647 0.433797 0.001754 -0.028192 -0.694616 0.718826
101.935000 0.643876 -10.123286 0.434169 -0.016900 -0.019196 -0.685623 0.727507
102.036000 0.639761 -10.130627 0.384403 -0.030132 -0.022139 -0.708613 0.704606
102.137000 0.659766 -10.101986 0.366058 -0.034083 -0.027460 -0.743318 0.667504
102.236000 0.670318 -10.109737 0.350641 -0.030632 -0.020330 -0.768285 0.639051
102.336000 0.675710 -10.101900 0.369555 -0.025433 -0.020279 -0.793561 0.607620
102.436000 0.667879 -10.087741 0.369385 -0.029293 -0.027857 -0.815429 0.577444
102.536000 0.679926 -10.083909 0.389438 -0.015627 -0.041421 -0.837844 0.544111
102.637000 0.672189 -10.092357 0.394425 -0.000514 -0.047410 -0.825481 0.562435
102.737000 0.661716 -10.060781 0.301143 0.012994 -0.028987 -0.794555 0.606361
102.837000 0.663219 -10.085667 0.357931 0.008134 -0.032724 -0.751474 0.658901
102.936000 0.679685 -10.103222 0.436254 -0.008285 -0.030981 -0.720282 0.692940
103.036000 0.667408 -10.096942 0.388087 -0.011753 -0.008644 -0.724330 0.689299
103.138000 0.669509 -10.068845 0.379253 -0.008054 -0.010270 -0.746859 0.664854
103.236000 0.662268 -10.112838 0.455747 -0.021454 -0.027891 -0.749830 0.660694
103.337000 0.665606 -10.107121 0.445033 -0.019621 -0.028980 -0.747865 0.662927
103.437000 0.650862 -10.096301 0.434474 -0.019222 -0.028317 -0.748930 0.661765
103.536000 0.655703 -10.095352 0.440076 -0.019016 -0.027577 -0.749732 0.660894
103.636000 0.656042 -10.097183 0.446394 -0.020114 -0.027437 -0.749452 0.661184
103.738000 0.648306 -10.101607 0.445469 -0.019331 -0.027033 -0.750461 0.660078
103.837000 0.651578 -10.103622 0.451558 -0.020080 -0.026847 -0.749960 0.660633
103.937000 0.659210 -10.100501 0.451167 -0.019793 -0.027285 -0.750117 0.660446
104.036000 0.656656 -10.097521 0.447491 -0.019449 -0.027202 -0.746510 0.664533
104.136000 0.664754 -10.093377 0.436023 -0.019398 -0.025672 -0.729294 0.683443
104.237000 0.650642 -10.093602 0.456928 -0.021754 -0.026614 -0.712047 0.701290
104.336000 0.659458 -10.096593 0.448756 -0.021109 -0.025831 -0.694585 0.718637
104.437000 0.652429 -10.100636 0.454336 -0.022933 -0.025731 -0.676274 0.735843
104.536000 0.663697 -10.095229 0.448892 -0.023557 -0.024931 -0.657863 0.752356
104.636000 0.665784 -10.099793 0.448130 -0.023437 -0.024110 -0.638646 0.768766
104.736000 0.652213 -10.099115 0.451584 -0.024976 -0.023484 -0.619826 0.783990
104.838000 0.656511 -10.103362 0.436119 -0.024004 -0.022069 -0.599852 0.799446
104.937000 0.663520 -10.098943 0.441986 -0.024272 -0.021147 -0.579123 0.814605
105.037000 0.661051 -10.081452 0.433876 -0.024924 -0.020895 -0.561826 0.826616
105.137000 0.667149 -10.092448 0.394117 -0.027598 -0.030137 -0.549666 0.834384
105.237000 0.669674 -10.085480 0.383509 -0.022380 -0.026066 -0.538701 0.841796
105.337000 0.662466 -10.079371 0.371493 -0.019881 -0.021932 -0.526542 0.849633
105.436000 0.672168 -10.080094 0.377240 -0.021331 -0.023565 -0.515034 0.856580
105.536000 0.671693 -10.074522 0.364666 -0.019067 -0.021400 -0.501049 0.864944
105.637000 0.655743 -10.077755 0.391148 -0.023187 -0.022341 -0.488263 0.872103
105.736000 0.667051 -10.072917 0.380762 -0.024281 -0.024673 -0.473596 0.880062
105.836000 0.661554 -10.070905 0.387980 -0.024279 -0.024209 -0.467659 0.883244
105.937000 0.665002 -10.073077 0.375544 -0.021980 -0.021526 -0.468064 0.883159
106.037000 0.658241 -10.077783 0.381371 -0.022478 -0.021488 -0.468802 0.882756
106.136000 0.662371 -10.080070 0.394330 -0.024706 -0.023214 -0.469139 0.882473
106.237000 0.649144 -10.065671 0.372011 -0.021279 -0.019952 -0.467310 0.883612
106.337000 0.662564 -10.082404 0.403779 -0.030438 -0.027500 -0.470518 0.881436
106.437000 0.678290 -10.080152 0.398974 -0.033799 -0.029707 -0.494423 0.868056
106.536000 0.661587 -10.073043 0.380345 -0.027807 -0.027719 -0.531049 0.846431
106.636000 0.667069 -10.095643 0.413703 -0.025701 -0.028328 -0.558023 0.828944
106.736000 0.668930 -10.081328 0.385048 -0.020508 -0.025559 -0.569860 0.821088
106.836000 0.655983 -10.087939 0.434558 -0.034743 -0.025743 -0.596943 0.801118
106.937000 0.670651 -10.089695 0.423694 -0.025915 -0.026002 -0.644225 0.763954
107.037000 0.660687 -10.118109 0.452517 -0.026937 -0.027704 -0.668265 0.742919
107.136000 0.666081 -10.108429 0.395230 -0.005923 -0.009364 -0.667712 0.744337
107.237000 0.661966 -10.133638 0.472734 -0.034131 -0.036429 -0.674418 0.736660
107.336000 0.659277 -10.116549 0.430490 -0.037710 -0.044791 -0.701903 0.709862
107.436000 0.655461 -10.125872 0.468854 -0.036649 -0.043089 -0.718753 0.692961
107.536000 0.643083 -10.112340 0.414994 -0.023480 -0.028650 -0.747296 0.663458
107.637000 0.661029 -10.122646 0.381985 -0.008029 -0.024308 -0.747494 0.663775
107.737000 0.648367 -10.129216 0.452203 -0.009481 -0.030456 -0.744379 0.666995
107.836000 0.663346 -10.124975 0.445731 -0.009342 -0.032949 -0.741795 0.669752
107.937000 0.662950 -10.115922 0.392266 -0.012830 -0.029185 -0.740806 0.670962
108.037000 0.654492 -10.127275 0.403496 -0.016531 -0.032497 -0.741908 0.669509
108.137000 0.669282 -10.119006 0.394710 -0.014012 -0.030090 -0.741112 0.670561
108.237000 0.672904 -10.120215 0.397286 -0.013718 -0.027910 -0.740614 0.671211
108.337000 0.667569 -10.126104 0.389596 -0.009306 -0.024243 -0.741559 0.670385
108.437000 0.673227 -10.113087 0.385041 -0.009263 -0.023730 -0.740811 0.671230
108.537000 0.660356 -10.102104 0.377919 -0.009373 -0.025496 -0.742324 0.669491
108.636000 0.672554 -10.099036 0.379153 -0.009286 -0.024018 -0.741164 0.670830
108.737000 0.676414 -10.100077 0.376739 -0.008628 -0.025030 -0.741160 0.670806
108.836000 0.668418 -10.105135 0.379022 -0.008917 -0.023760 -0.741302 0.670691
108.936000 0.669076 -10.109051 0.382089 -0.008677 -0.023369 -0.741142 0.670885
109.036000 0.670170 -10.118249 0.379428 -0.008613 -0.023422 -0.741262 0.670752
109.136000 0.665158 -10.111504 0.377270 -0.008777 -0.023752 -0.733004 0.679753
109.236000 0.659737 -10.111259 0.374415 -0.009038 -0.021796 -0.714414 0.699325
109.338000 0.657257 -10.116494 0.382446 -0.009269 -0.021183 -0.697290 0.716416
109.437000 0.668985 -10.106264 0.382510 -0.009559 -0.021680 -0.679195 0.733576
109.537000 0.668756 -10.123914 0.376578 -0.010671 -0.021995 -0.660689 0.750261
109.636000 0.644248 -10.109895 0.397933 -0.019206 -0.030528 -0.650120 0.758975
109.737000 0.662709 -10.091843 0.361028 -0.015891 -0.029021 -0.637114 0.770059
109.836000 0.665145 -10.102950 0.428659 -0.018492 -0.037597 -0.622996 0.781102
109.936000 0.651874 -10.105231 0.491933 -0.024994 -0.033045 -0.608969 0.792111
110.036000 0.661335 -10.084484 0.422123 -0.023733 -0.019912 -0.598349 0.800636
110.136000 0.673081 -10.091280 0.392737 -0.019568 -0.024662 -0.587441 0.808655
110.236000 0.647493 -10.090415 0.386518 -0.020030 -0.024138 -0.576247 0.816673
110.336000 0.649417 -10.087052 0.401348 -0.027004 -0.029115 -0.563591 0.825099
110.436000 0.658152 -10.077346 0.378878 -0.021101 -0.025234 -0.552478 0.832878
110.537000 0.647488 -10.073972 0.393461 -0.021252 -0.022556 -0.540288 0.840910
110.636000 0.644364 -10.076336 0.374549 -0.020625 -0.020249 -0.527872 0.848832
110.737000 0.656164 -10.077489 0.377792 -0.020267 -0.020310 -0.514914 0.856762
110.837000 0.650156 -10.066721 0.375033 -0.019169 -0.020196 -0.502285 0.864254
110.936000 0.643591 -10.071536 0.382800 -0.022738 -0.022021 -0.489056 0.871678
111.036000 0.646572 -10.063025 0.375801 -0.022106 -0.021363 -0.475061 0.879416
111.137000 0.636139 -10.062794 0.390123 -0.024268 -0.021273 -0.461617 0.886492
111.236000 0.626600 -10.059722 0.377209 -0.022737 -0.020407 -0.448328 0.893347
111.337000 0.641628 -10.054319 0.378756 -0.023048 -0.019986 -0.433246 0.900759
111.437000 0.646611 -10.061077 0.385352 -0.024269 -0.019763 -0.418248 0.907794
111.537000 0.644457 -10.062706 0.373322 -0.023641 -0.019902 -0.402790 0.914771
111.637000 0.641916 -10.052598 0.377608 -0.024070 -0.019698 -0.387390 0.921391
111.736000 0.635152 -10.048527 0.374345 -0.024188 -0.019610 -0.371862 0.927765
111.836000 0.635933 -10.056238 0.376332 -0.024499 -0.018855 -0.354928 0.934382
111.936000 0.639350 -10.050506 0.392738 -0.026242 -0.017922 -0.337546 0.940773
112.036000 0.626950 -10.054931 0.379307 -0.026181 -0.018038 -0.320511 0.946711
112.137000 0.630031 -10.044736 0.386902 -0.026726 -0.016892 -0.302072 0.952761
112.236000 0.627209 -10.059029 0.382812 -0.027103 -0.016054 -0.282093 0.958870
112.336000 0.637571 -10.039994 0.379035 -0.026797 -0.015756 -0.261479 0.964708
112.437000 0.620755 -10.050252 0.377708 -0.026897 -0.014730 -0.238504 0.970657
112.537000 0.627069 -10.052888 0.374168 -0.025700 -0.012809 -0.220191 0.975034
112.636000 0.630084 -10.044959 0.378215 -0.026284 -0.012971 -0.206699 0.977965
112.737000 0.611544 -10.043763 0.381012 -0.027834 -0.013938 -0.192308 0.980841
112.836000 0.602218 -10.044449 0.392562 -0.029017 -0.012300 -0.176336 0.983825
112.936000 0.611425 -10.042078 0.385673 -0.028226 -0.012288 -0.157835 0.986986
113.037000 0.617144 -10.045360 0.383999 -0.028729 -0.011470 -0.138673 0.989855
113.137000 0.616580 -10.041038 0.385512 -0.028829 -0.010793 -0.119799 0.992321
113.236000 0.604760 -10.036282 0.377554 -0.028704 -0.010589 -0.098698 0.994647
113.338000 0.599068 -10.032356 0.370565 -0.027963 -0.009910 -0.075723 0.996687
113.437000 0.620688 -10.041191 0.373625 -0.026360 -0.009211 -0.049256 0.998396
113.536000 0.629569 -10.049804 0.375320 -0.025459 -0.009268 -0.026073 0.999293
113.638000 0.640070 -10.046771 0.372868 -0.024563 -0.007137 -0.016047 0.999544
113.736000 0.650209 -10.040878 0.373232 -0.022933 -0.007421 -0.017300 0.999560
113.839000 0.658907 -10.036126 0.370552 -0.022677 -0.007000 -0.018747 0.999543
113.937000 0.663056 -10.038794 0.388436 -0.028733 -0.011625 -0.029323 0.999089
114.037000 0.644372 -10.035332 0.369304 -0.028046 -0.007725 -0.043760 0.998618
114.140000 0.680269 -10.040138 0.372960 -0.041907 -0.016467 -0.054326 0.997508
114.238000 0.700522 -10.038666 0.355755 -0.056572 -0.024388 -0.069960 0.995646
114.338000 0.702557 -10.033743 0.377216 -0.080485 -0.034632 -0.084524 0.992562
114.437000 0.705407 -10.039533 0.404637 -0.102595 -0.032237 -0.104301 0.988715
114.538000 0.716111 -10.032949 0.406981 -0.120578 -0.030403 -0.125089 0.984322
114.638000 0.721424 -10.040475 0.427041 -0.132263 -0.022507 -0.144402 0.980382
114.738000 0.719548 -10.048524 0.385001 -0.127785 -0.015428 -0.162202 0.978327
114.838000 0.713606 -10.049054 0.369996 -0.114461 -0.012487 -0.178153 0.977243
114.937000 0.707012 -10.040205 0.394191 -0.088412 -0.012934 -0.195024 0.976720
115.037000 0.694641 -10.044840 0.388141 -0.047777 -0.019277 -0.209941 0.976356
115.137000 0.712986 -10.054247 0.407327 -0.006264 -0.019016 -0.220356 0.975214
115.237000 0.694710 -10.061127 0.434061 -0.012453 -0.023853 -0.211467 0.977015
115.337000 0.698310 -10.042203 0.377833 -0.026488 -0.032284 -0.195325 0.979849
115.437000 0.694648 -10.045965 0.396396 -0.045228 -0.024615 -0.180990 0.982136
115.538000 0.691492 -10.025978 0.404787 -0.057088 -0.010387 -0.163911 0.984767
115.637000 0.694673 -10.039036 0.393004 -0.050676 0.000009 -0.150875 0.987253
115.737000 0.697804 -10.036942 0.386042 -0.031246 0.007488 -0.134784 0.990354
115.837000 0.702872 -10.042864 0.362737 -0.010884 0.007342 -0.110693 0.993768
115.938000 0.694311 -10.046397 0.372005 -0.008265 0.010350 -0.083798 0.996395
116.037000 0.703948 -10.040031 0.358970 -0.011959 0.010859 -0.057497 0.998215
116.138000 0.707238 -10.043169 0.354655 -0.021427 0.007962 -0.032473 0.999211
116.237000 0.682259 -10.037223 0.370590 -0.026134 0.007980 -0.008633 0.999589
116.338000 0.687998 -10.038491 0.415329 -0.031476 0.000604 0.017374 0.999353
116.437000 0.687232 -10.046451 0.385305 -0.031207 -0.007847 0.042530 0.998577
116.538000 0.696024 -10.043117 0.371928 -0.023960 -0.011411 0.064950 0.997536
116.638000 0.695231 -10.059976 0.415977 -0.038808 -0.008534 0.068630 0.996851
116.737000 0.665372 -10.038529 0.414490 -0.045073 0.019848 0.062161 0.996850
116.838000 0.669400 -10.043155 0.377097 -0.054405 0.037767 0.055315 0.996270
116.937000 0.684859 -10.035386 0.327060 -0.049104 0.062130 0.044695 0.995857
117.038000 0.683605 -10.046987 0.292666 -0.030245 0.080324 0.037251 0.995613
117.138000 0.689196 -10.046368 0.294683 -0.011061 0.087108 0.031329 0.995645
117.238000 0.702427 -10.048302 0.334647 -0.002244 0.084587 0.028119 0.996017
117.337000 0.701122 -10.049909 0.358023 -0.007947 0.081526 0.023385 0.996365
117.438000 0.706338 -10.046582 0.370897 -0.024505 0.066003 0.019917 0.997320
117.537000 0.709398 -10.036467 0.352431 -0.033912 0.044579 0.019965 0.998230
117.638000 0.733024 -10.032438 0.393891 -0.035254 0.019777 0.022873 0.998921
117.738000 0.714095 -10.037407 0.405117 -0.026148 -0.005700 0.033186 0.999091
117.838000 0.734940 -10.051123 0.381935 -0.018008 -0.024439 0.054925 0.998029
117.938000 0.741095 -10.023164 0.355761 -0.011294 -0.024922 0.079476 0.996461
118.038000 0.767826 -10.048400 0.449769 -0.032706 -0.018748 0.094985 0.994765
118.137000 0.762173 -10.036721 0.425390 -0.031674 0.000086 0.096475 0.994831
118.238000 0.770824 -10.027221 0.420760 -0.035709 0.018998 0.093952 0.994755
118.337000 0.788581 -10.025801 0.441574 -0.039041 0.035744 0.093709 0.994192
118.437000 0.815676 -10.020726 0.361109 -0.031952 0.044872 0.093475 0.994097
118.537000 0.825055 -10.019296 0.343705 -0.029785 0.050438 0.092541 0.993984
118.637000 0.839395 -10.012889 0.341697 -0.027786 0.059940 0.092886 0.993482
118.738000 0.850357 -10.010881 0.365348 -0.028694 0.060960 0.092891 0.993394
118.838000 0.877546 -10.003451 0.361984 -0.027466 0.060557 0.093718 0.993376
118.940000 0.881989 -9.999183 0.365117 -0.027077 0.059308 0.093125 0.993518
119.037000 0.886301 -10.017412 0.389329 -0.029081 0.056661 0.092531 0.993671
119.137000 0.906347 -10.001069 0.382289 -0.028438 0.048014 0.093788 0.994027
119.237000 0.913569 -9.997740 0.362242 -0.026228 0.039144 0.106314 0.993216
119.338000 0.912182 -9.987204 0.366474 -0.026980 0.026244 0.131644 0.990582
119.437000 0.906240 -9.985079 0.383381 -0.025067 0.011509 0.156325 0.987321
119.538000 0.915675 -9.990679 0.368105 -0.020905 -0.004980 0.181850 0.983091
119.638000 0.923328 -9.992690 0.331427 -0.018461 -0.017435 0.207533 0.977898
119.737000 0.912643 -9.997013 0.386288 -0.024388 -0.006995 0.228624 0.973184
119.837000 0.937506 -9.983192 0.379461 -0.025986 0.005151 0.229527 0.972942
119.937000 0.939896 -9.974005 0.393781 -0.027956 0.017118 0.227635 0.973195
120.038000 0.951979 -9.972613 0.412205 -0.031057 0.027406 0.228341 0.972700
120.138000 0.952763 -9.980764 0.400362 -0.031153 0.032950 0.226762 0.972894
120.237000 0.958295 -9.968970 0.386134 -0.031573 0.036936 0.242404 0.968958
120.337000 0.973071 -9.965290 0.404576 -0.034085 0.035184 0.267120 0.962417
120.439000 0.969825 -9.968486 0.408161 -0.035652 0.033973 0.290237 0.955687
120.537000 0.973048 -9.967205 0.384470 -0.031954 0.027995 0.313964 0.948484
120.638000 0.981870 -9.954455 0.400300 -0.030693 0.016847 0.325879 0.944763
120.738000 0.994493 -9.952302 0.420328 -0.030014 0.005410 0.325516 0.945044
120.837000 1.005945 -9.941578 0.385486 -0.023901 -0.003693 0.326840 0.944770
120.937000 1.013261 -9.938814 0.394516 -0.028755 -0.000357 0.326495 0.944761
121.037000 1.023868 -9.930525 0.379716 -0.025795 0.007946 0.337350 0.940992
121.137000 1.032004 -9.928944 0.383029 -0.028993 0.017548 0.361581 0.931724
121.237000 1.020999 -9.933404 0.429157 -0.034510 0.026291 0.383011 0.922724
121.338000 1.018452 -9.926936 0.442986 -0.036268 0.028726 0.405790 0.912794
121.437000 1.025740 -9.936486 0.442286 -0.037151 0.029077 0.429148 0.902002
121.538000 1.031357 -9.938740 0.420411 -0.036555 0.024489 0.450986 0.891446
121.637000 1.031398 -9.932286 0.396996 -0.033553 0.017676 0.473892 0.879766
121.738000 1.017583 -9.928857 0.387070 -0.024855 0.010973 0.495772 0.868028
121.837000 1.026074 -9.920259 0.383441 -0.020426 0.004084 0.510083 0.859873
121.937000 1.029381 -9.902130 0.384141 -0.020208 0.004921 0.510925 0.859373
122.037000 1.034957 -9.890851 0.382527 -0.022898 0.012451 0.509945 0.859812
122.135000 1.040411 -9.875100 0.378957 -0.029904 0.016491 0.510756 0.859047
122.238000 1.054152 -9.874376 0.401441 -0.035709 0.020605 0.510334 0.858988
122.338000 1.060146 -9.875785 0.402150 -0.033372 0.022744 0.521831 0.852092
122.439000 1.063791 -9.863176 0.402614 -0.033227 0.023625 0.543590 0.838360
122.537000 1.065595 -9.864995 0.396024 -0.031729 0.020026 0.563786 0.825069
122.637000 1.065589 -9.856737 0.385581 -0.026002 0.016302 0.584361 0.810913
122.737000 1.057150 -9.869490 0.401909 -0.024299 0.010302 0.604145 0.796437
122.838000 1.052476 -9.874983 0.413560 -0.021339 0.008560 0.623888 0.781176
122.938000 1.054291 -9.874998 0.413298 -0.023019 0.012152 0.643167 0.765283
123.037000 1.066148 -9.866968 0.396767 -0.024480 0.017978 0.662310 0.748614
123.138000 1.065921 -9.863624 0.372297 -0.026263 0.022181 0.681194 0.731295
123.239000 1.054379 -9.862837 0.393704 -0.028030 0.024206 0.698561 0.714592
123.338000 1.054939 -9.867641 0.391343 -0.025446 0.022128 0.716087 0.697196
123.439000 1.064013 -9.869573 0.389948 -0.019967 0.018372 0.733681 0.678952
123.538000 1.058644 -9.875037 0.383790 -0.017636 0.015217 0.750001 0.661027
123.638000 1.046104 -9.868104 0.394397 -0.018325 0.017654 0.766432 0.641821
123.737000 1.047508 -9.861650 0.383307 -0.017321 0.019853 0.776447 0.629631
123.838000 1.048382 -9.876725 0.407082 -0.023737 0.022063 0.775483 0.630536
123.937000 1.053651 -9.869298 0.408322 -0.022844 0.022055 0.776494 0.629324
124.038000 1.050513 -9.842552 0.389370 -0.019826 0.018116 0.777657 0.628114
124.138000 1.030560 -9.834122 0.399051 -0.018714 0.018250 0.776642 0.629399
124.237000 1.036861 -9.812202 0.387116 -0.017518 0.017133 0.777256 0.628707
124.338000 1.043091 -9.820120 0.396612 -0.021658 0.021990 0.777130 0.628583
124.437000 1.047008 -9.790031 0.391431 -0.020654 0.021182 0.777496 0.628192
124.538000 1.047796 -9.766590 0.382896 -0.020135 0.020241 0.778036 0.627571
124.637000 1.017898 -9.762450 0.382725 -0.018444 0.019927 0.776338 0.629732
124.737000 1.015692 -9.747788 0.381561 -0.019583 0.021566 0.777115 0.628684
124.839000 1.017956 -9.731010 0.377868 -0.018006 0.020012 0.777370 0.628467
124.938000 1.013204 -9.718182 0.371085 -0.018543 0.020192 0.777208 0.628646
125.037000 1.017687 -9.703581 0.367385 -0.018523 0.019961 0.777465 0.628336
125.139000 1.012688 -9.686659 0.368725 -0.018041 0.019362 0.777290 0.628585
125.237000 1.012828 -9.667137 0.364053 -0.017162 0.019490 0.777572 0.628258
125.337000 1.001090 -9.651440 0.367086 -0.018206 0.019933 0.776869 0.629083
125.437000 1.000916 -9.647508 0.368245 -0.018094 0.019384 0.777533 0.628283
125.538000 0.997615 -9.624456 0.375173 -0.018850 0.019352 0.776952 0.628980
125.639000 0.992900 -9.604166 0.371947 -0.018087 0.019963 0.776953 0.628982
125.738000 0.985046 -9.587093 0.375467 -0.018735 0.019804 0.776963 0.628956
125.837000 0.978213 -9.583042 0.375630 -0.018258 0.019907 0.776776 0.629197
125.937000 0.989802 -9.570138 0.373942 -0.019301 0.020337 0.777178 0.628655
126.038000 0.985036 -9.549806 0.381277 -0.020108 0.020204 0.776931 0.628940
126.137000 0.989227 -9.537224 0.370633 -0.018699 0.020056 0.777243 0.628603
126.237000 0.985222 -9.524263 0.361088 -0.018257 0.020618 0.777384 0.628423
126.338000 0.976262 -9.505524 0.377466 -0.020373 0.019607 0.776990 0.628878
126.438000 0.977448 -9.494517 0.369996 -0.019494 0.020098 0.777122 0.628727
126.538000 0.969088 -9.476044 0.368150 -0.019053 0.020717 0.776719 0.629218
126.637000 0.959808 -9.461983 0.360943 -0.017749 0.020800 0.776892 0.629040
126.738000 0.971050 -9.445733 0.377254 -0.019704 0.020684 0.777318 0.628459
126.838000 0.966549 -9.434905 0.366617 -0.018217 0.019321 0.777358 0.628497
126.938000 0.962161 -9.422356 0.364032 -0.018683 0.019617 0.777468 0.628339
127.038000 0.951635 -9.410290 0.368766 -0.018489 0.020131 0.777143 0.628730
127.137000 0.951673 -9.390530 0.361181 -0.017845 0.019806 0.777434 0.628400
127.238000 0.937471 -9.372844 0.369593 -0.018602 0.020549 0.776842 0.629085
127.337000 0.932845 -9.365626 0.365484 -0.018098 0.021323 0.776729 0.629214
127.437000 0.917582 -9.351076 0.354788 -0.017063 0.020816 0.776362 0.629713
127.537000 0.930973 -9.341211 0.367760 -0.017799 0.021102 0.776888 0.629033
127.637000 0.927182 -9.317220 0.358235 -0.018373 0.019869 0.776908 0.629032
127.737000 0.928949 -9.304990 0.356550 -0.017790 0.019638 0.777409 0.628437
127.837000 0.919841 -9.285652 0.355398 -0.018157 0.019899 0.776726 0.629263
127.937000 0.916188 -9.276747 0.357765 -0.018242 0.020112 0.776774 0.629194
128.038000 0.910475 -9.260594 0.358167 -0.018078 0.020377 0.776823 0.629129
128.138000 0.911751 -9.248145 0.349593 -0.017728 0.019807 0.777070 0.628852
128.238000 0.916377 -9.238097 0.352987 -0.017421 0.019555 0.777468 0.628377
128.341000 0.923264 -9.221679 0.345607 -0.016986 0.019436 0.777574 0.628261
128.437000 0.927585 -9.197999 0.352794 -0.017504 0.019021 0.777769 0.628018
128.537000 0.920018 -9.183142 0.347106 -0.018419 0.018677 0.777536 0.628291
128.637000 0.909788 -9.175204 0.351065 -0.019273 0.018288 0.777723 0.628045
128.738000 0.909598 -9.167204 0.347445 -0.018979 0.018580 0.777679 0.628100
128.844000 0.905899 -9.156318 0.349807 -0.019437 0.018170 0.777816 0.627929
128.938000 0.910327 -9.147720 0.346978 -0.018496 0.018926 0.778072 0.627617
129.037000 0.909149 -9.124282 0.344539 -0.017764 0.018687 0.778584 0.627010
129.138000 0.903322 -9.110288 0.339237 -0.017147 0.018646 0.778289 0.627395
129.243000 0.894911 -9.083925 0.339890 -0.016948 0.018400 0.778881 0.626673
129.337000 0.883748 -9.067554 0.339746 -0.016449 0.018701 0.778248 0.627463
129.438000 0.888327 -9.057906 0.345246 -0.017013 0.018321 0.778273 0.627428
129.538000 0.889993 -9.044854 0.344306 -0.017508 0.018313 0.778313 0.627365
129.639000 0.876516 -9.024152 0.337882 -0.017290 0.017751 0.777483 0.628416
129.738000 0.885403 -9.005717 0.339938 -0.017456 0.018063 0.778129 0.627602
129.838000 0.870755 -8.993388 0.341794 -0.017738 0.018078 0.777705 0.628119
129.938000 0.864640 -8.978180 0.337237 -0.017087 0.018035 0.777232 0.628724
130.039000 0.869567 -8.967829 0.337230 -0.017528 0.017996 0.777726 0.628101
130.137000 0.859715 -8.949475 0.339038 -0.016924 0.018420 0.777467 0.628426
130.237000 0.845645 -8.935701 0.340373 -0.017680 0.018173 0.776845 0.629181
130.337000 0.845150 -8.913621 0.341715 -0.017097 0.018334 0.777022 0.628975
130.438000 0.850375 -8.897900 0.342680 -0.017013 0.019049 0.777283 0.628633
130.537000 0.847888 -8.883894 0.341347 -0.017058 0.018739 0.777447 0.628437
130.637000 0.840237 -8.872551 0.342891 -0.016636 0.019040 0.777362 0.628546
130.737000 0.836507 -8.858002 0.339006 -0.016856 0.018556 0.777443 0.628453
130.838000 0.833343 -8.848760 0.338777 -0.017122 0.018684 0.777249 0.628682
130.937000 0.824269 -8.838277 0.339660 -0.016893 0.019403 0.777073 0.628885
131.037000 0.836682 -8.821635 0.336807 -0.017502 0.018463 0.777214 0.628721
131.137000 0.820298 -8.804678 0.336296 -0.017116 0.018601 0.776849 0.629179
131.238000 0.827591 -8.787005 0.334862 -0.017646 0.018597 0.777330 0.628570
131.338000 0.814443 -8.776751 0.330159 -0.016969 0.018652 0.777231 0.628710
131.439000 0.809539 -8.762396 0.332922 -0.017221 0.018520 0.777009 0.628981
131.537000 0.807441 -8.747395 0.333152 -0.017466 0.018526 0.776809 0.629221
131.638000 0.798668 -8.732259 0.335338 -0.017216 0.019222 0.776746 0.629285
131.738000 0.804430 -8.714569 0.335367 -0.017540 0.019297 0.777070 0.628874
131.837000 0.796517 -8.696509 0.327939 -0.017129 0.019034 0.776994 0.628987
131.937000 0.798121 -8.688746 0.330583 -0.017213 0.018768 0.777409 0.628480
132.038000 0.795107 -8.680247 0.328376 -0.016898 0.018917 0.777407 0.628486
132.138000 0.783853 -8.663600 0.334912 -0.017670 0.019351 0.777179 0.628734
132.238000 0.776879 -8.649074 0.330877 -0.017092 0.019328 0.777033 0.628931
132.337000 0.780919 -8.630669 0.332472 -0.016955 0.019037 0.777251 0.628674
132.438000 0.771310 -8.623706 0.330606 -0.017406 0.019688 0.777061 0.628877
132.537000 0.773020 -8.609449 0.322548 -0.017134 0.019433 0.777035 0.628924
132.637000 0.766717 -8.596337 0.322796 -0.017101 0.019119 0.777246 0.628674
132.738000 0.767427 -8.580129 0.322708 -0.017279 0.019252 0.777080 0.628870
132.837000 0.769497 -8.567191 0.322420 -0.017169 0.019301 0.777413 0.628459
132.939000 0.759459 -8.551932 0.332874 -0.017954 0.020070 0.777210 0.628665
133.037000 0.753865 -8.537924 0.324617 -0.017439 0.019750 0.777177 0.628731
133.137000 0.756964 -8.519613 0.325313 -0.017141 0.019321 0.777190 0.628736
133.237000 0.741302 -8.501009 0.321280 -0.017159 0.019172 0.776785 0.629241
133.338000 0.745376 -8.481650 0.320320 -0.017152 0.018945 0.777072 0.628893
133.437000 0.750278 -8.475821 0.326478 -0.017682 0.019332 0.777517 0.628316
133.538000 0.754137 -8.457673 0.321289 -0.018251 0.019538 0.777355 0.628494
133.637000 0.744096 -8.440490 0.314369 -0.017298 0.019049 0.777393 0.628489
133.738000 0.747104 -8.427642 0.327188 -0.018386 0.019497 0.777479 0.628338
133.837000 0.745246 -8.412876 0.321843 -0.018115 0.019362 0.777654 0.628133
133.937000 0.742240 -8.401620 0.314932 -0.017323 0.018921 0.777312 0.628592
134.037000 0.737997 -8.388599 0.316816 -0.017589 0.019206 0.777564 0.628264
134.138000 0.731484 -8.370043 0.311828 -0.017332 0.018743 0.777564 0.628286
134.238000 0.735394 -8.361600 0.311548 -0.017601 0.019002 0.777301 0.628596
134.338000 0.716237 -8.342845 0.309670 -0.017116 0.018857 0.776963 0.629031
134.437000 0.714806 -8.328868 0.316418 -0.017745 0.018843 0.776868 0.629131
134.537000 0.713527 -8.308343 0.308043 -0.016714 0.018706 0.776910 0.629112
134.638000 0.708190 -8.293229 0.311612 -0.017409 0.018626 0.776791 0.629242
134.738000 0.704801 -8.280836 0.308215 -0.016990 0.018852 0.776954 0.629045
134.837000 0.713115 -8.268198 0.307683 -0.017401 0.018690 0.777197 0.628739
134.937000 0.711417 -8.252532 0.310085 -0.017040 0.018993 0.777413 0.628473
135.037000 0.713459 -8.232929 0.306546 -0.017188 0.018696 0.777306 0.628610
135.137000 0.704466 -8.223166 0.307806 -0.017324 0.018339 0.777329 0.628588
135.237000 0.692293 -8.210475 0.310162 -0.017211 0.018534 0.777097 0.628872
135.338000 0.686533 -8.195238 0.307839 -0.016917 0.019084 0.776937 0.629062
135.438000 0.687637 -8.183885 0.315680 -0.017531 0.019275 0.777180 0.628739
135.537000 0.680438 -8.169365 0.308193 -0.016766 0.019150 0.776810 0.629220
135.637000 0.674627 -8.151560 0.307662 -0.017136 0.018788 0.776715 0.629338
135.737000 0.665193 -8.142866 0.309788 -0.016811 0.019052 0.776735 0.629315
135.837000 0.678096 -8.123736 0.310451 -0.016790 0.019038 0.777305 0.628611
135.938000 0.668194 -8.108341 0.312337 -0.017357 0.018963 0.777169 0.628766
136.038000 0.662441 -8.089344 0.315771 -0.017120 0.019142 0.777139 0.628805
136.137000 0.663554 -8.075322 0.313172 -0.016793 0.019008 0.777045 0.628934
136.237000 0.664222 -8.060125 0.308119 -0.016389 0.018861 0.777337 0.628588
136.339000 0.649105 -8.044667 0.310694 -0.017017 0.018881 0.776895 0.629117
136.437000 0.656069 -8.032086 0.307710 -0.016833 0.018726 0.777198 0.628752
136.538000 0.643398 -8.019307 0.308597 -0.016981 0.018743 0.777061 0.628917
136.638000 0.642695 -8.003774 0.304355 -0.016637 0.018723 0.777114 0.628862
136.738000 0.639873 -7.990425 0.305881 -0.016854 0.018760 0.776929 0.629083
136.838000 0.635698 -7.978956 0.301927 -0.016834 0.018547 0.777060 0.628928
136.938000 0.634320 -7.956150 0.305727 -0.016775 0.018650 0.777279 0.628656
137.039000 0.633471 -7.943151 0.304045 -0.016412 0.018585 0.777470 0.628431
137.138000 0.625324 -7.930005 0.305721 -0.016288 0.018841 0.777104 0.628880
137.237000 0.613472 -7.920135 0.300889 -0.016514 0.018444 0.776853 0.629195
137.339000 0.609912 -7.905098 0.299404 -0.016484 0.018324 0.776882 0.629164
137.437000 0.605772 -7.887924 0.298277 -0.016259 0.018098 0.776761 0.629325
137.538000 0.609728 -7.872546 0.296501 -0.016079 0.018050 0.777046 0.628979
137.640000 0.609486 -7.860074 0.295168 -0.016284 0.017930 0.777376 0.628570
137.737000 0.615723 -7.846001 0.292549 -0.017180 0.018223 0.777483 0.628405
137.838000 0.600336 -7.825048 0.299685 -0.016971 0.018320 0.777056 0.628936
137.939000 0.603392 -7.821970 0.298850 -0.016999 0.018598 0.777276 0.628655
138.038000 0.597587 -7.807778 0.291426 -0.016302 0.017894 0.777134 0.628870
138.138000 0.593175 -7.784090 0.292175 -0.016510 0.018382 0.776998 0.629018
138.237000 0.594662 -7.774924 0.290984 -0.016548 0.018166 0.777184 0.628794
138.337000 0.595523 -7.763660 0.289270 -0.016941 0.017750 0.777430 0.628490
138.437000 0.589553 -7.752608 0.291800 -0.016761 0.018180 0.777337 0.628598
138.537000 0.585584 -7.731071 0.290622 -0.016866 0.017964 0.777558 0.628328
138.637000 0.576195 -7.712111 0.278061 -0.016520 0.017367 0.776958 0.629097
138.737000 0.576556 -7.692777 0.280522 -0.016404 0.017479 0.777127 0.628887
138.838000 0.572942 -7.678092 0.282608 -0.016019 0.017295 0.777241 0.628761
138.937000 0.576064 -7.666331 0.285600 -0.015454 0.018213 0.777431 0.628515
139.037000 0.579821 -7.650661 0.282634 -0.015590 0.017361 0.777495 0.628456
139.137000 0.581301 -7.635322 0.284989 -0.016482 0.017176 0.777812 0.628046
139.237000 0.586630 -7.626744 0.289900 -0.016635 0.017485 0.777870 0.627961
139.338000 0.580246 -7.610948 0.293933 -0.016202 0.018067 0.778359 0.627350
139.437000 0.583554 -7.598475 0.283178 -0.016018 0.017580 0.778509 0.627182
139.537000 0.581964 -7.588462 0.277742 -0.015777 0.017405 0.778356 0.627383
139.637000 0.569042 -7.574807 0.279109 -0.015724 0.017169 0.777979 0.627859
139.737000 0.561961 -7.558134 0.272065 -0.016207 0.016527 0.777974 0.627869
139.837000 0.558138 -7.548043 0.279375 -0.016613 0.017146 0.777936 0.627889
139.937000 0.557437 -7.523424 0.268623 -0.016456 0.016475 0.777916 0.627937
140.038000 0.558412 -7.511596 0.286891 -0.016931 0.017592 0.777959 0.627841
140.137000 0.540836 -7.502079 0.286350 -0.016751 0.018046 0.777549 0.628341
140.237000 0.538838 -7.485493 0.283031 -0.016360 0.017886 0.777774 0.628076
140.338000 0.543115 -7.475265 0.275603 -0.016311 0.017372 0.777997 0.627816
140.437000 0.525559 -7.448950 0.284175 -0.015858 0.018546 0.777666 0.628204
140.538000 0.521902 -7.433116 0.282499 -0.015651 0.018347 0.777540 0.628371
140.638000 0.520556 -7.422153 0.284676 -0.015282 0.018678 0.777604 0.628291
140.738000 0.524364 -7.408724 0.279706 -0.015310 0.018181 0.777528 0.628399
140.837000 0.529417 -7.398006 0.273677 -0.015277 0.018220 0.777925 0.627908
140.937000 0.514771 -7.380788 0.282964 -0.015939 0.018282 0.777544 0.628361
141.038000 0.505841 -7.363713 0.283250 -0.016036 0.018187 0.777373 0.628573
141.138000 0.506953 -7.349829 0.278110 -0.015429 0.018483 0.777518 0.628400
141.238000 0.516953 -7.338538 0.279822 -0.015626 0.018559 0.777989 0.627809
141.339000 0.506914 -7.320145 0.270961 -0.015228 0.017914 0.777874 0.627981
141.438000 0.498479 -7.308097 0.263980 -0.014820 0.017843 0.777801 0.628082
141.538000 0.493042 -7.291466 0.268740 -0.015454 0.018209 0.777433 0.628513
141.637000 0.487562 -7.279441 0.269140 -0.015260 0.018554 0.777544 0.628370
141.737000 0.503580 -7.258772 0.268633 -0.015562 0.018054 0.778388 0.627331
141.837000 0.504185 -7.247937 0.270314 -0.015641 0.018042 0.778465 0.627234
141.937000 0.496365 -7.237206 0.267690 -0.015593 0.018825 0.778030 0.627752
142.038000 0.471437 -7.219356 0.266879 -0.015285 0.018859 0.777582 0.628313
142.138000 0.467366 -7.207984 0.277090 -0.015834 0.018747 0.777605 0.628274
142.237000 0.468529 -7.190123 0.273074 -0.015314 0.018994 0.777476 0.628440
142.338000 0.463716 -7.173562 0.268134 -0.015091 0.019799 0.777321 0.628611
142.438000 0.453254 -7.157996 0.266436 -0.014967 0.019681 0.777192 0.628778
142.537000 0.452930 -7.146847 0.264061 -0.015237 0.019188 0.777604 0.628277
142.644000 0.457592 -7.133541 0.264489 -0.015125 0.019255 0.777831 0.627997
142.738000 0.457526 -7.116851 0.259711 -0.015202 0.018746 0.777824 0.628019
142.838000 0.458520 -7.103987 0.255323 -0.015025 0.018000 0.777915 0.627931
142.937000 0.453432 -7.090018 0.254508 -0.015125 0.018351 0.777869 0.627976
143.037000 0.449270 -7.080272 0.257853 -0.014734 0.019300 0.777732 0.628127
143.139000 0.446740 -7.069097 0.253469 -0.014974 0.018847 0.777716 0.628155
143.237000 0.433109 -7.046560 0.251379 -0.015145 0.018189 0.777244 0.628754
143.337000 0.439738 -7.027003 0.251397 -0.015242 0.018138 0.777839 0.628017
143.437000 0.441121 -7.017965 0.245635 -0.014819 0.017895 0.777855 0.628015
143.537000 0.434338 -7.003711 0.242041 -0.014681 0.017977 0.777571 0.628367
143.638000 0.431530 -6.983510 0.245119 -0.014448 0.018225 0.777976 0.627864
143.737000 0.426478 -6.966709 0.242048 -0.014346 0.018558 0.777969 0.627865
143.838000 0.428214 -6.955573 0.241392 -0.014558 0.018077 0.778104 0.627707
143.937000 0.421745 -6.942354 0.242419 -0.014550 0.018378 0.777819 0.628051
144.039000 0.417764 -6.933126 0.245705 -0.014573 0.018665 0.777839 0.628017
144.137000 0.420155 -6.910830 0.244940 -0.014783 0.018208 0.778097 0.627707
144.237000 0.406632 -6.902007 0.240763 -0.014458 0.018380 0.777938 0.627905
144.337000 0.411377 -6.893612 0.246384 -0.014215 0.019037 0.778205 0.627561
144.437000 0.409086 -6.880357 0.242084 -0.014491 0.018398 0.778198 0.627583
144.537000 0.407100 -6.863616 0.234941 -0.014339 0.018066 0.778034 0.627799
144.638000 0.409472 -6.843396 0.223282 -0.014029 0.017257 0.778353 0.627432
144.737000 0.408460 -6.828686 0.216025 -0.013447 0.017337 0.778581 0.627160
144.838000 0.418278 -6.814840 0.224293 -0.014045 0.016873 0.778913 0.626747
144.938000 0.411949 -6.802340 0.230109 -0.014569 0.016830 0.778767 0.626918
145.037000 0.389720 -6.777704 0.230544 -0.014027 0.017491 0.778228 0.627581
145.138000 0.389466 -6.764799 0.236272 -0.014026 0.017957 0.778411 0.627341
145.237000 0.387675 -6.752544 0.230423 -0.014129 0.017513 0.778185 0.627632
145.338000 0.380106 -6.744180 0.234120 -0.014462 0.017477 0.778058 0.627782
145.437000 0.375788 -6.728427 0.229568 -0.014094 0.017202 0.778196 0.627628
145.538000 0.372060 -6.709129 0.220783 -0.013760 0.016860 0.778436 0.627346
145.637000 0.366796 -6.690460 0.220715 -0.013808 0.016764 0.778005 0.627883
145.737000 0.369464 -6.674636 0.217442 -0.013321 0.017206 0.778338 0.627468
145.842000 0.364916 -6.669844 0.221164 -0.013621 0.017749 0.778415 0.627351
145.939000 0.369634 -6.658882 0.217563 -0.013754 0.016559 0.778446 0.627342
146.040000 0.370166 -6.639373 0.214701 -0.013503 0.016695 0.778631 0.627114
146.139000 0.367436 -6.625753 0.211944 -0.013345 0.016676 0.778940 0.626735
146.239000 0.364337 -6.610637 0.221748 -0.013751 0.017182 0.778731 0.626972
146.339000 0.350086 -6.594425 0.229430 -0.013758 0.018208 0.778161 0.627650
146.440000 0.345126 -6.581849 0.222626 -0.013590 0.017782 0.778107 0.627733
146.540000 0.350719 -6.570603 0.218251 -0.013489 0.017107 0.778399 0.627392
146.640000 0.344390 -6.548287 0.222042 -0.013301 0.017130 0.778423 0.627365
146.739000 0.347476 -6.537000 0.221430 -0.013108 0.017246 0.778731 0.626984
146.839000 0.341392 -6.517052 0.214664 -0.012811 0.016557 0.778748 0.626987
146.940000 0.340305 -6.504957 0.212368 -0.012948 0.016272 0.778832 0.626888
147.039000 0.332543 -6.491747 0.208972 -0.012663 0.016154 0.778535 0.627265
147.140000 0.328741 -6.479312 0.212137 -0.012747 0.016429 0.778750 0.626989
147.239000 0.328558 -6.466012 0.204659 -0.012445 0.016147 0.778742 0.627013
147.339000 0.324629 -6.450093 0.201570 -0.012487 0.015366 0.778625 0.627177
147.439000 0.319323 -6.430666 0.206193 -0.012458 0.015725 0.778501 0.627323
147.539000 0.324520 -6.409902 0.203255 -0.012625 0.015651 0.778386 0.627464
147.640000 0.328678 -6.404984 0.200657 -0.012574 0.015552 0.778823 0.626925
147.739000 0.316056 -6.384464 0.201300 -0.012472 0.015897 0.778439 0.627395
147.839000 0.308890 -6.372275 0.204714 -0.012664 0.016154 0.778186 0.627698
147.940000 0.306143 -6.355835 0.204579 -0.012488 0.016160 0.778520 0.627288
148.040000 0.303819 -6.347603 0.207686 -0.012358 0.016426 0.778508 0.627298
148.140000 0.298724 -6.335280 0.208435 -0.012241 0.016738 0.778368 0.627466
148.240000 0.296407 -6.318383 0.206341 -0.012126 0.016486 0.778343 0.627506
148.339000 0.290891 -6.303020 0.209937 -0.012512 0.016454 0.778316 0.627533
148.439000 0.284812 -6.292125 0.204479 -0.012023 0.016094 0.778409 0.627436
148.540000 0.276860 -6.270836 0.195938 -0.011746 0.015324 0.777938 0.628045
148.639000 0.271873 -6.257263 0.200594 -0.011957 0.015752 0.777920 0.628052
148.739000 0.280040 -6.247855 0.205643 -0.012141 0.016411 0.778615 0.627170
148.839000 0.274510 -6.238060 0.204768 -0.012320 0.015948 0.778574 0.627230
148.941000 0.271322 -6.222665 0.198033 -0.012114 0.015749 0.778617 0.627184
149.040000 0.268411 -6.202563 0.197970 -0.012131 0.015622 0.778513 0.627317
149.140000 0.265571 -6.186608 0.199270 -0.012563 0.015418 0.778390 0.627466
149.240000 0.257526 -6.169959 0.194036 -0.012141 0.015129 0.778301 0.627592
149.339000 0.255500 -6.154812 0.196507 -0.011895 0.015358 0.778437 0.627422
149.440000 0.257176 -6.142236 0.194619 -0.011982 0.015130 0.778524 0.627318
149.539000 0.252542 -6.121104 0.188652 -0.011592 0.014994 0.778467 0.627400
149.640000 0.244408 -6.112860 0.190263 -0.011770 0.015031 0.778278 0.627629
149.739000 0.243437 -6.095230 0.192221 -0.011623 0.015382 0.778283 0.627617
149.839000 0.241451 -6.078205 0.192165 -0.011663 0.015201 0.778552 0.627287
149.939000 0.239374 -6.067067 0.190129 -0.011251 0.015093 0.778554 0.627295
150.039000 0.230960 -6.052441 0.185193 -0.010860 0.015122 0.778411 0.627479
150.139000 0.230533 -6.040586 0.195826 -0.011603 0.015713 0.778607 0.627208
150.239000 0.232645 -6.034394 0.210198 -0.012477 0.016872 0.778881 0.626821
150.340000 0.225905 -6.018240 0.204850 -0.012215 0.016688 0.778607 0.627171
150.440000 0.220117 -5.999139 0.196145 -0.011714 0.016119 0.778549 0.627268
150.540000 0.214235 -5.979195 0.188503 -0.011364 0.015324 0.778355 0.627534
150.640000 0.215237 -5.961321 0.185901 -0.011338 0.015293 0.778833 0.626942
150.740000 0.212186 -5.948031 0.178104 -0.011029 0.014847 0.778733 0.627083
150.840000 0.206265 -5.927965 0.172151 -0.011025 0.014269 0.778328 0.627599
150.940000 0.205479 -5.912499 0.165284 -0.010344 0.014039 0.778624 0.627248
151.040000 0.207403 -5.904226 0.169083 -0.010770 0.013804 0.778838 0.626981
151.140000 0.200906 -5.890023 0.174846 -0.010992 0.014354 0.778570 0.627298
151.240000 0.200770 -5.875297 0.185404 -0.011743 0.014858 0.778555 0.627290
151.340000 0.198957 -5.867528 0.184870 -0.011700 0.015183 0.778723 0.627075
151.441000 0.198562 -5.852933 0.183703 -0.011848 0.014796 0.778830 0.626949
151.540000 0.200847 -5.840570 0.191101 -0.012236 0.015204 0.779369 0.626261
151.639000 0.194387 -5.822225 0.194018 -0.012152 0.015517 0.778957 0.626768
151.739000 0.192202 -5.803997 0.187492 -0.012094 0.015066 0.778889 0.626864
151.839000 0.195214 -5.792618 0.184437 -0.012082 0.014917 0.778956 0.626785
151.940000 0.182648 -5.777977 0.187302 -0.012256 0.014939 0.778836 0.626930
152.040000 0.180427 -5.765708 0.186828 -0.012442 0.014994 0.778963 0.626767
152.139000 0.176304 -5.745425 0.179237 -0.011976 0.014657 0.778933 0.626821
152.240000 0.175051 -5.729642 0.179246 -0.012280 0.014628 0.778842 0.626929
152.339000 0.167357 -5.717283 0.180794 -0.012472 0.014434 0.778530 0.627318
152.439000 0.164147 -5.703515 0.176892 -0.011699 0.014441 0.778674 0.627153
152.540000 0.163018 -5.690452 0.172777 -0.011562 0.014673 0.778893 0.626879
152.639000 0.161795 -5.676063 0.177926 -0.011743 0.014439 0.778858 0.626924
152.740000 0.147721 -5.660745 0.168708 -0.011361 0.013886 0.778607 0.627255
152.840000 0.146776 -5.646815 0.171822 -0.011404 0.013761 0.778584 0.627286
152.939000 0.151960 -5.636527 0.170555 -0.011367 0.013769 0.779006 0.626762
153.040000 0.146646 -5.618807 0.169261 -0.011144 0.013880 0.778913 0.626879
153.140000 0.146941 -5.604711 0.167392 -0.011135 0.013967 0.779194 0.626528
153.240000 0.138460 -5.590236 0.167086 -0.011057 0.013901 0.779088 0.626663
153.339000 0.135502 -5.576893 0.162578 -0.010678 0.013856 0.779177 0.626560
153.440000 0.129043 -5.570383 0.165596 -0.010867 0.013870 0.778926 0.626868
153.539000 0.124569 -5.554807 0.164381 -0.010914 0.013792 0.778719 0.627126
153.640000 0.124881 -5.535621 0.161560 -0.010518 0.013293 0.778920 0.626895
153.740000 0.119474 -5.519942 0.158086 -0.010442 0.013060 0.778892 0.626935
153.839000 0.114647 -5.503459 0.151613 -0.009925 0.012813 0.778789 0.627077
153.940000 0.107854 -5.487155 0.146567 -0.009587 0.012521 0.778643 0.627269
154.039000 0.110876 -5.473149 0.152455 -0.009934 0.012570 0.778698 0.627194
154.139000 0.111028 -5.460859 0.148926 -0.009647 0.012783 0.778942 0.626891
154.240000 0.104351 -5.446881 0.149155 -0.009484 0.012518 0.778808 0.627066
154.339000 0.100089 -5.433478 0.151369 -0.009448 0.012510 0.778817 0.627055
154.441000 0.100495 -5.420588 0.164387 -0.010568 0.013438 0.778915 0.626897
154.540000 0.101609 -5.400392 0.161769 -0.010494 0.013457 0.779124 0.626637
154.640000 0.083190 -5.378663 0.154169 -0.009855 0.013273 0.778556 0.627357
154.739000 0.085412 -5.371672 0.158313 -0.009944 0.013448 0.778929 0.626889
154.841000 0.081016 -5.349985 0.171963 -0.010923 0.014539 0.778641 0.627207
154.939000 0.075147 -5.334924 0.170327 -0.010896 0.014476 0.778499 0.627384
155.040000 0.076275 -5.323256 0.167365 -0.010595 0.014138 0.778832 0.626984
155.139000 0.078333 -5.310320 0.162122 -0.010340 0.013573 0.778903 0.626912
155.240000 0.074349 -5.292820 0.164084 -0.010507 0.013719 0.779039 0.626737
155.339000 0.075118 -5.278841 0.157681 -0.009917 0.013666 0.779046 0.626740
155.440000 0.063978 -5.264817 0.170624 -0.010692 0.014793 0.778823 0.626978
155.540000 0.059688 -5.248423 0.172018 -0.010837 0.014782 0.778949 0.626819
155.639000 0.057407 -5.236235 0.179899 -0.010888 0.015177 0.778702 0.627116
155.739000 0.056630 -5.222834 0.179965 -0.010939 0.015486 0.778760 0.627035
155.841000 0.051808 -5.206351 0.174078 -0.010531 0.014797 0.778898 0.626888
155.939000 0.045722 -5.196613 0.174965 -0.010662 0.015051 0.778720 0.627101
156.040000 0.043900 -5.175968 0.172408 -0.010497 0.014730 0.778654 0.627193
156.140000 0.042590 -5.164460 0.168885 -0.010199 0.014907 0.778902 0.626885
156.240000 0.044185 -5.148357 0.162377 -0.009874 0.014660 0.779061 0.626699
156.339000 0.037800 -5.133346 0.163168 -0.010119 0.014292 0.778787 0.627044
156.439000 0.039096 -5.124448 0.165939 -0.010303 0.014295 0.779019 0.626753
156.540000 0.032284 -5.112794 0.166911 -0.010449 0.014383 0.778860 0.626945
156.640000 0.033016 -5.096737 0.164981 -0.010390 0.014498 0.779111 0.626632
156.745000 0.024159 -5.084979 0.163200 -0.010179 0.014336 0.779030 0.626740
156.839000 0.018155 -5.066905 0.169168 -0.010629 0.014789 0.778798 0.627011
156.940000 0.018198 -5.053609 0.169627 -0.010602 0.014819 0.779150 0.626572
157.040000 0.016296 -5.043766 0.167162 -0.010561 0.014672 0.779089 0.626653
157.139000 0.018046 -5.029142 0.167078 -0.010587 0.014760 0.779291 0.626399
157.239000 0.005966 -5.007237 0.164798 -0.010422 0.015014 0.778634 0.627213
157.339000 0.003085 -4.987043 0.166577 -0.010565 0.014817 0.778701 0.627131
157.439000 -0.002579 -4.971488 0.164217 -0.010813 0.014351 0.778548 0.627328
157.539000 -0.001087 -4.956218 0.165923 -0.010906 0.014386 0.778816 0.626992
157.639000 -0.006601 -4.945892 0.168611 -0.010987 0.014504 0.778740 0.627082
157.739000 -0.008728 -4.929328 0.163736 -0.010526 0.014433 0.778880 0.626918
157.839000 -0.011609 -4.917708 0.164675 -0.010657 0.014534 0.778873 0.626923
157.940000 -0.013407 -4.908345 0.163174 -0.010386 0.014406 0.779063 0.626694
158.039000 -0.014058 -4.897820 0.163768 -0.010494 0.014550 0.779195 0.626525
158.139000 -0.017120 -4.882182 0.159729 -0.010197 0.014513 0.779048 0.626713
158.239000 -0.024957 -4.867428 0.160096 -0.010314 0.014413 0.779027 0.626740
158.339000 -0.021009 -4.851959 0.160077 -0.010247 0.014309 0.779399 0.626281
158.439000 -0.024614 -4.830058 0.160817 -0.010320 0.014456 0.779251 0.626460
158.539000 -0.030327 -4.818204 0.160939 -0.010396 0.014512 0.779156 0.626576
158.639000 -0.038930 -4.808999 0.158789 -0.010382 0.014474 0.778959 0.626822
158.739000 -0.039475 -4.797061 0.158419 -0.010343 0.014267 0.779140 0.626602
158.840000 -0.044252 -4.779105 0.159353 -0.010397 0.014374 0.778842 0.626969
158.939000 -0.049254 -4.758309 0.152453 -0.010091 0.013844 0.778791 0.627049
159.040000 -0.047500 -4.744731 0.154598 -0.010109 0.013594 0.779008 0.626785
159.140000 -0.048597 -4.731822 0.150921 -0.010008 0.013753 0.778924 0.626887
159.239000 -0.053325 -4.718052 0.147663 -0.009790 0.013827 0.779060 0.626720
159.340000 -0.054387 -4.707256 0.148536 -0.009576 0.013769 0.779147 0.626617
159.440000 -0.054310 -4.686080 0.149919 -0.009644 0.013997 0.779251 0.626482
159.540000 -0.063283 -4.666193 0.145849 -0.009267 0.013748 0.779000 0.626804
159.639000 -0.066717 -4.645113 0.143261 -0.009156 0.013379 0.779079 0.626717
159.740000 -0.070340 -4.633759 0.142207 -0.009181 0.013299 0.778974 0.626848
159.839000 -0.073665 -4.623002 0.146062 -0.009474 0.013416 0.778827 0.627024
159.940000 -0.080085 -4.613711 0.144123 -0.009163 0.013501 0.778819 0.627037
160.039000 -0.081842 -4.598316 0.140672 -0.008959 0.013309 0.778903 0.626939
160.140000 -0.081361 -4.578776 0.143521 -0.008980 0.013244 0.778865 0.626987
160.239000 -0.085367 -4.559298 0.143245 -0.009167 0.013053 0.778940 0.626896
160.340000 -0.089427 -4.543564 0.142004 -0.008802 0.013072 0.778888 0.626965
160.440000 -0.096998 -4.531222 0.137270 -0.008511 0.013082 0.778674 0.627235
160.539000 -0.095022 -4.523071 0.139878 -0.008683 0.012911 0.778946 0.626898
160.642000 -0.099640 -4.512567 0.139180 -0.008466 0.012918 0.779075 0.626741
160.740000 -0.100526 -4.500749 0.135351 -0.008220 0.012629 0.779027 0.626810
160.841000 -0.100011 -4.481612 0.136406 -0.008202 0.012648 0.778992 0.626853
160.939000 -0.104540 -4.464494 0.137210 -0.008437 0.012846 0.778923 0.626931
161.039000 -0.107906 -4.454873 0.134020 -0.008270 0.012893 0.779208 0.626578
161.139000 -0.112332 -4.439554 0.132401 -0.008144 0.012593 0.779414 0.626329
161.240000 -0.112828 -4.429264 0.131859 -0.007882 0.012777 0.779391 0.626358
161.340000 -0.130842 -4.409271 0.129222 -0.007748 0.013032 0.778708 0.627203
161.440000 -0.132963 -4.388562 0.131082 -0.008244 0.012442 0.778614 0.627325
161.539000 -0.136058 -4.375200 0.129569 -0.007907 0.012351 0.778711 0.627211
161.639000 -0.138273 -4.362756 0.127704 -0.007872 0.012647 0.778762 0.627142
161.740000 -0.139923 -4.349398 0.130001 -0.007962 0.012701 0.778860 0.627018
161.840000 -0.143932 -4.331843 0.127302 -0.008005 0.012801 0.778788 0.627105
161.940000 -0.147450 -4.313218 0.127672 -0.007913 0.012470 0.778769 0.627137
162.039000 -0.144895 -4.301462 0.124406 -0.007851 0.012159 0.779014 0.626839
162.140000 -0.146328 -4.289375 0.123147 -0.007274 0.012325 0.779300 0.626488
162.240000 -0.146719 -4.276302 0.126083 -0.007315 0.012381 0.779119 0.626711
162.339000 -0.153105 -4.263424 0.126069 -0.007375 0.012264 0.779217 0.626591
162.442000 -0.158298 -4.249211 0.123027 -0.007416 0.012235 0.779132 0.626696
162.540000 -0.157678 -4.227559 0.118469 -0.007044 0.011762 0.778793 0.627131
162.639000 -0.164415 -4.219473 0.121641 -0.007148 0.011877 0.778734 0.627202
162.739000 -0.168745 -4.201700 0.117065 -0.007024 0.011390 0.778769 0.627169
162.840000 -0.174455 -4.180444 0.116453 -0.006927 0.011604 0.778845 0.627071
162.939000 -0.179754 -4.160768 0.114293 -0.006908 0.011278 0.778777 0.627161
163.039000 -0.177908 -4.148209 0.115064 -0.006888 0.011356 0.778838 0.627085
163.140000 -0.182240 -4.143603 0.112656 -0.006993 0.011320 0.778893 0.627016
163.239000 -0.185372 -4.133281 0.116339 -0.007176 0.011569 0.779204 0.626623
163.339000 -0.183778 -4.116807 0.112787 -0.006965 0.011252 0.779215 0.626617
163.439000 -0.185252 -4.098469 0.109169 -0.006757 0.011024 0.779071 0.626803
163.539000 -0.187657 -4.075281 0.111671 -0.006926 0.010848 0.779034 0.626850
163.640000 -0.198765 -4.070718 0.108970 -0.006846 0.010921 0.779072 0.626803
163.740000 -0.199346 -4.049812 0.108174 -0.006620 0.011111 0.779005 0.626884
163.839000 -0.204380 -4.030366 0.111535 -0.006983 0.010850 0.778824 0.627110
163.940000 -0.199316 -4.026458 0.107949 -0.006653 0.010893 0.779144 0.626715
164.040000 -0.206979 -4.011455 0.108409 -0.006454 0.010868 0.779057 0.626826
164.140000 -0.211844 -3.997056 0.102793 -0.006329 0.010547 0.779011 0.626889
164.240000 -0.219406 -3.975433 0.105361 -0.006412 0.010622 0.778823 0.627121
164.340000 -0.218692 -3.958612 0.104568 -0.006563 0.010516 0.778922 0.626999
164.440000 -0.221894 -3.946457 0.112705 -0.006922 0.010928 0.779029 0.626855
164.541000 -0.224809 -3.935034 0.108232 -0.006498 0.010731 0.779114 0.626756
164.639000 -0.223756 -3.921136 0.111307 -0.006616 0.010750 0.779322 0.626497
164.739000 -0.234169 -3.905292 0.112379 -0.006522 0.010971 0.779138 0.626722
164.840000 -0.236355 -3.892504 0.109866 -0.006278 0.010823 0.779164 0.626695
164.939000 -0.240512 -3.880275 0.105116 -0.005940 0.010607 0.779116 0.626762
165.041000 -0.245442 -3.869596 0.105427 -0.005712 0.011023 0.779157 0.626706
165.140000 -0.243355 -3.848144 0.110822 -0.006174 0.010792 0.779179 0.626678
165.240000 -0.247425 -3.833699 0.107522 -0.006376 0.010507 0.779213 0.626638
165.340000 -0.251975 -3.820514 0.108321 -0.006299 0.010633 0.779298 0.626532
165.440000 -0.250282 -3.808318 0.105866 -0.006078 0.010338 0.779471 0.626323
165.540000 -0.260432 -3.793727 0.103894 -0.006212 0.010468 0.779221 0.626631
165.639000 -0.267135 -3.770674 0.105366 -0.006286 0.010920 0.778886 0.627039
165.739000 -0.273408 -3.749024 0.103866 -0.005860 0.010998 0.778840 0.627099
165.840000 -0.271508 -3.742084 0.104754 -0.005845 0.010722 0.778858 0.627081
165.940000 -0.280151 -3.725366 0.104453 -0.005957 0.011081 0.778582 0.627416
166.041000 -0.277567 -3.710696 0.106262 -0.006033 0.011351 0.778755 0.627196
166.140000 -0.278270 -3.694892 0.105220 -0.006004 0.010913 0.778907 0.627016
166.239000 -0.283636 -3.681847 0.109094 -0.006211 0.011527 0.778790 0.627149
166.339000 -0.284795 -3.668163 0.106883 -0.005975 0.011480 0.779002 0.626888
166.440000 -0.289955 -3.650739 0.103271 -0.005940 0.010925 0.778883 0.627047
166.540000 -0.290707 -3.637521 0.103080 -0.005696 0.010934 0.779014 0.626885
166.640000 -0.294625 -3.623702 0.104631 -0.005790 0.011537 0.779200 0.626642
166.740000 -0.295262 -3.606910 0.101027 -0.005616 0.010650 0.779383 0.626432
166.840000 -0.296060 -3.593449 0.101967 -0.005683 0.010667 0.779267 0.626576
166.940000 -0.300005 -3.583619 0.101913 -0.005620 0.010504 0.779656 0.626095
167.040000 -0.308699 -3.568592 0.104454 -0.005963 0.011049 0.779215 0.626631
167.139000 -0.310669 -3.553054 0.099782 -0.005630 0.010721 0.779179 0.626685
167.240000 -0.316383 -3.543782 0.100145 -0.005512 0.010632 0.779219 0.626638
167.340000 -0.316193 -3.526048 0.096103 -0.005347 0.010709 0.779282 0.626559
167.440000 -0.317473 -3.509370 0.097283 -0.005282 0.010745 0.779428 0.626378
167.539000 -0.321800 -3.498718 0.096901 -0.005409 0.010361 0.779533 0.626252
167.639000 -0.330738 -3.474029 0.096287 -0.005138 0.010455 0.778963 0.626961
167.740000 -0.326389 -3.463959 0.093892 -0.004960 0.010032 0.779317 0.626530
167.839000 -0.330812 -3.456008 0.095039 -0.004976 0.010129 0.779403 0.626421
167.940000 -0.328160 -3.436308 0.098591 -0.005383 0.009796 0.779369 0.626465
168.039000 -0.336435 -3.419922 0.095544 -0.004961 0.009775 0.779286 0.626572
168.140000 -0.338113 -3.402354 0.095080 -0.004928 0.009389 0.779304 0.626557
168.239000 -0.341364 -3.390111 0.094514 -0.004859 0.009350 0.779217 0.626666
168.340000 -0.351280 -3.369180 0.096807 -0.005155 0.009964 0.778723 0.627267
168.439000 -0.360490 -3.355083 0.096319 -0.004876 0.009834 0.778491 0.627559
168.539000 -0.359505 -3.345801 0.093215 -0.004791 0.009852 0.778812 0.627162
168.640000 -0.362439 -3.327872 0.093613 -0.004796 0.009853 0.778574 0.627457
168.740000 -0.362000 -3.318097 0.092977 -0.004638 0.009856 0.778776 0.627207
168.841000 -0.367178 -3.305167 0.091358 -0.004597 0.009591 0.778646 0.627373
168.939000 -0.373364 -3.291508 0.091985 -0.004653 0.009593 0.778698 0.627309
169.040000 -0.375145 -3.275472 0.089915 -0.004335 0.009532 0.778770 0.627222
169.137000 -0.377410 -3.260448 0.093788 -0.004613 0.009845 0.778877 0.627083
169.241000 -0.380957 -3.250119 0.091688 -0.004444 0.009778 0.778984 0.626952
169.339000 -0.393363 -3.226606 0.090023 -0.004258 0.009803 0.778612 0.627415
169.440000 -0.391571 -3.207940 0.092748 -0.004231 0.009745 0.778481 0.627578
169.539000 -0.395595 -3.192652 0.094240 -0.005080 0.010402 0.778247 0.627852
169.640000 -0.395727 -3.181014 0.095193 -0.004875 0.010142 0.777926 0.628255
169.742000 -0.396898 -3.181332 0.092475 -0.004543 0.010075 0.778078 0.628071
169.840000 -0.399364 -3.177967 0.093947 -0.004721 0.010151 0.777886 0.628305
169.940000 -0.389700 -3.171574 0.096340 -0.004410 0.009988 0.787807 0.615825
170.041000 -0.394582 -3.191702 0.094483 -0.004250 0.010238 0.804478 0.593880
170.139000 -0.396600 -3.184946 0.099819 -0.004156 0.010676 0.818364 0.574585
170.240000 -0.395441 -3.190917 0.099177 -0.003791 0.011310 0.832430 0.554001
170.340000 -0.393540 -3.184204 0.091888 -0.003796 0.009964 0.845878 0.533270
170.440000 -0.397707 -3.184907 0.095730 -0.003474 0.010492 0.846640 0.532051
170.540000 -0.402680 -3.183588 0.097149 -0.003484 0.010814 0.846151 0.532822
170.640000 -0.398198 -3.184127 0.098219 -0.003607 0.010517 0.846580 0.532145
170.739000 -0.405729 -3.169628 0.092870 -0.003433 0.010177 0.846180 0.532789
170.839000 -0.418746 -3.150193 0.092633 -0.003158 0.010702 0.846549 0.532193
170.940000 -0.424399 -3.138119 0.094918 -0.003658 0.010384 0.846731 0.531907
171.040000 -0.431258 -3.120854 0.093769 -0.003504 0.010417 0.846729 0.531910
171.140000 -0.444282 -3.102977 0.088692 -0.003039 0.009971 0.846890 0.531666
171.241000 -0.447742 -3.081617 0.088663 -0.003018 0.009763 0.846847 0.531738
171.339000 -0.461027 -3.062576 0.091404 -0.003234 0.010045 0.846960 0.531551
171.440000 -0.469353 -3.037862 0.090495 -0.003021 0.009869 0.846744 0.531900
171.540000 -0.475031 -3.018918 0.091679 -0.002892 0.010388 0.846837 0.531743
171.640000 -0.484019 -3.003802 0.090114 -0.002881 0.010246 0.846967 0.531538
171.740000 -0.494620 -2.982172 0.090669 -0.002683 0.010358 0.846725 0.531923
171.840000 -0.504023 -2.961050 0.089038 -0.002402 0.009996 0.846915 0.531629
171.939000 -0.517052 -2.938647 0.090644 -0.002389 0.009944 0.846658 0.532039
172.039000 -0.528789 -2.913402 0.092685 -0.002313 0.010645 0.846681 0.531990
172.139000 -0.535744 -2.897493 0.090174 -0.002491 0.010153 0.846633 0.532075
172.239000 -0.544738 -2.876267 0.091294 -0.002630 0.010585 0.846518 0.532248
172.339000 -0.555688 -2.849538 0.094968 -0.002702 0.010445 0.846559 0.532186
172.440000 -0.564662 -2.834749 0.089981 -0.002358 0.010161 0.846608 0.532114
172.539000 -0.576181 -2.820046 0.085864 -0.002007 0.010173 0.846582 0.532157
172.640000 -0.577856 -2.800825 0.085416 -0.002034 0.009784 0.846630 0.532088
172.739000 -0.593951 -2.780157 0.082535 -0.001825 0.009787 0.846740 0.531914
172.840000 -0.598397 -2.761159 0.079919 -0.001223 0.009733 0.846953 0.531577
172.940000 -0.611166 -2.743710 0.084124 -0.001270 0.009743 0.846735 0.531925
173.040000 -0.615276 -2.723248 0.084756 -0.001674 0.009314 0.846794 0.531837
173.139000 -0.627761 -2.700247 0.083347 -0.001448 0.009413 0.846632 0.532094
173.241000 -0.640587 -2.679133 0.081904 -0.001240 0.009357 0.846724 0.531948
173.341000 -0.649770 -2.656764 0.080469 -0.001011 0.009429 0.846809 0.531812
173.440000 -0.659947 -2.627403 0.086782 -0.001327 0.009882 0.846542 0.532228
173.539000 -0.668839 -2.615759 0.085107 -0.001238 0.009595 0.846399 0.532462
173.641000 -0.677329 -2.593658 0.081859 -0.001131 0.009528 0.846746 0.531910
173.740000 -0.688156 -2.570835 0.082267 -0.000820 0.009720 0.846576 0.532178
173.840000 -0.697505 -2.556066 0.084629 -0.000946 0.009690 0.846731 0.531931
173.940000 -0.705642 -2.533066 0.080276 -0.000616 0.009364 0.846682 0.532017
174.040000 -0.718547 -2.514927 0.080642 -0.000610 0.009370 0.846522 0.532272
174.140000 -0.728256 -2.501227 0.085473 -0.000556 0.009394 0.846676 0.532025
174.241000 -0.734878 -2.475747 0.084432 -0.000343 0.009359 0.846711 0.531971
174.339000 -0.743190 -2.451250 0.081077 -0.000201 0.009177 0.846673 0.532034
174.442000 -0.756306 -2.439305 0.080231 -0.000314 0.008819 0.846754 0.531912
174.540000 -0.766459 -2.425790 0.078662 0.000046 0.008761 0.846754 0.531912
174.640000 -0.776686 -2.404807 0.081320 -0.000145 0.008946 0.846623 0.532118
174.739000 -0.782370 -2.383027 0.081863 -0.000170 0.009244 0.846519 0.532279
174.846000 -0.798894 -2.364357 0.079753 -0.000364 0.009168 0.846380 0.532500
174.941000 -0.801780 -2.341551 0.077551 -0.000198 0.008902 0.846508 0.532301
175.041000 -0.811033 -2.323349 0.080128 -0.000032 0.008997 0.846508 0.532300
175.141000 -0.824885 -2.302038 0.083972 -0.000438 0.008896 0.846468 0.532366
175.240000 -0.834705 -2.276536 0.080497 -0.000144 0.009090 0.846476 0.532349
175.341000 -0.845575 -2.254120 0.081843 -0.000262 0.009143 0.846356 0.532539
175.440000 -0.852514 -2.238147 0.079798 -0.000217 0.009333 0.846495 0.532315
175.539000 -0.861476 -2.221181 0.084264 -0.000570 0.009618 0.846436 0.532403
175.640000 -0.872355 -2.201615 0.080358 -0.000254 0.009483 0.846644 0.532075
175.740000 -0.886574 -2.176184 0.078635 -0.000107 0.009465 0.846314 0.532600
175.840000 -0.897993 -2.152032 0.077669 -0.000392 0.009149 0.846240 0.532724
175.940000 -0.902295 -2.129764 0.081403 -0.000303 0.009312 0.846134 0.532888
176.041000 -0.911470 -2.113625 0.081052 -0.000130 0.009051 0.846263 0.532689
176.141000 -0.916573 -2.102668 0.084184 -0.000367 0.009156 0.846409 0.532454
176.240000 -0.926404 -2.081296 0.079931 -0.000504 0.009763 0.846470 0.532347
176.339000 -0.933168 -2.056299 0.079750 -0.000380 0.009523 0.846524 0.532265
176.440000 -0.949731 -2.037970 0.079515 -0.000204 0.009595 0.846484 0.532328
176.541000 -0.959911 -2.020926 0.079956 -0.000201 0.009465 0.846299 0.532623
176.640000 -0.967463 -2.001917 0.079950 -0.000234 0.009339 0.846423 0.532429
176.740000 -0.978935 -1.981260 0.075123 -0.000088 0.009150 0.846459 0.532376
176.840000 -0.985211 -1.956972 0.077401 0.000213 0.009522 0.846227 0.532738
176.939000 -0.991261 -1.940102 0.078690 0.000086 0.009167 0.846361 0.532531
177.040000 -0.998927 -1.919931 0.075288 -0.000005 0.009262 0.846633 0.532096
177.139000 -1.011307 -1.904262 0.071921 0.000381 0.008888 0.846645 0.532084
177.239000 -1.025546 -1.876784 0.073928 0.000614 0.009169 0.846424 0.532430
177.339000 -1.030757 -1.860660 0.074012 0.000390 0.009156 0.846559 0.532216
177.439000 -1.041297 -1.844356 0.074100 0.000162 0.009157 0.846317 0.532602
177.540000 -1.049973 -1.816901 0.069366 0.000406 0.009001 0.846119 0.532918
177.640000 -1.063903 -1.794848 0.074107 0.000265 0.008573 0.846140 0.532892
177.740000 -1.072902 -1.783255 0.069755 0.000639 0.008829 0.846386 0.532496
177.839000 -1.079435 -1.759172 0.070093 0.000413 0.008779 0.846104 0.532945
177.943000 -1.087846 -1.739367 0.071054 0.000298 0.008879 0.846178 0.532827
178.039000 -1.100725 -1.720618 0.069479 0.000604 0.008845 0.846282 0.532662
178.140000 -1.110814 -1.700582 0.071788 0.000688 0.008673 0.846152 0.532871
178.240000 -1.121035 -1.677368 0.066561 0.000865 0.008602 0.846250 0.532716
178.339000 -1.132203 -1.662488 0.066799 0.000861 0.008741 0.846279 0.532667
178.440000 -1.140461 -1.644292 0.070961 0.001029 0.008527 0.846227 0.532754
178.539000 -1.149401 -1.623068 0.072051 0.001066 0.008547 0.846217 0.532768
178.639000 -1.162134 -1.602472 0.069182 0.001254 0.008743 0.846260 0.532697
178.740000 -1.169264 -1.585914 0.069589 0.001215 0.008329 0.846452 0.532399
178.840000 -1.180223 -1.567787 0.068232 0.001433 0.008856 0.846320 0.532599
178.939000 -1.185608 -1.548274 0.069507 0.001259 0.008487 0.846389 0.532497
179.040000 -1.194233 -1.529639 0.066595 0.001519 0.008708 0.846430 0.532426
179.140000 -1.207418 -1.509043 0.065296 0.001544 0.008729 0.846320 0.532601
179.240000 -1.216586 -1.490378 0.066093 0.001702 0.008226 0.846506 0.532314
179.340000 -1.224520 -1.468992 0.064779 0.001589 0.008475 0.846285 0.532661
179.439000 -1.236124 -1.447540 0.065954 0.001750 0.008201 0.846254 0.532713
179.540000 -1.245910 -1.422127 0.066733 0.001892 0.008424 0.846184 0.532821
179.640000 -1.253897 -1.400952 0.066887 0.002447 0.008367 0.846329 0.532590
179.742000 -1.264662 -1.390547 0.065857 0.002196 0.008126 0.846368 0.532533
179.841000 -1.276061 -1.364390 0.064316 0.002351 0.008136 0.846377 0.532517
179.940000 -1.283515 -1.351104 0.066473 0.002565 0.008030 0.846367 0.532533
180.039000 -1.293594 -1.331107 0.067072 0.002861 0.008073 0.846244 0.532727
180.140000 -1.292900 -1.307781 0.067244 0.002709 0.008061 0.846466 0.532374
180.240000 -1.309275 -1.292689 0.067445 0.002536 0.007916 0.846447 0.532408
180.339000 -1.318568 -1.277276 0.065918 0.002704 0.007743 0.846333 0.532591
180.440000 -1.327067 -1.254274 0.063337 0.002615 0.007541 0.846393 0.532499
180.539000 -1.343525 -1.225833 0.066583 0.002608 0.007767 0.845904 0.533272
180.639000 -1.351686 -1.206815 0.065548 0.003214 0.007684 0.846033 0.533066
180.740000 -1.361335 -1.195814 0.065985 0.002648 0.007764 0.846258 0.532709
180.840000 -1.369643 -1.176545 0.065180 0.003063 0.007507 0.846219 0.532774
180.940000 -1.376516 -1.163065 0.063155 0.003030 0.007447 0.846426 0.532446
181.040000 -1.385981 -1.139833 0.064089 0.003166 0.007210 0.846637 0.532113
181.139000 -1.396955 -1.115399 0.066964 0.003338 0.007623 0.846618 0.532136
181.240000 -1.404308 -1.092140 0.061867 0.003082 0.007257 0.846545 0.532260
181.340000 -1.417547 -1.073470 0.060960 0.002832 0.007227 0.846451 0.532411
181.439000 -1.425684 -1.053548 0.060118 0.003243 0.007174 0.846314 0.532626
181.540000 -1.431958 -1.037085 0.057370 0.003154 0.007153 0.846500 0.532332
181.640000 -1.446689 -1.017436 0.055423 0.003449 0.007143 0.846348 0.532572
181.739000 -1.456267 -0.995534 0.057056 0.003791 0.006957 0.846582 0.532200
181.840000 -1.467813 -0.974348 0.057337 0.003879 0.006964 0.846321 0.532614
181.939000 -1.477461 -0.952200 0.058470 0.004073 0.006980 0.846293 0.532657
182.039000 -1.487393 -0.936651 0.057377 0.004045 0.006989 0.846378 0.532522
182.139000 -1.493753 -0.919793 0.057478 0.004008 0.006825 0.846493 0.532340
182.239000 -1.507067 -0.891713 0.058332 0.004426 0.007052 0.846156 0.532871
182.339000 -1.514766 -0.878551 0.058334 0.004225 0.006993 0.846144 0.532891
182.440000 -1.521161 -0.858864 0.059641 0.004460 0.006926 0.846453 0.532399
182.540000 -1.530632 -0.842494 0.059946 0.004412 0.006982 0.846511 0.532306
182.640000 -1.541444 -0.826556 0.060989 0.004359 0.006950 0.846622 0.532132
182.741000 -1.553299 -0.800244 0.060335 0.004533 0.006938 0.846454 0.532398
182.839000 -1.558517 -0.775040 0.058017 0.004745 0.006720 0.846431 0.532435
182.940000 -1.567446 -0.761390 0.057512 0.004702 0.006474 0.846588 0.532189
183.039000 -1.577451 -0.736773 0.057998 0.004566 0.006353 0.846447 0.532415
183.139000 -1.593710 -0.709577 0.058778 0.005169 0.006676 0.846270 0.532687
183.240000 -1.596002 -0.697002 0.053571 0.005161 0.006106 0.846403 0.532484
183.340000 -1.607451 -0.672759 0.052961 0.005380 0.005924 0.846449 0.532410
183.440000 -1.619404 -0.658255 0.054491 0.005902 0.005946 0.846462 0.532383
183.540000 -1.629941 -0.644525 0.053262 0.005632 0.006136 0.846464 0.532381
183.640000 -1.635650 -0.626569 0.050313 0.005843 0.006129 0.846499 0.532323
183.739000 -1.637815 -0.599602 0.051879 0.005675 0.005879 0.846820 0.531816
183.839000 -1.653922 -0.582355 0.051905 0.006085 0.005582 0.846714 0.531984
183.948000 -1.665511 -0.567238 0.052599 0.005829 0.005494 0.846689 0.532027
184.041000 -1.673508 -0.542697 0.051833 0.005834 0.005334 0.846668 0.532062
184.141000 -1.681949 -0.527111 0.056023 0.005967 0.005381 0.846585 0.532193
184.242000 -1.693576 -0.504400 0.055968 0.005746 0.005556 0.846572 0.532214
184.340000 -1.702009 -0.490273 0.055664 0.006218 0.005480 0.846911 0.531670
184.441000 -1.710742 -0.473913 0.051085 0.006355 0.005242 0.846956 0.531599
184.541000 -1.720410 -0.454226 0.052474 0.006390 0.005349 0.846916 0.531661
184.640000 -1.729970 -0.435573 0.053326 0.006512 0.005208 0.846940 0.531623
184.740000 -1.741392 -0.406559 0.054652 0.006448 0.005322 0.846780 0.531877
184.841000 -1.753982 -0.387369 0.060002 0.006391 0.005514 0.846844 0.531775
184.941000 -1.757512 -0.362546 0.054634 0.006860 0.004816 0.846874 0.531727
185.040000 -1.765327 -0.346539 0.054863 0.006651 0.005045 0.846910 0.531670
185.141000 -1.780380 -0.333638 0.055138 0.006927 0.005445 0.846809 0.531824
185.241000 -1.791364 -0.309076 0.055605 0.006844 0.005375 0.846694 0.532009
185.341000 -1.808922 -0.289258 0.053773 0.006860 0.005254 0.846683 0.532027
185.440000 -1.814726 -0.271427 0.054066 0.007149 0.005022 0.846851 0.531759
185.540000 -1.824291 -0.255496 0.056525 0.007314 0.005006 0.846875 0.531718
185.640000 -1.831235 -0.237127 0.058943 0.007384 0.005182 0.846892 0.531688
185.740000 -1.842226 -0.211748 0.056155 0.007640 0.004652 0.846824 0.531798
185.840000 -1.854725 -0.191586 0.056781 0.007764 0.004718 0.846809 0.531820
185.941000 -1.857061 -0.162235 0.056300 0.007990 0.004285 0.846777 0.531871
186.042000 -1.869358 -0.146500 0.058581 0.007709 0.004681 0.846671 0.532041
186.140000 -1.882345 -0.122085 0.059525 0.008200 0.004615 0.846703 0.531982
186.240000 -1.889528 -0.107344 0.060456 0.008047 0.004805 0.846639 0.532086
186.341000 -1.896515 -0.092567 0.059560 0.008424 0.004605 0.846713 0.531963
186.440000 -1.906187 -0.070364 0.060625 0.008400 0.004620 0.846824 0.531786
186.541000 -1.915266 -0.053246 0.057638 0.008512 0.004464 0.846652 0.532060
186.641000 -1.923933 -0.038158 0.057622 0.008508 0.004298 0.847049 0.531430
186.742000 -1.932909 -0.022072 0.059496 0.008526 0.004178 0.847161 0.531251
186.840000 -1.939805 -0.001334 0.061181 0.008726 0.004135 0.847236 0.531130
186.942000 -1.948085 0.029317 0.061376 0.008748 0.004132 0.847053 0.531421
187.041000 -1.958312 0.046420 0.061304 0.008943 0.004031 0.847177 0.531221
187.142000 -1.969595 0.061273 0.058227 0.009018 0.003764 0.847278 0.531059
187.242000 -1.979808 0.078505 0.060294 0.009008 0.003867 0.847220 0.531151
187.342000 -1.990816 0.095309 0.062164 0.009103 0.004124 0.847148 0.531264
187.442000 -2.001861 0.111144 0.062161 0.009161 0.003917 0.847075 0.531379
187.541000 -2.011463 0.134611 0.064722 0.009546 0.003839 0.847238 0.531114
187.641000 -2.019719 0.153606 0.061676 0.009404 0.003708 0.847091 0.531352
187.741000 -2.026598 0.172273 0.058988 0.009475 0.003396 0.847132 0.531287
187.840000 -2.034977 0.187372 0.060851 0.009535 0.003125 0.847296 0.531026
187.942000 -2.046046 0.224670 0.061927 0.009659 0.003319 0.847066 0.531390
188.040000 -2.057362 0.241813 0.067207 0.009865 0.003644 0.847050 0.531409
188.141000 -2.068176 0.261054 0.063207 0.009905 0.003230 0.847324 0.530974
188.241000 -2.075929 0.277979 0.063978 0.010056 0.003223 0.847176 0.531207
188.347000 -2.085836 0.305492 0.064195 0.010142 0.003506 0.847092 0.531339
188.441000 -2.097573 0.317705 0.067812 0.010000 0.003701 0.847084 0.531352
188.540000 -2.103745 0.331177 0.067984 0.010098 0.003555 0.847242 0.531100
188.640000 -2.108793 0.353787 0.066061 0.010241 0.003235 0.847404 0.530841
188.741000 -2.121919 0.373771 0.062979 0.010387 0.002913 0.847343 0.530937
188.840000 -2.125649 0.386964 0.065017 0.010441 0.002848 0.847487 0.530706
188.941000 -2.141087 0.420437 0.067064 0.010589 0.003177 0.847051 0.531396
189.041000 -2.154510 0.429349 0.068387 0.010644 0.003204 0.847286 0.531020
189.141000 -2.163006 0.455947 0.067241 0.010666 0.002957 0.847115 0.531294
189.240000 -2.173322 0.490694 0.067513 0.010789 0.002929 0.847140 0.531252
189.341000 -2.179531 0.495922 0.066745 0.010757 0.002862 0.847146 0.531243
189.440000 -2.180458 0.504316 0.070580 0.010850 0.002731 0.847678 0.530394
189.540000 -2.181489 0.511550 0.063798 0.010781 0.002524 0.856172 0.516572
189.641000 -2.188454 0.508871 0.067108 0.011298 0.001659 0.869421 0.493941
189.741000 -2.189674 0.510535 0.065386 0.011083 0.001803 0.881144 0.472714
189.840000 -2.189753 0.509377 0.066857 0.011235 0.001629 0.892702 0.450505
189.940000 -2.196941 0.517900 0.069071 0.011318 0.001281 0.903665 0.428089
190.041000 -2.204732 0.535795 0.066007 0.011739 0.001231 0.907761 0.419321
190.140000 -2.220317 0.546285 0.070317 0.011285 0.001377 0.907673 0.419525
190.240000 -2.230070 0.560446 0.066358 0.010366 0.002444 0.907724 0.419432
190.342000 -2.236821 0.566562 0.068645 0.011450 0.001021 0.906595 0.421844
190.440000 -2.243071 0.584490 0.066418 0.011856 0.000759 0.901870 0.431843
190.541000 -2.252767 0.585525 0.067427 0.011742 0.001180 0.898843 0.438112
190.640000 -2.271931 0.598478 0.067191 0.012033 0.001022 0.899639 0.436467
190.741000 -2.287466 0.616038 0.069397 0.011900 0.001171 0.899595 0.436562
190.841000 -2.302819 0.636105 0.067020 0.011844 0.001256 0.899227 0.437321
190.941000 -2.310596 0.660354 0.066409 0.012266 0.000543 0.899223 0.437318
191.040000 -2.333756 0.683398 0.068467 0.012510 0.001005 0.898989 0.437792
191.141000 -2.344580 0.695205 0.068263 0.012703 0.001001 0.899062 0.437636
191.241000 -2.357299 0.717446 0.070922 0.012502 0.000773 0.899040 0.437688
191.340000 -2.371429 0.731996 0.067674 0.012628 0.000795 0.899263 0.437226
191.442000 -2.381805 0.747556 0.066011 0.012864 0.000678 0.899178 0.437393
191.541000 -2.396083 0.759909 0.071753 0.013044 0.000802 0.899267 0.437204
191.641000 -2.403539 0.770753 0.067326 0.013004 0.000553 0.899224 0.437294
191.740000 -2.420653 0.785237 0.069707 0.012986 0.000558 0.899278 0.437185
191.841000 -2.432218 0.806192 0.069860 0.013206 0.000287 0.899423 0.436880
191.942000 -2.441856 0.822407 0.076844 0.013489 0.000676 0.898998 0.437745
192.041000 -2.457195 0.843470 0.076677 0.013477 0.000895 0.899095 0.437544
192.141000 -2.476764 0.860753 0.078302 0.013500 0.000653 0.899428 0.436859
192.240000 -2.493556 0.878678 0.076334 0.013911 0.000642 0.899222 0.437270
192.340000 -2.506199 0.896904 0.074348 0.013947 0.000540 0.899181 0.437355
192.442000 -2.515537 0.911174 0.079098 0.014216 0.000930 0.898909 0.437903
192.541000 -2.525466 0.936302 0.075223 0.014782 0.000736 0.898863 0.437980
192.642000 -2.543042 0.948614 0.076091 0.014621 0.000732 0.898809 0.438095
192.741000 -2.552216 0.955960 0.078429 0.014802 0.000673 0.898823 0.438062
192.842000 -2.566333 0.972683 0.078602 0.014896 0.000801 0.898724 0.438261
192.941000 -2.579988 0.989600 0.078950 0.015003 0.000575 0.898718 0.438271
193.041000 -2.595684 1.017487 0.076170 0.015327 0.000161 0.898632 0.438435
193.142000 -2.612423 1.029362 0.077612 0.015606 0.000230 0.898780 0.438123
193.241000 -2.621207 1.045146 0.079482 0.015705 0.000406 0.898702 0.438278
193.341000 -2.633561 1.064180 0.083370 0.015590 0.000170 0.898899 0.437877
193.440000 -2.652940 1.084718 0.081646 0.015736 0.000011 0.898990 0.437686
193.541000 -2.668292 1.093033 0.084282 0.016044 0.000034 0.898805 0.438055
193.641000 -2.676013 1.116424 0.081703 0.016052 -0.000154 0.898559 0.438558
193.740000 -2.688287 1.133972 0.082544 0.016391 0.000127 0.898823 0.438004
193.841000 -2.700792 1.149053 0.083601 0.015943 0.000427 0.898746 0.438180
193.940000 -2.713114 1.150814 0.085468 0.016383 0.000124 0.897929 0.439835
194.041000 -2.706185 1.158577 0.083517 0.016723 0.000273 0.889766 0.456111
194.141000 -2.702255 1.164599 0.081966 0.016947 0.000753 0.877446 0.479375
194.240000 -2.713485 1.160795 0.084469 0.016826 0.001368 0.865812 0.500085
194.341000 -2.707880 1.158842 0.085155 0.016815 0.001838 0.855304 0.517850
194.441000 -2.708263 1.167561 0.081995 0.017413 0.002571 0.855444 0.517597
194.540000 -2.704342 1.164659 0.083762 0.016958 0.001050 0.855199 0.518021
194.641000 -2.715659 1.176516 0.085676 0.017111 0.001858 0.854081 0.519855
194.740000 -2.725269 1.191621 0.082865 0.017429 0.002125 0.854648 0.518910
194.842000 -2.735881 1.213142 0.086866 0.016649 0.001447 0.854015 0.519980
194.941000 -2.758234 1.225503 0.085066 0.017277 0.001622 0.854480 0.519195
195.040000 -2.759863 1.251678 0.088897 0.017506 0.001231 0.854237 0.519588
195.140000 -2.775572 1.269431 0.086988 0.017468 0.001681 0.854172 0.519694
195.241000 -2.775092 1.293401 0.087518 0.017315 0.000885 0.854812 0.518648
195.341000 -2.787492 1.317178 0.089695 0.017682 0.000871 0.854167 0.519698
195.440000 -2.799732 1.329813 0.089003 0.017530 0.001065 0.854482 0.519184
195.541000 -2.801296 1.331497 0.089588 0.017974 0.000895 0.852623 0.522217
195.640000 -2.801852 1.330547 0.088485 0.017811 0.001352 0.843988 0.536064
195.741000 -2.797367 1.322459 0.091293 0.017973 0.002292 0.842508 0.538378
195.840000 -2.804337 1.331244 0.089963 0.017788 0.001257 0.843786 0.536384
195.942000 -2.799311 1.327744 0.092264 0.017848 0.001603 0.842536 0.538342
196.040000 -2.806857 1.333986 0.091039 0.017627 0.001413 0.843289 0.537170
196.141000 -2.814386 1.353443 0.092220 0.017771 0.001143 0.842400 0.538559
196.241000 -2.824268 1.378729 0.093259 0.018071 0.001505 0.842301 0.538703
196.340000 -2.838635 1.392912 0.092336 0.017651 0.000905 0.842999 0.537624
196.442000 -2.846467 1.424867 0.092531 0.018211 0.001350 0.842490 0.538402
196.540000 -2.856203 1.450332 0.093952 0.017706 0.001123 0.843035 0.537566
196.641000 -2.859037 1.456486 0.093806 0.017793 0.001250 0.842172 0.538914
196.741000 -2.860332 1.455338 0.093798 0.018024 0.001413 0.834162 0.551223
196.840000 -2.858721 1.461033 0.090691 0.018389 0.001741 0.819300 0.573068
196.940000 -2.854290 1.459949 0.093536 0.017974 0.002346 0.805234 0.592680
197.042000 -2.851968 1.451419 0.091296 0.017430 0.002461 0.789772 0.613147
197.140000 -2.849982 1.452474 0.091560 0.017940 0.003284 0.774269 0.632593
197.240000 -2.858120 1.439862 0.093555 0.017455 0.003236 0.769239 0.638715
197.340000 -2.851771 1.453237 0.092402 0.017672 0.003399 0.769668 0.638191
197.440000 -2.851572 1.448922 0.089183 0.017678 0.003263 0.768127 0.640045
197.541000 -2.853549 1.468792 0.090339 0.017665 0.003309 0.767603 0.640674
197.640000 -2.863512 1.491960 0.091498 0.017845 0.003415 0.767625 0.640641
197.741000 -2.871498 1.518267 0.091876 0.018432 0.003733 0.767111 0.641239
197.842000 -2.871264 1.534452 0.094359 0.018302 0.003237 0.767524 0.640751
197.941000 -2.875453 1.535323 0.096521 0.017567 0.002719 0.767285 0.641059
198.040000 -2.879716 1.543063 0.093517 0.018426 0.003467 0.767198 0.641136
198.141000 -2.882490 1.549083 0.095044 0.018048 0.002757 0.766998 0.641390
198.240000 -2.882198 1.549416 0.094249 0.018097 0.002892 0.766931 0.641468
198.341000 -2.877735 1.546632 0.093564 0.018603 0.002614 0.767281 0.641036
198.441000 -2.883061 1.552606 0.091191 0.018931 0.003310 0.766726 0.641686
198.541000 -2.884250 1.593329 0.094540 0.018239 0.002897 0.767205 0.641136
198.641000 -2.881954 1.616239 0.097814 0.017919 0.002567 0.766976 0.641420
198.740000 -2.891259 1.646215 0.099584 0.017766 0.001690 0.767411 0.640907
198.841000 -2.891737 1.664698 0.101942 0.017549 0.001591 0.766906 0.641518
198.940000 -2.895003 1.669144 0.103513 0.017681 0.001630 0.766785 0.641659
199.041000 -2.894986 1.673178 0.102823 0.017431 0.001191 0.766870 0.641564
199.141000 -2.896288 1.669055 0.098931 0.017689 0.001181 0.767010 0.641391
199.240000 -2.892936 1.673021 0.100799 0.017827 0.001581 0.766869 0.641554
199.340000 -2.892321 1.673254 0.102024 0.017311 0.001131 0.767004 0.641407
199.440000 -2.899620 1.716370 0.102856 0.017432 0.000883 0.766865 0.641571
199.541000 -2.901508 1.727088 0.104083 0.017195 0.000749 0.766793 0.641664
199.641000 -2.910565 1.765073 0.104194 0.017596 0.000955 0.766880 0.641548
199.741000 -2.916456 1.780016 0.100648 0.018437 0.001172 0.767040 0.641334
199.840000 -2.917508 1.792134 0.099682 0.018417 0.000752 0.767010 0.641371
199.940000 -2.920943 1.818209 0.099840 0.018458 0.000597 0.766909 0.641490
200.041000 -2.924748 1.841601 0.103778 0.018439 0.000402 0.766655 0.641794
200.143000 -2.930207 1.859108 0.106717 0.018321 0.000526 0.766598 0.641865
200.241000 -2.932970 1.875412 0.109247 0.017592 0.000188 0.766788 0.641659
200.342000 -2.930835 1.891167 0.112594 0.016985 -0.000354 0.766866 0.641582
200.441000 -2.934236 1.908197 0.111688 0.017531 -0.000547 0.766902 0.641524
200.544000 -2.935151 1.939592 0.110528 0.017616 -0.000759 0.766786 0.641661
200.641000 -2.943315 1.951370 0.109805 0.017256 -0.000810 0.766970 0.641450
200.741000 -2.941081 1.986959 0.116662 0.016130 -0.001930 0.766948 0.641504
200.840000 -2.946979 2.007835 0.118667 0.015779 -0.002082 0.766817 0.641668
200.941000 -2.949333 2.021259 0.120450 0.016223 -0.001701 0.766516 0.642018
201.042000 -2.953892 2.041155 0.121704 0.016312 -0.002002 0.766659 0.641844
201.141000 -2.957174 2.067095 0.125158 0.015925 -0.002338 0.766887 0.641580
201.242000 -2.962381 2.083301 0.124475 0.016145 -0.002643 0.767005 0.641433
201.342000 -2.965776 2.100366 0.119874 0.016214 -0.002364 0.766962 0.641483
201.442000 -2.976871 2.135246 0.116180 0.016850 -0.001983 0.767018 0.641401
201.541000 -2.982128 2.150779 0.115613 0.017276 -0.001853 0.766942 0.641482
201.641000 -2.984678 2.170385 0.117687 0.017699 -0.001699 0.766835 0.641598
201.741000 -2.984969 2.184823 0.115835 0.018105 -0.001553 0.766719 0.641726
201.840000 -2.990092 2.210480 0.115955 0.018438 -0.001415 0.766494 0.641986
201.940000 -2.997999 2.237386 0.125204 0.017847 -0.002182 0.766404 0.642108
202.041000 -2.998808 2.255772 0.127237 0.017270 -0.002616 0.766427 0.642094
202.141000 -2.997674 2.269069 0.127745 0.017654 -0.002347 0.766560 0.641926
202.240000 -3.002518 2.286934 0.129680 0.017687 -0.002504 0.766379 0.642140
202.340000 -3.006972 2.316502 0.134805 0.017335 -0.003094 0.766584 0.641902
202.441000 -3.009602 2.344283 0.131028 0.017869 -0.003023 0.766471 0.642023
202.540000 -3.015486 2.368366 0.133759 0.017963 -0.003385 0.766452 0.642042
202.640000 -3.018409 2.389294 0.130081 0.018755 -0.002856 0.766669 0.641762
202.740000 -3.020098 2.407679 0.131437 0.018623 -0.003314 0.766823 0.641580
202.840000 -3.023370 2.431702 0.133531 0.018123 -0.003871 0.766797 0.641622
202.940000 -3.023435 2.458460 0.138314 0.018049 -0.004228 0.766732 0.641699
203.040000 -3.027798 2.471900 0.137015 0.017847 -0.004393 0.766419 0.642078
203.141000 -3.040856 2.504018 0.139705 0.017802 -0.004387 0.766897 0.641508
203.241000 -3.041916 2.516800 0.138367 0.018249 -0.004388 0.766791 0.641623
203.340000 -3.046266 2.529035 0.138546 0.018594 -0.004073 0.766770 0.641640
203.440000 -3.053806 2.550624 0.137423 0.019351 -0.003920 0.766852 0.641521
203.541000 -3.059174 2.565136 0.136068 0.019630 -0.004292 0.766777 0.641599
203.640000 -3.062566 2.585996 0.137575 0.019617 -0.004340 0.766357 0.642101
203.740000 -3.063707 2.614228 0.136203 0.019738 -0.004656 0.765896 0.642645
203.841000 -3.066073 2.637993 0.141346 0.019480 -0.004937 0.766401 0.642048
203.942000 -3.066717 2.662393 0.143439 0.018672 -0.005613 0.766419 0.642045
204.040000 -3.078866 2.674814 0.137565 0.019661 -0.005188 0.766531 0.641886
204.140000 -3.080323 2.685491 0.139552 0.019318 -0.005603 0.766673 0.641722
204.240000 -3.080539 2.707915 0.142503 0.019219 -0.005787 0.766587 0.641827
204.340000 -3.086288 2.739674 0.149625 0.019393 -0.005555 0.766449 0.641988
204.441000 -3.085758 2.771050 0.155311 0.017640 -0.006548 0.766702 0.641728
204.541000 -3.085403 2.787270 0.154314 0.017282 -0.006881 0.766807 0.641608
204.641000 -3.089180 2.799701 0.157901 0.017991 -0.006776 0.766819 0.641576
204.741000 -3.093668 2.822820 0.154347 0.018777 -0.006821 0.766468 0.641972
204.843000 -3.105309 2.855272 0.154462 0.018866 -0.005959 0.766228 0.642264
204.941000 -3.107878 2.873557 0.157940 0.018421 -0.006078 0.766396 0.642075
205.040000 -3.113099 2.891454 0.160229 0.018182 -0.006506 0.766330 0.642157
205.141000 -3.117299 2.918432 0.157076 0.017913 -0.007397 0.766149 0.642371
205.242000 -3.119591 2.947066 0.155327 0.018183 -0.007168 0.766507 0.641939
205.340000 -3.125195 2.955838 0.154299 0.018611 -0.006909 0.766166 0.642336
205.442000 -3.134232 2.965875 0.153867 0.018794 -0.006533 0.766071 0.642448
205.540000 -3.134924 2.998121 0.158273 0.018359 -0.007021 0.766155 0.642355
205.641000 -3.137412 3.024771 0.153938 0.018521 -0.006890 0.766406 0.642052
205.741000 -3.138208 3.046921 0.151964 0.019229 -0.007143 0.766388 0.642051
205.841000 -3.149197 3.071154 0.152030 0.018882 -0.007174 0.766211 0.642272
205.941000 -3.151994 3.093537 0.151954 0.018629 -0.007547 0.766080 0.642431
206.041000 -3.152309 3.118584 0.152787 0.019099 -0.007419 0.766571 0.641833
206.141000 -3.157574 3.135953 0.151354 0.019285 -0.007163 0.766541 0.641866
206.240000 -3.164627 3.162481 0.155811 0.019921 -0.006472 0.766417 0.642002
206.340000 -3.162073 3.177998 0.158070 0.020313 -0.006104 0.766369 0.642050
206.441000 -3.174106 3.209986 0.151544 0.020720 -0.005761 0.766156 0.642294
206.540000 -3.191758 3.230029 0.150431 0.020998 -0.006050 0.766119 0.642327
206.641000 -3.184811 3.245397 0.151976 0.021361 -0.006459 0.765847 0.642635
206.741000 -3.181922 3.254179 0.151004 0.020739 -0.007301 0.766204 0.642221
206.840000 -3.188612 3.281173 0.151951 0.021709 -0.007019 0.766462 0.641884
206.941000 -3.195056 3.305081 0.156622 0.022079 -0.006256 0.766279 0.642098
207.040000 -3.198385 3.333071 0.164416 0.021539 -0.005809 0.766311 0.642082
207.141000 -3.203455 3.347367 0.166318 0.021807 -0.005141 0.766328 0.642058
207.241000 -3.203243 3.360507 0.166348 0.022008 -0.004960 0.766287 0.642102
207.340000 -3.204799 3.383786 0.169539 0.022276 -0.005076 0.766411 0.641944
207.440000 -3.207201 3.411676 0.169996 0.021994 -0.004757 0.766808 0.641482
207.541000 -3.211752 3.440217 0.173875 0.022344 -0.005025 0.766514 0.641819
207.640000 -3.215742 3.464334 0.170483 0.021807 -0.005426 0.766400 0.641971
207.742000 -3.222214 3.475959 0.170358 0.021466 -0.005544 0.766293 0.642109
207.840000 -3.225230 3.493619 0.170193 0.021335 -0.005686 0.766435 0.641943
207.940000 -3.225965 3.518915 0.168019 0.021328 -0.005604 0.766624 0.641718
208.040000 -3.229340 3.537657 0.171477 0.021506 -0.005797 0.766727 0.641587
208.141000 -3.234844 3.555721 0.168027 0.021031 -0.005830 0.766884 0.641414
208.240000 -3.241290 3.577596 0.171243 0.021777 -0.005929 0.767069 0.641168
208.340000 -3.244680 3.598260 0.172447 0.022345 -0.005897 0.766993 0.641239
208.441000 -3.251965 3.614705 0.172671 0.022510 -0.005790 0.766879 0.641371
208.540000 -3.252079 3.630166 0.178882 0.019942 -0.004391 0.766555 0.641854
208.640000 -3.260232 3.652163 0.178197 0.021476 -0.004097 0.766974 0.641306
208.742000 -3.263079 3.668138 0.183255 0.021046 -0.004492 0.767048 0.641228
208.841000 -3.263800 3.704295 0.185066 0.022001 -0.004160 0.766832 0.641458
208.941000 -3.272305 3.717454 0.190879 0.021488 -0.004528 0.766640 0.641702
209.041000 -3.270231 3.742619 0.190386 0.021073 -0.004262 0.766537 0.641841
209.141000 -3.274010 3.759058 0.195101 0.021523 -0.003880 0.766727 0.641600
209.242000 -3.279070 3.777250 0.193407 0.021987 -0.003929 0.766977 0.641285
209.340000 -3.280975 3.797124 0.190886 0.021367 -0.003703 0.766710 0.641627
209.441000 -3.285258 3.826521 0.189521 0.021284 -0.003750 0.766928 0.641370
209.540000 -3.294905 3.843551 0.189199 0.021739 -0.003217 0.766990 0.641283
209.641000 -3.295432 3.863051 0.193845 0.021732 -0.003601 0.767318 0.640888
209.741000 -3.300305 3.888565 0.196196 0.021270 -0.004131 0.767209 0.641031
209.840000 -3.304359 3.907775 0.190891 0.021640 -0.003684 0.767201 0.641031
209.941000 -3.309551 3.926603 0.187004 0.021889 -0.003433 0.767077 0.641172
210.040000 -3.314002 3.944904 0.191096 0.022778 -0.002611 0.766596 0.641721
210.141000 -3.316308 3.967593 0.194804 0.023095 -0.004024 0.766578 0.641723
210.241000 -3.322151 4.015448 0.189984 0.022486 -0.005872 0.766422 0.641916
210.342000 -3.322757 4.022900 0.192387 0.023887 -0.006018 0.766713 0.641518
210.440000 -3.326566 4.041411 0.193855 0.023466 -0.006149 0.767020 0.641165
210.541000 -3.329103 4.058648 0.194537 0.023389 -0.006352 0.766832 0.641391
210.640000 -3.331348 4.085580 0.195371 0.023508 -0.006258 0.767002 0.641184
210.741000 -3.333978 4.099379 0.196623 0.023619 -0.006266 0.767065 0.641103
210.840000 -3.339958 4.123228 0.195774 0.023756 -0.006211 0.767146 0.641002
210.940000 -3.345014 4.147456 0.196205 0.024235 -0.006274 0.767148 0.640982
211.041000 -3.349107 4.178967 0.200949 0.024408 -0.006277 0.767228 0.640879
211.140000 -3.348262 4.201986 0.202130 0.024081 -0.006559 0.766761 0.641447
211.241000 -3.356430 4.219031 0.204725 0.024710 -0.006447 0.767026 0.641108
211.340000 -3.356205 4.234821 0.211245 0.025171 -0.006609 0.767194 0.640887
211.441000 -3.361167 4.251661 0.206271 0.025033 -0.005995 0.766970 0.641166
211.540000 -3.361894 4.289276 0.209456 0.024870 -0.007469 0.766921 0.641216
211.641000 -3.368467 4.309015 0.212858 0.025264 -0.007984 0.766984 0.641119
211.741000 -3.372507 4.328703 0.207123 0.025049 -0.007771 0.767000 0.641111
211.842000 -3.372490 4.348768 0.209974 0.025846 -0.007545 0.766964 0.641125
211.940000 -3.383381 4.364532 0.211028 0.026948 -0.005951 0.766466 0.641692
212.041000 -3.385302 4.385917 0.211280 0.027040 -0.006916 0.766775 0.641309
212.141000 -3.383580 4.406969 0.211348 0.026834 -0.007497 0.766477 0.641667
212.241000 -3.392086 4.425056 0.215491 0.026944 -0.007597 0.766602 0.641512
212.340000 -3.397726 4.441504 0.222672 0.026603 -0.005819 0.766651 0.641486
212.441000 -3.402352 4.481691 0.215619 0.027831 -0.008338 0.766866 0.641149
212.540000 -3.403777 4.495940 0.216631 0.027911 -0.008354 0.766662 0.641390
212.640000 -3.404514 4.518604 0.214406 0.027875 -0.009013 0.766931 0.641060
212.740000 -3.413185 4.526868 0.222557 0.028037 -0.007984 0.766706 0.641336
212.840000 -3.414172 4.541430 0.223807 0.028257 -0.008846 0.766947 0.641026
212.940000 -3.417179 4.561255 0.223362 0.028360 -0.009064 0.767533 0.640317
213.041000 -3.425655 4.586880 0.220437 0.029256 -0.008047 0.766939 0.641002
213.141000 -3.425874 4.612919 0.223258 0.028800 -0.008753 0.767146 0.640766
213.240000 -3.426466 4.627871 0.227569 0.028871 -0.008920 0.767124 0.640787
213.341000 -3.433556 4.640453 0.231099 0.029128 -0.008601 0.767253 0.640625
213.440000 -3.437734 4.653401 0.231390 0.029151 -0.008497 0.767277 0.640596
213.540000 -3.447238 4.671923 0.229743 0.029161 -0.008424 0.767428 0.640416
213.640000 -3.454819 4.702154 0.234322 0.029444 -0.008190 0.767385 0.640458
213.740000 -3.456406 4.728338 0.232816 0.029863 -0.008158 0.767243 0.640609
213.840000 -3.452835 4.768906 0.232590 0.030090 -0.008961 0.766698 0.641240
213.941000 -3.456446 4.786262 0.228835 0.029939 -0.008635 0.766646 0.641314
214.041000 -3.464537 4.808273 0.227338 0.029824 -0.009162 0.766885 0.641026
214.142000 -3.469225 4.825536 0.232066 0.030196 -0.009133 0.766819 0.641088
214.241000 -3.473591 4.854447 0.233427 0.030069 -0.009119 0.767146 0.640703
214.341000 -3.480568 4.870984 0.234594 0.030190 -0.009153 0.767143 0.640700
214.441000 -3.482596 4.888851 0.234180 0.030170 -0.009274 0.767466 0.640312
214.542000 -3.485016 4.911621 0.234144 0.030375 -0.009104 0.766931 0.640946
214.640000 -3.481012 4.940257 0.229361 0.030093 -0.010017 0.766857 0.641034
214.742000 -3.488354 4.956973 0.229462 0.029971 -0.010169 0.766936 0.640943
214.840000 -3.490616 4.971078 0.233650 0.029277 -0.011746 0.766590 0.641361
214.941000 -3.505785 4.988705 0.237889 0.029742 -0.011751 0.766784 0.641108
215.040000 -3.503328 5.029400 0.234597 0.030006 -0.010940 0.767027 0.640820
215.140000 -3.510463 5.059957 0.229595 0.029494 -0.008714 0.766754 0.641204
215.240000 -3.517891 5.090715 0.238807 0.029830 -0.006745 0.766576 0.641425
215.341000 -3.517359 5.125001 0.240009 0.029723 -0.006569 0.766259 0.641811
215.440000 -3.520758 5.144270 0.237962 0.029575 -0.007270 0.767122 0.640778
215.541000 -3.525363 5.159386 0.249834 0.030621 -0.007472 0.766150 0.641888
215.640000 -3.534014 5.180599 0.250380 0.031337 -0.007784 0.766330 0.641635
215.741000 -3.534284 5.194008 0.245260 0.030599 -0.007986 0.766540 0.641418
215.840000 -3.538291 5.212928 0.247648 0.031156 -0.007812 0.767234 0.640562
215.941000 -3.545859 5.233514 0.248865 0.031539 -0.007472 0.767086 0.640724
216.040000 -3.547676 5.260128 0.258922 0.032093 -0.008426 0.766569 0.641304
216.140000 -3.550541 5.277946 0.255654 0.031821 -0.008457 0.766560 0.641328
216.240000 -3.549556 5.321409 0.251291 0.029883 -0.006169 0.765987 0.642131
216.340000 -3.559556 5.318944 0.253982 0.029757 -0.006198 0.766426 0.641613
216.441000 -3.567605 5.328313 0.253156 0.030071 -0.006164 0.766740 0.641224
216.540000 -3.568002 5.351840 0.258894 0.030646 -0.007137 0.766718 0.641212
216.641000 -3.572916 5.384373 0.260752 0.030474 -0.007432 0.766394 0.641605
216.741000 -3.578985 5.403261 0.257195 0.030082 -0.008658 0.766677 0.641269
216.841000 -3.583169 5.421199 0.256161 0.030561 -0.007610 0.766720 0.641208
216.941000 -3.585595 5.442819 0.261383 0.030172 -0.008459 0.766806 0.641114
217.040000 -3.591818 5.463101 0.263709 0.030709 -0.006655 0.766289 0.641727
217.141000 -3.600850 5.483675 0.260911 0.030779 -0.004921 0.766592 0.641377
217.241000 -3.604654 5.510806 0.271835 0.031464 -0.006431 0.766440 0.641513
217.341000 -3.609462 5.535520 0.271595 0.031804 -0.006733 0.766643 0.641250
217.440000 -3.606086 5.554476 0.275070 0.031371 -0.007573 0.766314 0.641655
217.540000 -3.615792 5.566229 0.277933 0.031285 -0.007204 0.766821 0.641058
217.640000 -3.614709 5.594920 0.275129 0.031063 -0.007508 0.766332 0.641650
217.741000 -3.616235 5.615699 0.277090 0.030587 -0.008689 0.766646 0.641282
217.840000 -3.622429 5.631894 0.273520 0.031208 -0.007347 0.766947 0.640909
217.940000 -3.617733 5.655888 0.274543 0.032463 -0.006603 0.766787 0.641046
218.041000 -3.629179 5.677381 0.279599 0.033056 -0.007305 0.766618 0.641210
218.140000 -3.635755 5.706258 0.285527 0.032240 -0.007069 0.766667 0.641196
218.241000 -3.641171 5.731555 0.290238 0.030580 -0.006958 0.766633 0.641319
218.341000 -3.644948 5.752903 0.282890 0.031014 -0.007761 0.766520 0.641425
218.441000 -3.650062 5.769339 0.287623 0.031230 -0.008213 0.766465 0.641474
218.541000 -3.652673 5.784958 0.290585 0.031823 -0.008088 0.766383 0.641544
218.642000 -3.659322 5.806077 0.286371 0.032486 -0.008241 0.766208 0.641718
218.741000 -3.659957 5.836547 0.294868 0.032492 -0.007560 0.766224 0.641707
218.842000 -3.666508 5.860987 0.293640 0.032924 -0.007494 0.766427 0.641444
218.941000 -3.670486 5.889387 0.292449 0.032783 -0.007879 0.766184 0.641736
219.040000 -3.674834 5.905519 0.292926 0.034777 -0.009415 0.766428 0.641319
219.141000 -3.678964 5.941098 0.292813 0.035021 -0.009696 0.766036 0.641769
219.240000 -3.685682 5.957795 0.293965 0.034821 -0.009418 0.766868 0.640790
219.340000 -3.682126 5.971287 0.295443 0.034839 -0.009477 0.765985 0.641843
219.440000 -3.684122 5.988755 0.295554 0.035285 -0.010835 0.766132 0.641622
219.540000 -3.694500 6.014771 0.302937 0.035345 -0.010397 0.766356 0.641359
219.640000 -3.692999 6.031233 0.301691 0.035135 -0.010639 0.766195 0.641559
219.741000 -3.695270 6.050517 0.295492 0.035471 -0.010310 0.766248 0.641482
219.842000 -3.704846 6.075851 0.298912 0.036605 -0.010258 0.765822 0.641928
219.941000 -3.704068 6.098876 0.299642 0.036139 -0.010304 0.765951 0.641800
220.041000 -3.709427 6.123319 0.301879 0.035603 -0.010803 0.766390 0.641297
220.141000 -3.707955 6.144203 0.301627 0.036065 -0.010867 0.766025 0.641706
220.241000 -3.709886 6.160224 0.297972 0.035167 -0.010735 0.765964 0.641831
220.342000 -3.719012 6.179264 0.306271 0.035464 -0.010851 0.766303 0.641408
220.441000 -3.725606 6.202073 0.307642 0.034631 -0.009621 0.766060 0.641763
220.541000 -3.729009 6.229839 0.311107 0.035103 -0.009528 0.765625 0.642258
220.640000 -3.728257 6.244674 0.309975 0.034261 -0.009447 0.765735 0.642174
220.741000 -3.734527 6.272029 0.314982 0.035089 -0.009136 0.765628 0.642260
220.840000 -3.736468 6.293873 0.316798 0.035600 -0.009165 0.765900 0.641908
220.941000 -3.742371 6.313489 0.313198 0.035374 -0.009603 0.765965 0.641837
221.041000 -3.747564 6.330530 0.307934 0.035324 -0.010165 0.766070 0.641706
221.141000 -3.752537 6.350815 0.317947 0.034579 -0.009077 0.766309 0.641477
221.240000 -3.756895 6.366701 0.321026 0.034887 -0.009005 0.766241 0.641542
221.340000 -3.761741 6.381280 0.316704 0.034643 -0.009129 0.766319 0.641460
221.441000 -3.760959 6.398378 0.320359 0.035055 -0.010211 0.766316 0.641425
221.541000 -3.770336 6.429258 0.317360 0.035135 -0.010434 0.766465 0.641240
221.640000 -3.774502 6.454402 0.328683 0.035636 -0.009204 0.766245 0.641493
221.741000 -3.772225 6.482362 0.328371 0.035509 -0.009782 0.765868 0.641942
221.841000 -3.777169 6.503826 0.329622 0.035557 -0.009851 0.765885 0.641919
221.941000 -3.780299 6.522358 0.328550 0.035154 -0.009450 0.766041 0.641760
222.041000 -3.779038 6.539317 0.330028 0.034784 -0.009600 0.766220 0.641564
222.141000 -3.783125 6.566152 0.330256 0.034412 -0.009356 0.765977 0.641878
222.240000 -3.787491 6.585377 0.331753 0.033843 -0.008406 0.765775 0.642163
222.341000 -3.790081 6.604006 0.330303 0.034124 -0.008694 0.765868 0.642033
222.441000 -3.795759 6.620070 0.334962 0.033598 -0.008109 0.765900 0.642030
222.541000 -3.798368 6.636431 0.332433 0.033274 -0.007550 0.765910 0.642041
222.640000 -3.804404 6.670434 0.337399 0.033588 -0.007756 0.766052 0.641854
222.741000 -3.804084 6.698178 0.337959 0.034107 -0.008957 0.765835 0.642069
222.842000 -3.815108 6.721108 0.339085 0.034360 -0.009556 0.766102 0.641728
222.943000 -3.821863 6.742777 0.337636 0.034776 -0.010144 0.765920 0.641914
223.041000 -3.821798 6.762191 0.340448 0.034556 -0.010178 0.765767 0.642109
223.141000 -3.826502 6.780817 0.344617 0.035344 -0.010141 0.765863 0.641951
223.240000 -3.833018 6.804002 0.342223 0.035760 -0.009868 0.766058 0.641700
223.342000 -3.832709 6.836102 0.341862 0.032774 -0.008583 0.765563 0.642468
223.441000 -3.832846 6.860629 0.331752 0.031187 -0.008534 0.765651 0.642444
223.542000 -3.835070 6.867317 0.334919 0.031478 -0.007869 0.765840 0.642212
223.640000 -3.844261 6.884464 0.333474 0.031392 -0.008196 0.765939 0.642094
223.741000 -3.847111 6.907099 0.332254 0.031257 -0.008533 0.766430 0.641510
223.840000 -3.845422 6.937545 0.334744 0.031348 -0.007966 0.765840 0.642217
223.940000 -3.854120 6.959176 0.343673 0.031909 -0.007291 0.765874 0.642157
224.041000 -3.857927 6.981550 0.347775 0.032448 -0.008425 0.766023 0.641939
224.141000 -3.856627 6.994131 0.346879 0.032269 -0.008206 0.765845 0.642162
224.240000 -3.859324 7.013794 0.344364 0.031580 -0.008313 0.765940 0.642083
224.341000 -3.866311 7.041214 0.336960 0.030448 -0.007764 0.766215 0.641816
224.440000 -3.874085 7.070824 0.350219 0.030633 -0.007830 0.766010 0.642050
224.542000 -3.875148 7.096189 0.349275 0.030770 -0.008011 0.766128 0.641901
224.641000 -3.885728 7.111529 0.357852 0.032999 -0.007493 0.765950 0.642009
224.748000 -3.883397 7.130751 0.364610 0.033511 -0.008014 0.765919 0.642013
224.840000 -3.883133 7.149605 0.362408 0.033451 -0.007836 0.765656 0.642332
224.940000 -3.889558 7.177179 0.365354 0.032982 -0.008203 0.765988 0.641956
225.041000 -3.888854 7.194193 0.368374 0.033479 -0.008400 0.766203 0.641671
225.140000 -3.896713 7.211348 0.366579 0.033172 -0.008456 0.766071 0.641843
225.241000 -3.910510 7.236354 0.367485 0.033962 -0.008035 0.767351 0.640276
225.340000 -3.906641 7.251028 0.370576 0.033428 -0.009118 0.766520 0.641285
225.440000 -3.909118 7.268398 0.367643 0.034355 -0.008145 0.766827 0.640882
225.540000 -3.914375 7.298626 0.371981 0.033698 -0.008851 0.767176 0.640490
225.640000 -3.918708 7.319217 0.371228 0.033957 -0.009322 0.766721 0.641014
225.741000 -3.929116 7.341191 0.379732 0.033704 -0.010145 0.767543 0.640031
225.841000 -3.929806 7.360152 0.383422 0.033515 -0.010607 0.766792 0.640932
225.940000 -3.941843 7.398316 0.378325 0.035242 -0.008375 0.767746 0.639729
226.041000 -3.944216 7.410835 0.376997 0.036138 -0.008150 0.767046 0.640521
226.140000 -3.940750 7.424755 0.375726 0.034500 -0.009592 0.766486 0.641262
226.240000 -3.946539 7.471068 0.380364 0.034783 -0.010569 0.767366 0.640178
226.341000 -3.949302 7.481271 0.383066 0.034427 -0.010240 0.767541 0.639993
226.440000 -3.944176 7.499662 0.390617 0.035090 -0.010394 0.766504 0.641196
226.540000 -3.951014 7.516643 0.388935 0.035412 -0.010666 0.766653 0.640996
226.641000 -3.960004 7.532231 0.386929 0.035495 -0.010225 0.766841 0.640773
226.741000 -3.959272 7.553942 0.395076 0.035402 -0.010602 0.766634 0.641020
226.842000 -3.962915 7.573671 0.399306 0.036044 -0.010769 0.766313 0.641365
226.941000 -3.969204 7.596433 0.399022 0.036358 -0.010595 0.766433 0.641207
227.042000 -3.976111 7.619302 0.401781 0.036175 -0.010937 0.766615 0.640994
227.142000 -3.979668 7.638055 0.404143 0.036433 -0.011093 0.766307 0.641345
227.240000 -3.978921 7.666324 0.403323 0.036386 -0.010905 0.766416 0.641220
227.341000 -3.984586 7.697325 0.400590 0.036361 -0.011283 0.766944 0.640583
227.442000 -3.985019 7.706725 0.400791 0.036325 -0.011127 0.766739 0.640834
227.541000 -3.987045 7.738794 0.404050 0.036703 -0.011665 0.766329 0.641293
227.642000 -4.001886 7.756912 0.412261 0.037004 -0.011441 0.766568 0.640994
227.742000 -4.004804 7.761832 0.409977 0.037092 -0.011359 0.766847 0.640656
227.843000 -4.004464 7.783289 0.407218 0.036143 -0.011184 0.766838 0.640725
227.942000 -4.010353 7.806890 0.405133 0.036336 -0.011437 0.766827 0.640722
228.041000 -4.016672 7.834025 0.411548 0.037148 -0.012159 0.766453 0.641110
228.141000 -4.019518 7.854972 0.414212 0.036883 -0.012530 0.766755 0.640757
228.242000 -4.021493 7.879161 0.415000 0.037646 -0.012251 0.766542 0.640973
228.341000 -4.025104 7.894041 0.421570 0.037438 -0.012954 0.766891 0.640553
228.441000 -4.028556 7.902386 0.420131 0.037589 -0.012879 0.766628 0.640861
228.543000 -4.037154 7.924601 0.422497 0.038355 -0.013372 0.767350 0.639941
228.642000 -4.037315 7.955837 0.424422 0.038020 -0.013129 0.766827 0.640592
228.741000 -4.038326 7.985593 0.423426 0.037605 -0.012561 0.766467 0.641059
228.840000 -4.044669 8.011185 0.424698 0.037939 -0.012909 0.766112 0.641457
228.940000 -4.043348 8.030264 0.427640 0.038113 -0.012640 0.766181 0.641369
229.047000 -4.047838 8.045516 0.427141 0.037811 -0.013346 0.766424 0.641083
229.141000 -4.054227 8.055593 0.421980 0.037538 -0.013995 0.767081 0.640299
229.241000 -4.062592 8.081733 0.428648 0.037804 -0.013978 0.767023 0.640352
229.342000 -4.063383 8.101681 0.426331 0.037822 -0.013993 0.766839 0.640571
229.441000 -4.069494 8.128349 0.431934 0.038347 -0.014065 0.766771 0.640620
229.541000 -4.078158 8.148930 0.434283 0.038294 -0.014285 0.766934 0.640423
229.642000 -4.075872 8.158117 0.432574 0.037955 -0.014333 0.767160 0.640172
229.741000 -4.082626 8.193158 0.439207 0.038382 -0.013482 0.766728 0.640682
229.841000 -4.079604 8.228578 0.438343 0.038618 -0.014375 0.766357 0.641092
229.941000 -4.081437 8.250200 0.449531 0.039287 -0.015056 0.766236 0.641180
230.040000 -4.089945 8.264560 0.447891 0.039521 -0.014540 0.766337 0.641057
230.141000 -4.099823 8.275358 0.449718 0.039662 -0.014010 0.766852 0.640444
230.241000 -4.095458 8.310177 0.454589 0.039722 -0.014413 0.766242 0.641162
230.341000 -4.098873 8.323194 0.450460 0.039005 -0.014486 0.766497 0.640899
230.441000 -4.110128 8.349512 0.444847 0.038197 -0.014364 0.766698 0.640710
230.540000 -4.113545 8.367605 0.448335 0.038426 -0.013942 0.766631 0.640786
230.641000 -4.115038 8.386892 0.451960 0.038991 -0.013908 0.766572 0.640822
230.745000 -4.110367 8.424679 0.454351 0.038515 -0.013865 0.765598 0.642016
230.841000 -4.115064 8.442467 0.459667 0.038584 -0.014103 0.765473 0.642155
230.940000 -4.115048 8.458480 0.461674 0.038542 -0.014146 0.765523 0.642097
231.040000 -4.122003 8.479562 0.460051 0.039134 -0.014186 0.765553 0.642025
231.141000 -4.128455 8.498508 0.465349 0.038511 -0.014738 0.765903 0.641633
231.243000 -4.137424 8.521381 0.462701 0.038144 -0.014845 0.766369 0.641095
231.341000 -4.137738 8.537655 0.461772 0.038053 -0.015005 0.766138 0.641373
231.440000 -4.143756 8.552907 0.462136 0.037669 -0.014696 0.766357 0.641141
231.541000 -4.147865 8.574465 0.460014 0.037526 -0.014744 0.766354 0.641152
231.641000 -4.150185 8.591579 0.460422 0.037783 -0.014691 0.766225 0.641292
231.741000 -4.145632 8.617837 0.465651 0.038294 -0.015051 0.766172 0.641317
231.840000 -4.144391 8.646097 0.467708 0.037571 -0.014520 0.766026 0.641547
231.942000 -4.160982 8.668782 0.472514 0.038057 -0.014321 0.766376 0.641104
232.041000 -4.160825 8.692822 0.468481 0.037892 -0.014424 0.766231 0.641285
232.141000 -4.164889 8.714071 0.474047 0.038237 -0.014667 0.766165 0.641338
232.241000 -4.168164 8.737945 0.479762 0.038681 -0.013955 0.765769 0.641800
232.341000 -4.175260 8.758617 0.475221 0.037952 -0.013633 0.766130 0.641419
232.437000 -4.178120 8.778765 0.481623 0.037542 -0.013159 0.766377 0.641158
232.540000 -4.183250 8.792347 0.486296 0.037608 -0.011409 0.766475 0.641071
232.640000 -4.192536 8.820277 0.481830 0.037869 -0.012931 0.766539 0.640950
232.740000 -4.197611 8.845237 0.485150 0.038326 -0.013277 0.766577 0.640871
232.840000 -4.199158 8.864221 0.489840 0.038668 -0.013020 0.766332 0.641148
232.941000 -4.202229 8.886753 0.491620 0.038536 -0.013008 0.766435 0.641033
233.041000 -4.210382 8.895941 0.491453 0.038358 -0.013246 0.766903 0.640479
233.140000 -4.207869 8.925002 0.490035 0.037936 -0.013425 0.766529 0.640948
233.240000 -4.215817 8.957596 0.486825 0.037373 -0.013629 0.766644 0.640839
233.342000 -4.216566 8.978069 0.489799 0.038031 -0.014788 0.766088 0.641440
233.441000 -4.218877 8.994363 0.494807 0.039034 -0.014429 0.766005 0.641486
233.540000 -4.230564 9.004595 0.495971 0.038264 -0.014025 0.766627 0.640799
233.640000 -4.232651 9.032342 0.494476 0.038198 -0.013939 0.766449 0.641017
233.741000 -4.230619 9.067094 0.491855 0.036035 -0.012831 0.766094 0.641590
233.841000 -4.236415 9.081352 0.498531 0.036482 -0.012997 0.766316 0.641295
233.942000 -4.248898 9.085593 0.506124 0.036039 -0.012608 0.766632 0.640950
234.040000 -4.244847 9.112554 0.501578 0.034639 -0.013157 0.766272 0.641447
234.140000 -4.247847 9.134987 0.506777 0.034744 -0.013311 0.766404 0.641281
234.240000 -4.246627 9.157657 0.503827 0.034424 -0.012699 0.766508 0.641186
234.340000 -4.256168 9.178335 0.504918 0.034028 -0.013006 0.765953 0.641864
234.440000 -4.263800 9.205742 0.509079 0.034478 -0.013559 0.766424 0.641266
234.541000 -4.263922 9.237576 0.510297 0.034461 -0.014470 0.766685 0.640934
234.640000 -4.264159 9.255247 0.515108 0.035171 -0.015703 0.766547 0.641033
234.740000 -4.266413 9.277014 0.510778 0.034881 -0.015076 0.766128 0.641564
234.841000 -4.269277 9.288910 0.516267 0.034682 -0.014608 0.766427 0.641228
234.940000 -4.273946 9.308310 0.516136 0.033980 -0.014592 0.766260 0.641465
235.040000 -4.282019 9.329108 0.516669 0.034109 -0.015292 0.766463 0.641199
235.141000 -4.281655 9.357679 0.525699 0.034936 -0.016295 0.765808 0.641913
235.241000 -4.287753 9.381688 0.531840 0.034810 -0.017535 0.766307 0.641291
235.341000 -4.287526 9.392828 0.521888 0.033485 -0.014728 0.766182 0.641582
235.441000 -4.289900 9.398793 0.522684 0.033820 -0.014390 0.766058 0.641720
235.540000 -4.289970 9.394935 0.522547 0.033782 -0.015346 0.766076 0.641678
235.641000 -4.292633 9.392213 0.520061 0.033654 -0.015164 0.766292 0.641432
235.740000 -4.288971 9.391045 0.524548 0.033533 -0.015402 0.766195 0.641548
235.841000 -4.279128 9.395157 0.521328 0.034643 -0.014294 0.754006 0.655797
235.941000 -4.283686 9.406774 0.514187 0.034555 -0.012382 0.735791 0.676213
236.041000 -4.278210 9.428852 0.527685 0.036417 -0.012323 0.719511 0.693416
236.141000 -4.280015 9.390381 0.529518 0.035074 -0.012128 0.702363 0.710851
236.241000 -4.275953 9.411112 0.534458 0.036372 -0.010427 0.683309 0.729148
236.340000 -4.280918 9.400445 0.529524 0.036402 -0.012614 0.666488 0.744519
236.442000 -4.261678 9.409512 0.521233 0.035592 -0.008752 0.645335 0.763020
236.541000 -4.273616 9.394871 0.526814 0.036352 -0.007681 0.628673 0.776782
236.641000 -4.280013 9.398586 0.534308 0.037045 -0.008324 0.607999 0.793030
236.740000 -4.293150 9.401848 0.532608 0.037766 -0.005201 0.589001 0.807233
236.840000 -4.286689 9.411348 0.524914 0.037224 -0.004026 0.568795 0.821627
236.941000 -4.281836 9.407473 0.535987 0.038687 -0.003711 0.546574 0.836508
237.041000 -4.274426 9.405962 0.529980 0.038516 -0.003748 0.526316 0.849408
237.141000 -4.285176 9.407770 0.529294 0.038051 -0.001608 0.505035 0.862258
237.241000 -4.284795 9.411079 0.525487 0.038398 -0.000169 0.483582 0.874456
237.341000 -4.277351 9.399866 0.529112 0.037256 -0.000396 0.461191 0.886518
237.441000 -4.266296 9.391375 0.520929 0.037666 0.000512 0.439125 0.897636
237.541000 -4.293696 9.394814 0.527186 0.038290 0.001348 0.417930 0.907671
237.640000 -4.289066 9.404437 0.538317 0.039722 0.001501 0.394782 0.917915
237.741000 -4.280029 9.405535 0.534283 0.039538 0.002036 0.371098 0.927749
237.841000 -4.284578 9.393709 0.534754 0.039753 0.002956 0.348202 0.936571
237.941000 -4.275678 9.396589 0.530442 0.039421 0.003738 0.325344 0.944766
238.041000 -4.282407 9.404083 0.522835 0.037855 0.006166 0.300935 0.952873
238.140000 -4.288409 9.402597 0.528288 0.037727 0.007253 0.277729 0.959891
238.241000 -4.275445 9.393078 0.529012 0.039760 0.007939 0.253087 0.966594
238.340000 -4.281005 9.420165 0.531381 0.038720 0.009213 0.228367 0.972761
238.441000 -4.276829 9.414723 0.532520 0.039580 0.010000 0.203750 0.978172
238.540000 -4.285699 9.395618 0.530723 0.037308 0.012068 0.180556 0.982783
238.641000 -4.264711 9.393280 0.533299 0.036903 0.012138 0.155799 0.987025
238.741000 -4.263745 9.399229 0.530223 0.037195 0.011597 0.130388 0.990697
238.840000 -4.268338 9.395446 0.530472 0.037569 0.012454 0.106383 0.993537
238.941000 -4.286333 9.391007 0.525516 0.037323 0.014675 0.082589 0.995776
239.041000 -4.278669 9.414318 0.531652 0.038724 0.014532 0.056879 0.997524
239.141000 -4.281071 9.409196 0.526235 0.035911 0.015628 0.032077 0.998718
239.241000 -4.278961 9.395934 0.529294 0.037580 0.018146 0.006774 0.999106
239.340000 -4.261107 9.412049 0.533956 0.037290 0.018649 -0.019082 0.998948
239.441000 -4.272178 9.422633 0.525180 0.037028 0.021933 -0.044215 0.998095
239.542000 -4.284252 9.406784 0.523947 0.035151 0.020818 -0.067558 0.996879
239.640000 -4.284250 9.391853 0.520227 0.033773 0.018829 -0.092199 0.994990
239.741000 -4.275680 9.384873 0.524379 0.036193 0.020850 -0.115115 0.992474
239.841000 -4.252854 9.397540 0.530519 0.034584 0.021690 -0.132940 0.990283
239.941000 -4.240940 9.390817 0.529754 0.035413 0.021172 -0.133527 0.990186
240.042000 -4.226660 9.386988 0.522969 0.033874 0.021480 -0.133641 0.990218
240.140000 -4.197968 9.378894 0.514863 0.033276 0.022471 -0.135270 0.989995
240.240000 -4.190342 9.374052 0.514978 0.033875 0.024060 -0.133103 0.990231
240.340000 -4.179483 9.372004 0.511335 0.034228 0.022358 -0.133508 0.990204
240.440000 -4.158810 9.369815 0.517189 0.034498 0.020256 -0.133405 0.990254
240.541000 -4.138374 9.352969 0.525494 0.035448 0.022131 -0.132249 0.990335
240.640000 -4.112431 9.358142 0.526376 0.037813 0.020536 -0.132561 0.990240
240.740000 -4.084633 9.351860 0.523203 0.036005 0.019840 -0.132552 0.990323
240.842000 -4.071173 9.341871 0.517990 0.035654 0.020022 -0.132849 0.990292
240.941000 -4.064548 9.346392 0.509817 0.035718 0.020598 -0.131998 0.990392
241.043000 -4.031688 9.336803 0.513413 0.034579 0.021120 -0.132770 0.990318
241.141000 -3.998694 9.318392 0.508364 0.033637 0.021086 -0.133090 0.990309
241.241000 -3.969624 9.300999 0.512208 0.034267 0.021574 -0.134021 0.990151
241.342000 -3.957061 9.301796 0.514726 0.033781 0.021918 -0.133655 0.990209
241.441000 -3.944981 9.297149 0.512797 0.034058 0.020938 -0.132405 0.990389
241.541000 -3.923263 9.286084 0.512130 0.033667 0.021125 -0.132767 0.990350
241.641000 -3.918384 9.309721 0.505836 0.033161 0.026686 -0.132294 0.990296
241.741000 -3.912196 9.306592 0.507904 0.034415 0.025893 -0.131997 0.990314
241.840000 -3.896763 9.296793 0.509052 0.033303 0.022778 -0.143067 0.988890
241.940000 -3.889004 9.296502 0.504867 0.032674 0.023230 -0.169661 0.984687
242.041000 -3.892485 9.292006 0.500458 0.033196 0.024042 -0.192598 0.980421
242.142000 -3.887086 9.290234 0.498623 0.031525 0.023728 -0.217738 0.975209
242.242000 -3.863295 9.280630 0.501839 0.032465 0.024138 -0.243429 0.969075
242.342000 -3.853653 9.263957 0.503629 0.031580 0.024429 -0.257418 0.965475
242.441000 -3.840697 9.253388 0.503760 0.031675 0.024328 -0.256172 0.965806
242.541000 -3.826130 9.243919 0.487321 0.029938 0.025275 -0.256985 0.965621
242.640000 -3.807827 9.233340 0.495637 0.031102 0.024991 -0.257867 0.965356
242.740000 -3.793684 9.222591 0.493800 0.030989 0.024230 -0.257069 0.965592
242.841000 -3.784109 9.230608 0.498593 0.030560 0.031122 -0.257873 0.965194
242.940000 -3.772819 9.219267 0.494784 0.030039 0.026084 -0.260312 0.964705
243.041000 -3.771488 9.219128 0.492282 0.029622 0.026066 -0.278139 0.959730
243.140000 -3.767362 9.211910 0.492720 0.029645 0.026020 -0.302119 0.952454
243.241000 -3.743051 9.222255 0.487794 0.027980 0.026364 -0.328186 0.943831
243.341000 -3.755013 9.196676 0.480003 0.026447 0.027986 -0.348080 0.936674
243.441000 -3.738385 9.170992 0.482734 0.027214 0.028002 -0.355135 0.933999
243.541000 -3.718286 9.167538 0.485873 0.027456 0.028146 -0.353788 0.934499
243.641000 -3.696898 9.159922 0.493712 0.028134 0.027786 -0.355333 0.933903
243.741000 -3.679215 9.148445 0.490678 0.028803 0.030289 -0.354564 0.934097
243.840000 -3.678225 9.135739 0.485314 0.027028 0.027839 -0.354874 0.934109
243.941000 -3.684517 9.141447 0.480079 0.027115 0.027036 -0.364188 0.930538
244.040000 -3.666184 9.133147 0.478415 0.026142 0.027219 -0.372183 0.927392
244.141000 -3.631658 9.113153 0.478589 0.026397 0.027748 -0.373121 0.926992
244.241000 -3.626731 9.088916 0.467448 0.025389 0.027099 -0.372766 0.927182
244.341000 -3.606145 9.073468 0.471191 0.026217 0.027521 -0.373136 0.926998
244.441000 -3.599431 9.067206 0.480997 0.027288 0.028510 -0.371905 0.927432
244.541000 -3.604197 9.068822 0.473744 0.026505 0.027053 -0.374100 0.926615
244.641000 -3.579396 9.058700 0.466012 0.025434 0.026115 -0.385471 0.922000
244.740000 -3.570508 9.046475 0.468802 0.026229 0.026695 -0.391451 0.919437
244.841000 -3.563404 9.024878 0.469249 0.026502 0.027657 -0.390289 0.919895
244.940000 -3.545044 9.019823 0.467952 0.025733 0.028297 -0.390569 0.919779
245.040000 -3.527336 8.998908 0.470465 0.026051 0.027084 -0.391088 0.919586
245.140000 -3.518800 8.999590 0.465557 0.026468 0.028734 -0.390591 0.919735
245.240000 -3.506169 8.988736 0.470527 0.026887 0.025972 -0.392890 0.918825
245.341000 -3.499509 8.992962 0.466955 0.026054 0.025892 -0.408593 0.911977
245.441000 -3.505991 8.985766 0.467766 0.025749 0.028389 -0.432389 0.900872
245.541000 -3.507057 8.977179 0.465809 0.023959 0.029363 -0.453720 0.890338
245.641000 -3.489545 8.955448 0.460788 0.022580 0.032683 -0.473315 0.879997
245.741000 -3.476405 8.935255 0.440462 0.022319 0.030383 -0.476015 0.878629
245.841000 -3.470524 8.936418 0.445707 0.024257 0.031404 -0.474731 0.879236
245.942000 -3.457450 8.915656 0.448027 0.024199 0.031537 -0.475735 0.878690
246.041000 -3.440371 8.905401 0.457553 0.022859 0.032649 -0.475852 0.878622
246.141000 -3.429871 8.874436 0.451576 0.021653 0.033002 -0.475584 0.878784
246.241000 -3.422902 8.863570 0.442447 0.022970 0.030999 -0.475331 0.878961
246.340000 -3.403217 8.843602 0.437688 0.021888 0.031841 -0.475844 0.878681
246.441000 -3.392392 8.825484 0.437799 0.022961 0.031204 -0.476133 0.878519
246.541000 -3.386744 8.809572 0.436479 0.022497 0.031789 -0.474758 0.879255
246.641000 -3.371218 8.788002 0.435943 0.022406 0.031094 -0.475002 0.879149
246.741000 -3.361083 8.770744 0.438666 0.023704 0.030899 -0.474909 0.879173
246.841000 -3.353016 8.757211 0.440821 0.023134 0.031905 -0.475115 0.879041
246.940000 -3.337186 8.739328 0.438235 0.023420 0.030851 -0.475611 0.878803
247.040000 -3.323072 8.713328 0.436741 0.023727 0.031509 -0.475632 0.878759
247.141000 -3.320512 8.701906 0.434786 0.023257 0.031740 -0.475397 0.878891
247.240000 -3.296508 8.679740 0.433466 0.023510 0.031699 -0.475731 0.878705
247.341000 -3.290208 8.662418 0.431130 0.023122 0.031415 -0.475691 0.878747
247.441000 -3.287239 8.634333 0.439397 0.023783 0.031408 -0.475250 0.878969
247.541000 -3.268324 8.627423 0.432438 0.023553 0.031591 -0.475196 0.878997
247.640000 -3.261485 8.604981 0.426950 0.023458 0.030440 -0.475059 0.879114
247.740000 -3.240848 8.593188 0.431489 0.023528 0.031189 -0.475829 0.878670
247.841000 -3.243996 8.563920 0.424962 0.022935 0.031068 -0.475038 0.879118
247.940000 -3.235714 8.565325 0.425698 0.022986 0.030857 -0.475158 0.879059
248.041000 -3.207400 8.542793 0.426023 0.023486 0.031056 -0.476434 0.878348
248.140000 -3.195799 8.505254 0.423933 0.023387 0.031050 -0.475498 0.878858
248.240000 -3.185666 8.482777 0.425606 0.023071 0.030667 -0.475314 0.878979
248.341000 -3.179206 8.468073 0.420522 0.022718 0.030261 -0.475266 0.879028
248.440000 -3.165333 8.455754 0.416981 0.023216 0.030139 -0.475241 0.879033
248.540000 -3.146811 8.450617 0.420658 0.023195 0.029961 -0.475979 0.878640
248.640000 -3.137280 8.432888 0.413655 0.023516 0.029512 -0.475651 0.878824
248.741000 -3.122453 8.408414 0.414846 0.023055 0.030221 -0.475366 0.878966
248.840000 -3.101997 8.385754 0.408195 0.022394 0.029466 -0.476149 0.878585
248.940000 -3.097552 8.364241 0.408003 0.022267 0.029466 -0.475846 0.878753
249.040000 -3.086006 8.354564 0.400889 0.022248 0.030090 -0.475834 0.878739
249.141000 -3.069202 8.337105 0.395610 0.021540 0.031129 -0.476316 0.878459
249.242000 -3.060923 8.304417 0.394953 0.021803 0.031557 -0.475854 0.878687
249.340000 -3.049850 8.291748 0.403108 0.022441 0.030724 -0.475199 0.879056
249.440000 -3.041814 8.278069 0.398495 0.022149 0.030068 -0.475408 0.878973
249.541000 -3.032026 8.262423 0.391838 0.022163 0.030627 -0.475442 0.878934
249.641000 -3.027381 8.241500 0.398012 0.022242 0.031279 -0.474794 0.879260
249.740000 -3.007389 8.229941 0.391918 0.022088 0.030682 -0.475589 0.878855
249.841000 -2.997179 8.214903 0.389453 0.021676 0.030494 -0.474685 0.879360
249.941000 -2.982396 8.187381 0.386835 0.021818 0.030983 -0.475226 0.879047
250.040000 -2.968042 8.162746 0.379998 0.021227 0.030792 -0.475327 0.879014
250.141000 -2.961393 8.153929 0.385383 0.021766 0.031542 -0.474958 0.879174
250.241000 -2.945971 8.137442 0.380284 0.021667 0.031169 -0.475438 0.878930
250.340000 -2.939567 8.112925 0.379700 0.021536 0.030926 -0.475108 0.879120
250.440000 -2.923819 8.093754 0.376960 0.021751 0.029849 -0.474887 0.879272
250.540000 -2.907989 8.083040 0.382824 0.022256 0.029855 -0.475483 0.878937
250.641000 -2.894311 8.067598 0.378009 0.021864 0.030519 -0.476062 0.878610
250.741000 -2.888391 8.045914 0.378254 0.021727 0.030633 -0.475794 0.878755
250.840000 -2.881309 8.035007 0.374783 0.021567 0.030835 -0.475279 0.879030
250.941000 -2.867915 8.016259 0.369915 0.021348 0.031114 -0.475588 0.878859
251.040000 -2.852873 7.996340 0.374123 0.021626 0.031568 -0.475652 0.878801
251.141000 -2.828239 7.977541 0.374335 0.021613 0.030816 -0.476177 0.878544
251.240000 -2.810117 7.955837 0.366469 0.021479 0.030313 -0.476318 0.878488
251.340000 -2.799873 7.941499 0.365132 0.021366 0.029993 -0.476274 0.878525
251.441000 -2.794089 7.929481 0.365776 0.021272 0.029659 -0.475906 0.878738
251.542000 -2.781408 7.909023 0.358676 0.020992 0.029678 -0.476034 0.878675
251.640000 -2.773382 7.888066 0.354802 0.020992 0.029205 -0.475722 0.878860
251.740000 -2.759081 7.864347 0.352005 0.020447 0.029073 -0.476337 0.878544
251.841000 -2.749790 7.841760 0.349926 0.020516 0.029203 -0.476411 0.878498
251.940000 -2.736608 7.827424 0.357185 0.021161 0.029553 -0.475684 0.878865
252.040000 -2.721710 7.817986 0.357570 0.020739 0.029592 -0.476281 0.878550
252.141000 -2.713022 7.795970 0.351504 0.020598 0.029573 -0.476079 0.878664
252.240000 -2.699153 7.777212 0.351680 0.021077 0.029253 -0.476461 0.878456
252.342000 -2.684714 7.756973 0.345999 0.020788 0.028917 -0.476235 0.878597
252.441000 -2.676058 7.739336 0.341983 0.020190 0.028560 -0.475930 0.878787
252.541000 -2.671148 7.722442 0.341273 0.020313 0.028089 -0.475620 0.878967
252.641000 -2.663403 7.707045 0.337751 0.020698 0.029014 -0.474674 0.879440
252.741000 -2.648308 7.688829 0.344721 0.020607 0.029480 -0.476426 0.878478
252.840000 -2.653443 7.684449 0.349331 0.020475 0.029351 -0.488089 0.872060
252.940000 -2.653375 7.692968 0.346213 0.019507 0.030678 -0.511575 0.858469
253.040000 -2.657429 7.697917 0.349251 0.018793 0.030915 -0.531369 0.846368
253.141000 -2.655075 7.683757 0.347000 0.017987 0.031967 -0.552886 0.832449
253.240000 -2.658775 7.690165 0.350938 0.017375 0.032054 -0.573878 0.818129
253.341000 -2.652557 7.674499 0.344598 0.016504 0.032320 -0.591737 0.805314
253.441000 -2.638737 7.650809 0.343231 0.016763 0.031281 -0.597607 0.801003
253.541000 -2.640763 7.626957 0.339628 0.016347 0.032592 -0.595413 0.802592
253.640000 -2.620879 7.614339 0.340112 0.016394 0.032226 -0.597240 0.801247
253.739000 -2.620625 7.594782 0.340311 0.016918 0.032951 -0.596579 0.801699
253.842000 -2.609058 7.561712 0.332646 0.015989 0.033430 -0.597007 0.801380
253.941000 -2.607729 7.548542 0.336588 0.016627 0.032663 -0.597022 0.801387
254.041000 -2.600977 7.517712 0.329293 0.015995 0.032723 -0.596841 0.801532
254.141000 -2.594939 7.503741 0.333367 0.016039 0.032509 -0.596413 0.801859
254.241000 -2.585313 7.493613 0.336398 0.016756 0.031898 -0.596211 0.802019
254.341000 -2.583761 7.461765 0.328548 0.016151 0.032219 -0.596467 0.801828
254.441000 -2.578734 7.451785 0.331458 0.016839 0.031786 -0.596355 0.801914
254.541000 -2.569158 7.419883 0.329343 0.016285 0.031387 -0.596425 0.801890
254.640000 -2.560702 7.396570 0.334456 0.016589 0.031803 -0.597450 0.801104
254.741000 -2.561071 7.385098 0.330471 0.016033 0.032483 -0.596768 0.801595
254.841000 -2.542420 7.353472 0.331553 0.016428 0.031352 -0.598023 0.800697
254.940000 -2.537043 7.327841 0.325880 0.016424 0.031420 -0.598427 0.800392
255.041000 -2.527325 7.312595 0.331091 0.016293 0.031452 -0.598132 0.800614
255.142000 -2.523403 7.293185 0.324369 0.016389 0.031610 -0.598586 0.800267
255.240000 -2.521319 7.271484 0.324413 0.015915 0.031918 -0.597637 0.800973
255.341000 -2.519560 7.250480 0.325767 0.016292 0.031473 -0.597504 0.801082
255.440000 -2.508666 7.231376 0.315335 0.016183 0.030821 -0.597438 0.801159
255.541000 -2.496366 7.213418 0.315717 0.016111 0.030413 -0.597623 0.801038
255.642000 -2.496584 7.179477 0.306636 0.015482 0.030018 -0.598152 0.800671
255.740000 -2.495619 7.171439 0.311296 0.015641 0.029988 -0.597628 0.801060
255.841000 -2.483750 7.155459 0.306718 0.015435 0.029582 -0.597575 0.801119
255.941000 -2.478479 7.121095 0.312525 0.015470 0.030297 -0.598221 0.800609
256.041000 -2.473665 7.098431 0.306524 0.015475 0.029889 -0.597301 0.801310
256.142000 -2.464410 7.082196 0.312043 0.015679 0.030198 -0.597534 0.801121
256.240000 -2.460183 7.061968 0.309307 0.015633 0.030104 -0.597792 0.800933
256.341000 -2.461939 7.050606 0.306532 0.015051 0.029623 -0.597055 0.801512
256.441000 -2.443465 7.020535 0.304971 0.015518 0.029393 -0.597969 0.800830
256.541000 -2.435358 6.996981 0.303734 0.015368 0.029241 -0.597939 0.800861
256.640000 -2.427859 6.986507 0.297483 0.015522 0.029002 -0.597846 0.800935
256.740000 -2.425185 6.966361 0.296460 0.015329 0.029034 -0.597888 0.800907
256.841000 -2.413724 6.943407 0.299685 0.014990 0.028719 -0.597889 0.800924
256.941000 -2.408196 6.919368 0.298730 0.015389 0.028910 -0.597525 0.801181
257.041000 -2.403454 6.898270 0.292982 0.015083 0.028265 -0.597412 0.801294
257.141000 -2.408414 6.890317 0.290820 0.014842 0.027759 -0.595597 0.802666
257.240000 -2.406212 6.890804 0.299602 0.015519 0.028455 -0.581416 0.812961
257.341000 -2.402784 6.890491 0.296534 0.015710 0.027680 -0.560216 0.827735
257.441000 -2.405094 6.891496 0.295899 0.016339 0.027555 -0.540875 0.840493
257.541000 -2.403273 6.885393 0.303200 0.017605 0.027678 -0.519297 0.853964
257.641000 -2.407008 6.888926 0.300086 0.017841 0.027088 -0.496968 0.867162
257.741000 -2.402331 6.889955 0.300650 0.018923 0.026265 -0.476154 0.878766
257.841000 -2.398208 6.891829 0.298694 0.019195 0.025897 -0.453277 0.890787
257.941000 -2.401567 6.895993 0.302611 0.020497 0.026186 -0.432259 0.901136
258.041000 -2.398357 6.893700 0.303595 0.020671 0.025431 -0.409275 0.911822
258.141000 -2.395397 6.874489 0.297400 0.020943 0.024560 -0.386556 0.921701
258.241000 -2.384891 6.856839 0.294316 0.021457 0.024028 -0.375299 0.926344
258.341000 -2.369632 6.851987 0.295300 0.021648 0.024314 -0.375708 0.926166
258.441000 -2.352652 6.842437 0.308140 0.023824 0.027207 -0.375620 0.926068
258.541000 -2.353062 6.836710 0.293096 0.021887 0.024339 -0.373751 0.926951
258.640000 -2.347810 6.832473 0.301632 0.023154 0.024928 -0.357259 0.933386
258.741000 -2.344947 6.814976 0.289796 0.021611 0.022080 -0.332129 0.942728
258.841000 -2.341206 6.825175 0.295786 0.023054 0.022830 -0.310605 0.949985
258.941000 -2.342397 6.821838 0.289742 0.023311 0.021687 -0.285295 0.957911
259.041000 -2.342412 6.826033 0.297271 0.023413 0.021459 -0.261847 0.964587
259.141000 -2.335952 6.827467 0.293477 0.024486 0.020558 -0.238470 0.970623
259.242000 -2.332139 6.829781 0.289651 0.024857 0.019467 -0.213678 0.976394
259.343000 -2.331994 6.826795 0.298143 0.026665 0.019907 -0.189222 0.981370
259.442000 -2.336919 6.837433 0.290346 0.025558 0.018377 -0.165231 0.985752
259.541000 -2.344944 6.839901 0.302450 0.027122 0.018716 -0.140478 0.989535
259.641000 -2.347353 6.823909 0.300708 0.028067 0.018185 -0.114498 0.992860
259.741000 -2.336483 6.823744 0.290694 0.027230 0.016963 -0.090135 0.995413
259.841000 -2.314369 6.822248 0.289867 0.027478 0.015919 -0.069164 0.997100
259.941000 -2.299667 6.831923 0.295586 0.027915 0.016768 -0.062956 0.997485
260.042000 -2.281790 6.830232 0.304137 0.030246 0.017701 -0.064291 0.997316
260.141000 -2.254422 6.821145 0.299344 0.029680 0.016642 -0.062993 0.997434
260.241000 -2.236396 6.812130 0.290129 0.028612 0.015623 -0.063071 0.997476
260.341000 -2.217511 6.809244 0.302822 0.030358 0.016988 -0.062701 0.997426
260.440000 -2.209774 6.799727 0.293425 0.028535 0.015528 -0.062255 0.997531
260.541000 -2.202703 6.801444 0.292111 0.027592 0.014009 -0.059558 0.997745
260.641000 -2.178752 6.794252 0.292569 0.028789 0.015317 -0.056131 0.997891
260.749000 -2.158106 6.802107 0.295379 0.030091 0.015800 -0.058711 0.997696
260.841000 -2.125177 6.802586 0.301105 0.031310 0.016148 -0.056420 0.997785
260.940000 -2.108112 6.803845 0.294115 0.029969 0.015333 -0.058363 0.997728
261.041000 -2.090708 6.799526 0.300398 0.031199 0.016051 -0.057828 0.997710
261.143000 -2.065781 6.797805 0.291447 0.031632 0.015414 -0.057163 0.997745
261.240000 -2.051492 6.798811 0.293806 0.031116 0.015259 -0.057673 0.997734
261.341000 -2.032024 6.788646 0.294105 0.031472 0.015245 -0.056336 0.997799
261.440000 -2.000342 6.786268 0.292602 0.031806 0.015178 -0.056961 0.997754
261.540000 -1.982607 6.789125 0.293965 0.032998 0.015484 -0.057127 0.997701
261.641000 -1.972134 6.786653 0.295064 0.032783 0.015358 -0.057000 0.997718
261.741000 -1.941044 6.786317 0.294148 0.033304 0.015274 -0.057781 0.997657
261.840000 -1.924803 6.784609 0.292646 0.034373 0.015326 -0.057187 0.997654
261.940000 -1.898075 6.779798 0.295385 0.033571 0.014861 -0.057399 0.997676
262.040000 -1.875884 6.775277 0.291758 0.033717 0.014823 -0.057072 0.997690
262.141000 -1.855922 6.769752 0.292301 0.033912 0.014657 -0.057120 0.997684
262.241000 -1.833656 6.767084 0.289487 0.034139 0.014362 -0.057502 0.997658
262.340000 -1.804867 6.769733 0.289388 0.034176 0.013882 -0.057330 0.997674
262.442000 -1.790610 6.764205 0.286356 0.033423 0.013639 -0.057013 0.997721
262.538000 -1.771144 6.758024 0.288063 0.033844 0.013895 -0.056647 0.997724
262.641000 -1.745400 6.757396 0.289353 0.033997 0.013479 -0.056977 0.997705
262.740000 -1.721311 6.752689 0.287931 0.033703 0.013497 -0.057484 0.997686
262.840000 -1.699367 6.752331 0.285978 0.034921 0.013660 -0.057180 0.997659
262.943000 -1.677907 6.751894 0.284910 0.034157 0.013278 -0.057374 0.997680
263.041000 -1.662284 6.756017 0.283170 0.034565 0.012928 -0.057845 0.997643
263.141000 -1.636320 6.756718 0.283420 0.034075 0.012543 -0.057755 0.997670
263.241000 -1.618734 6.754682 0.288644 0.033927 0.012756 -0.058137 0.997650
263.341000 -1.598927 6.747187 0.285622 0.033904 0.012193 -0.057898 0.997672
263.441000 -1.564770 6.749500 0.290571 0.032335 0.011750 -0.057972 0.997725
263.541000 -1.545108 6.736940 0.287111 0.032378 0.011128 -0.057199 0.997776
263.641000 -1.526115 6.735730 0.288580 0.032811 0.011462 -0.057492 0.997741
263.741000 -1.507849 6.730361 0.284605 0.032561 0.011012 -0.057566 0.997750
263.842000 -1.489894 6.731401 0.280329 0.032662 0.010373 -0.057293 0.997769
263.941000 -1.459003 6.735877 0.283870 0.032728 0.010010 -0.058706 0.997688
264.041000 -1.445722 6.735392 0.285760 0.031676 0.009362 -0.058592 0.997735
264.141000 -1.433078 6.731323 0.287375 0.032362 0.009465 -0.058842 0.997698
264.240000 -1.414931 6.727286 0.288301 0.032922 0.009743 -0.058716 0.997684
264.341000 -1.381993 6.719935 0.284865 0.032861 0.009553 -0.057978 0.997731
264.440000 -1.351912 6.718048 0.287292 0.031995 0.008906 -0.057660 0.997784
264.540000 -1.318709 6.717116 0.285673 0.032246 0.007813 -0.058125 0.997758
264.641000 -1.309115 6.715913 0.286221 0.032638 0.008013 -0.058057 0.997747
264.740000 -1.295637 6.708967 0.286823 0.033546 0.008517 -0.057732 0.997732
264.842000 -1.269648 6.709969 0.279940 0.033429 0.007733 -0.057874 0.997734
264.940000 -1.235465 6.700342 0.280475 0.032671 0.007000 -0.058234 0.997744
265.041000 -1.225084 6.694729 0.280024 0.032142 0.007053 -0.058630 0.997737
265.140000 -1.197603 6.697222 0.281418 0.031830 0.006619 -0.058612 0.997751
265.240000 -1.157604 6.699871 0.286239 0.032342 0.006927 -0.058888 0.997717
265.340000 -1.140278 6.701281 0.289765 0.032976 0.007196 -0.058076 0.997741
265.440000 -1.124843 6.698907 0.288966 0.033604 0.007288 -0.058529 0.997693
265.541000 -1.105695 6.698638 0.285162 0.033759 0.006611 -0.058464 0.997697
265.640000 -1.088068 6.693950 0.289057 0.034360 0.006716 -0.059132 0.997636
265.742000 -1.065732 6.694429 0.287742 0.034767 0.006645 -0.058109 0.997683
265.842000 -1.045028 6.688260 0.289018 0.034880 0.006297 -0.058866 0.997636
265.941000 -1.021371 6.682576 0.288128 0.035118 0.006834 -0.057469 0.997706
266.040000 -0.992814 6.684487 0.283622 0.035176 0.005781 -0.056711 0.997754
266.141000 -0.968234 6.678694 0.284166 0.034959 0.005479 -0.058132 0.997682
266.240000 -0.950994 6.684944 0.285954 0.034506 0.005336 -0.057434 0.997739
266.341000 -0.928577 6.683712 0.284508 0.034824 0.005111 -0.057689 0.997714
266.440000 -0.907000 6.682299 0.284533 0.035018 0.004902 -0.058416 0.997666
266.541000 -0.887681 6.672920 0.287002 0.035089 0.004848 -0.058238 0.997674
266.641000 -0.865070 6.674032 0.283247 0.034989 0.004543 -0.058183 0.997682
266.740000 -0.850754 6.656693 0.285786 0.035409 0.004198 -0.058016 0.997679
266.841000 -0.828651 6.655713 0.285434 0.035801 0.004402 -0.057967 0.997667
266.940000 -0.807223 6.657200 0.282945 0.034984 0.004093 -0.058574 0.997662
267.040000 -0.774849 6.662120 0.284233 0.034891 0.004093 -0.059467 0.997612
267.140000 -0.757544 6.657816 0.282242 0.035151 0.003359 -0.059773 0.997587
267.240000 -0.736086 6.656729 0.283280 0.035894 0.003194 -0.058739 0.997623
267.340000 -0.714275 6.648950 0.284700 0.035446 0.003328 -0.058474 0.997654
267.440000 -0.683989 6.646920 0.287579 0.036010 0.002544 -0.058969 0.997607
267.540000 -0.659135 6.647877 0.291609 0.035923 0.002372 -0.058934 0.997613
267.641000 -0.649156 6.642193 0.291133 0.035711 0.002990 -0.058782 0.997627
267.742000 -0.628553 6.641966 0.292187 0.035941 0.002709 -0.059128 0.997600
267.842000 -0.601435 6.637671 0.296051 0.036454 0.002940 -0.058762 0.997602
267.940000 -0.578149 6.636639 0.296590 0.036155 0.002634 -0.059189 0.997588
268.041000 -0.561126 6.640556 0.301866 0.036823 0.002176 -0.059299 0.997559
268.140000 -0.542138 6.634634 0.299408 0.036199 0.002720 -0.058950 0.997601
268.242000 -0.509200 6.633039 0.295627 0.036205 0.001604 -0.058826 0.997610
268.342000 -0.491921 6.627050 0.299882 0.036330 0.002311 -0.059033 0.997592
268.441000 -0.478345 6.620668 0.294462 0.036305 0.001955 -0.058554 0.997622
268.540000 -0.454576 6.618803 0.295365 0.036139 0.001722 -0.058126 0.997653
268.641000 -0.429620 6.618351 0.301609 0.036665 0.001452 -0.058471 0.997615
268.741000 -0.405077 6.617018 0.297860 0.036468 0.001184 -0.058937 0.997595
268.840000 -0.386129 6.609729 0.298874 0.036029 0.001602 -0.058174 0.997655
268.941000 -0.366335 6.603357 0.294635 0.036319 0.001095 -0.058180 0.997645
269.040000 -0.347650 6.599058 0.295188 0.036010 0.001018 -0.058366 0.997645
269.140000 -0.332779 6.598064 0.292746 0.035829 0.000723 -0.057928 0.997677
269.241000 -0.294731 6.596986 0.288551 0.036216 -0.000116 -0.058265 0.997644
269.346000 -0.263281 6.592718 0.288410 0.036075 -0.000292 -0.058335 0.997645
269.440000 -0.246283 6.597047 0.289897 0.036073 -0.000632 -0.058866 0.997614
269.540000 -0.222474 6.592204 0.291822 0.036535 -0.001128 -0.059249 0.997574
269.640000 -0.203924 6.588327 0.286979 0.036449 -0.001039 -0.058789 0.997604
269.741000 -0.174023 6.585034 0.282045 0.035703 -0.001297 -0.059275 0.997602
269.841000 -0.157363 6.585580 0.282345 0.035881 -0.001380 -0.058918 0.997617
269.940000 -0.128134 6.584547 0.282953 0.036157 -0.002224 -0.059142 0.997592
270.040000 -0.101344 6.582223 0.283966 0.036455 -0.002258 -0.059465 0.997562
270.140000 -0.084156 6.580688 0.282325 0.035853 -0.001978 -0.059530 0.997581
270.240000 -0.068794 6.579112 0.284306 0.036268 -0.002388 -0.059126 0.997589
270.340000 -0.050338 6.570151 0.280317 0.036099 -0.002488 -0.058763 0.997616
270.440000 -0.012778 6.569521 0.290934 0.036119 -0.001854 -0.059579 0.997568
270.541000 0.006883 6.571567 0.287123 0.036105 -0.002691 -0.059902 0.997547
270.641000 0.021514 6.572611 0.286547 0.035596 -0.002348 -0.059543 0.997588
270.740000 0.042374 6.573158 0.287814 0.035744 -0.002456 -0.059063 0.997611
270.840000 0.063283 6.562327 0.289820 0.036013 -0.002393 -0.059625 0.997568
270.940000 0.093384 6.562309 0.289732 0.036085 -0.002660 -0.059878 0.997550
271.040000 0.108451 6.560510 0.288733 0.035889 -0.002728 -0.059228 0.997595
271.142000 0.135878 6.558699 0.287395 0.036119 -0.002517 -0.059826 0.997552
271.240000 0.149044 6.553988 0.284345 0.036393 -0.004234 -0.058923 0.997590
271.341000 0.170557 6.551807 0.284943 0.036497 -0.004200 -0.058775 0.997595
271.441000 0.190631 6.548754 0.282621 0.036183 -0.004600 -0.058935 0.997595
271.541000 0.221524 6.547554 0.286401 0.036231 -0.004439 -0.059721 0.997547
271.640000 0.245273 6.543614 0.283155 0.036041 -0.004804 -0.059421 0.997571
271.741000 0.268469 6.543962 0.287694 0.036307 -0.005533 -0.059805 0.997534
271.840000 0.294135 6.542316 0.285866 0.036051 -0.005539 -0.059903 0.997538
271.940000 0.313956 6.535563 0.283299 0.034554 -0.002832 -0.059658 0.997617
272.040000 0.329137 6.528281 0.280525 0.034546 -0.001664 -0.059468 0.997631
272.140000 0.348298 6.532195 0.279608 0.033949 -0.001549 -0.059182 0.997669
272.240000 0.367556 6.526385 0.280252 0.033697 -0.000984 -0.059013 0.997688
272.342000 0.386663 6.522756 0.276927 0.033369 -0.000915 -0.059226 0.997686
272.441000 0.413429 6.517808 0.276587 0.032995 -0.000992 -0.058704 0.997729
272.541000 0.435236 6.515623 0.279176 0.033008 -0.000909 -0.059077 0.997707
272.642000 0.457708 6.515634 0.274382 0.033554 -0.002136 -0.058935 0.997695
272.741000 0.488185 6.513557 0.279155 0.033490 -0.002104 -0.060329 0.997614
272.841000 0.510684 6.506983 0.281077 0.033658 -0.002173 -0.060077 0.997624
272.941000 0.528890 6.510329 0.272722 0.034143 -0.002638 -0.059205 0.997658
273.042000 0.546632 6.508393 0.267943 0.033836 -0.003391 -0.059224 0.997665
273.142000 0.560619 6.503266 0.274187 0.033763 -0.003272 -0.058576 0.997707
273.241000 0.575163 6.505233 0.269165 0.033841 -0.003727 -0.057345 0.997774
273.340000 0.603871 6.499482 0.277233 0.033907 -0.003239 -0.058159 0.997726
273.442000 0.636142 6.495764 0.280330 0.034179 -0.002903 -0.059040 0.997666
273.541000 0.664923 6.496571 0.277308 0.034309 -0.003752 -0.059208 0.997649
273.642000 0.677071 6.492597 0.278951 0.034289 -0.003978 -0.058907 0.997666
273.741000 0.701912 6.493133 0.278878 0.034150 -0.003864 -0.059089 0.997661
273.842000 0.729108 6.486649 0.277185 0.034030 -0.003070 -0.059258 0.997658
273.942000 0.742210 6.483483 0.275864 0.033553 -0.002779 -0.058642 0.997711
274.042000 0.766766 6.476558 0.270977 0.033097 -0.002505 -0.059057 0.997703
274.141000 0.798728 6.475902 0.282444 0.033886 -0.003123 -0.059663 0.997638
274.242000 0.821342 6.471493 0.282693 0.034006 -0.003345 -0.059720 0.997630
274.342000 0.829028 6.473903 0.279350 0.034096 -0.002838 -0.059155 0.997662
274.442000 0.844076 6.474964 0.281438 0.033901 -0.002264 -0.058164 0.997729
274.542000 0.861595 6.469619 0.276403 0.033315 -0.001618 -0.058327 0.997740
274.642000 0.903321 6.454866 0.278346 0.034078 -0.002391 -0.060084 0.997609
274.742000 0.920900 6.454696 0.279333 0.034031 -0.003303 -0.059119 0.997665
274.842000 0.926339 6.450686 0.275353 0.033457 -0.000764 -0.058068 0.997752
274.942000 0.940538 6.448470 0.273287 0.032836 -0.001384 -0.058206 0.997763
275.042000 0.956870 6.462460 0.273173 0.033703 -0.003291 -0.043688 0.998471
275.142000 0.947193 6.447509 0.272561 0.033048 -0.003743 -0.018008 0.999285
275.241000 0.947440 6.454111 0.266199 0.032772 -0.004036 0.006764 0.999432
275.342000 0.945905 6.466231 0.272929 0.033334 -0.005218 0.031792 0.998925
275.442000 0.951326 6.455926 0.274002 0.033103 -0.005729 0.056101 0.997860
275.542000 0.959637 6.464123 0.279173 0.033224 -0.006512 0.080344 0.996192
275.641000 0.957513 6.462075 0.271651 0.032836 -0.008508 0.105493 0.993841
275.741000 0.958630 6.458412 0.272509 0.032464 -0.008808 0.130490 0.990879
275.841000 0.969992 6.460920 0.274608 0.031811 -0.009269 0.153412 0.987607
275.941000 0.989291 6.464871 0.270113 0.031643 -0.009570 0.161076 0.986388
276.042000 1.011796 6.479879 0.276212 0.031832 -0.008589 0.160029 0.986562
276.142000 1.025344 6.490311 0.273140 0.031837 -0.009112 0.161657 0.986291
276.241000 1.049326 6.497631 0.274727 0.031587 -0.009085 0.160501 0.986488
276.342000 1.064625 6.504876 0.272456 0.031552 -0.008618 0.160604 0.986477
276.441000 1.092519 6.509006 0.283003 0.032261 -0.008912 0.161597 0.986289
276.541000 1.119229 6.507753 0.283320 0.032696 -0.008456 0.159658 0.986595
276.642000 1.137468 6.509077 0.280312 0.032583 -0.009217 0.160099 0.986520
276.741000 1.161134 6.512567 0.281779 0.032663 -0.009508 0.159088 0.986678
276.846000 1.178585 6.532804 0.283616 0.032506 -0.009011 0.160461 0.986466
276.946000 1.196600 6.535796 0.282058 0.032260 -0.009144 0.160232 0.986510
277.045000 1.217603 6.544412 0.272348 0.031216 -0.005880 0.159411 0.986701
277.146000 1.224134 6.544395 0.279580 0.031453 -0.007569 0.162559 0.986168
277.246000 1.221692 6.537937 0.283192 0.031512 -0.008638 0.181811 0.982791
277.346000 1.216208 6.546664 0.279381 0.031653 -0.009360 0.208310 0.977506
277.446000 1.233517 6.537932 0.283116 0.030916 -0.010220 0.229943 0.972659
277.545000 1.230318 6.543576 0.287576 0.031396 -0.012083 0.255912 0.966115
277.644000 1.228414 6.553809 0.279473 0.030505 -0.011677 0.277870 0.960063
277.745000 1.254681 6.563626 0.278872 0.030787 -0.011945 0.284821 0.958012
277.847000 1.273002 6.575811 0.278484 0.030244 -0.010813 0.283950 0.958301
277.944000 1.290451 6.588395 0.270712 0.030432 -0.009276 0.283742 0.958373
278.044000 1.295566 6.587508 0.277688 0.030275 -0.011054 0.285563 0.957818
278.146000 1.298807 6.593468 0.270030 0.029775 -0.011751 0.300568 0.953223
278.245000 1.297914 6.579241 0.284811 0.029831 -0.014207 0.325181 0.945074
278.344000 1.295332 6.603257 0.279807 0.029400 -0.014372 0.347656 0.937051
278.446000 1.307251 6.596115 0.284842 0.029214 -0.015913 0.371409 0.927873
278.545000 1.301729 6.594739 0.280506 0.029015 -0.016898 0.394063 0.918470
278.645000 1.302620 6.596726 0.280492 0.028393 -0.018407 0.417149 0.908208
278.745000 1.316557 6.597395 0.276075 0.027725 -0.017609 0.437124 0.898802
278.845000 1.328047 6.613879 0.283120 0.027870 -0.017368 0.441076 0.896869
278.944000 1.347353 6.637324 0.275200 0.027822 -0.016093 0.439947 0.897448
279.044000 1.358094 6.657632 0.277802 0.027627 -0.016962 0.441518 0.896666
279.144000 1.373471 6.668351 0.274110 0.027507 -0.017072 0.440689 0.897076
279.244000 1.375177 6.676339 0.264847 0.027341 -0.012812 0.441573 0.896717
279.344000 1.379601 6.691910 0.275449 0.027420 -0.016101 0.443255 0.895831
279.446000 1.384382 6.698064 0.276265 0.027289 -0.016912 0.458457 0.888137
279.545000 1.381474 6.700996 0.294617 0.027604 -0.020288 0.482728 0.875100
279.645000 1.393981 6.701590 0.279370 0.026022 -0.020319 0.500912 0.864868
279.745000 1.401134 6.733742 0.283548 0.026045 -0.020723 0.509749 0.859679
279.845000 1.413034 6.747725 0.287199 0.026208 -0.019698 0.508717 0.860309
279.945000 1.419887 6.769937 0.288869 0.026506 -0.020054 0.509279 0.859959
280.044000 1.436567 6.788647 0.289533 0.026001 -0.020801 0.508540 0.860394
280.144000 1.445984 6.798233 0.289760 0.026522 -0.019608 0.508481 0.860441
280.245000 1.455738 6.820254 0.289335 0.026187 -0.020870 0.508614 0.860343
280.345000 1.470908 6.839780 0.289646 0.026189 -0.020322 0.508095 0.860663
280.444000 1.478823 6.843490 0.288259 0.026167 -0.020313 0.508074 0.860676
280.544000 1.483363 6.870665 0.293793 0.026699 -0.020680 0.508712 0.860274
280.644000 1.494704 6.910475 0.300360 0.027747 -0.020964 0.508570 0.860318
280.745000 1.506177 6.919316 0.304706 0.027501 -0.021845 0.509558 0.859719
280.845000 1.519603 6.942514 0.302442 0.027417 -0.020337 0.508932 0.860130
280.944000 1.527963 6.955546 0.304963 0.027952 -0.021228 0.509195 0.859935
281.044000 1.535964 6.972811 0.302159 0.027926 -0.021353 0.509198 0.859931
281.146000 1.547687 6.993513 0.302458 0.027483 -0.020624 0.508430 0.860417
281.244000 1.558377 7.010942 0.310306 0.027818 -0.021759 0.508661 0.860242
281.344000 1.573395 7.032155 0.314920 0.026775 -0.021743 0.509715 0.859652
281.446000 1.581717 7.058355 0.315556 0.026423 -0.022503 0.510508 0.859172
281.545000 1.595845 7.071687 0.312224 0.027315 -0.021723 0.510019 0.859455
281.645000 1.602471 7.090123 0.312186 0.027190 -0.020740 0.509762 0.859635
281.746000 1.616271 7.113739 0.310924 0.027445 -0.020485 0.509838 0.859589
281.845000 1.621800 7.137828 0.314412 0.027167 -0.020498 0.509907 0.859556
281.945000 1.626058 7.158309 0.309152 0.028162 -0.020143 0.510409 0.859235
282.045000 1.645074 7.164520 0.315302 0.027359 -0.021405 0.509997 0.859475
282.144000 1.648211 7.170276 0.311850 0.027347 -0.019881 0.510445 0.859245
282.245000 1.653823 7.176938 0.318180 0.027499 -0.020964 0.515193 0.856377
282.347000 1.650689 7.180756 0.315033 0.027629 -0.021332 0.535885 0.843569
282.445000 1.649304 7.183196 0.312056 0.026866 -0.022854 0.557080 0.829709
282.547000 1.654816 7.183907 0.321043 0.027273 -0.023492 0.577174 0.815828
282.645000 1.652030 7.201628 0.320994 0.026060 -0.024587 0.598103 0.800618
282.745000 1.661474 7.211527 0.321270 0.024893 -0.024566 0.607569 0.793497
282.844000 1.674412 7.226599 0.314685 0.024669 -0.023795 0.606775 0.794134
282.944000 1.670220 7.253649 0.317163 0.025190 -0.023969 0.608040 0.793145
283.044000 1.675955 7.278981 0.320418 0.025016 -0.024960 0.608150 0.793035
283.145000 1.683167 7.294456 0.318153 0.024761 -0.024382 0.607969 0.793200
283.245000 1.680083 7.313432 0.320235 0.025379 -0.024273 0.609046 0.792357
283.345000 1.684287 7.311961 0.340571 0.024482 -0.025020 0.613420 0.788981
283.445000 1.693444 7.330787 0.333653 0.025242 -0.026481 0.621756 0.782356
283.545000 1.698799 7.347176 0.331480 0.025549 -0.026320 0.622851 0.781480
283.645000 1.697770 7.381560 0.338637 0.026389 -0.025786 0.623143 0.781237
283.745000 1.707279 7.382941 0.335880 0.023108 -0.026346 0.623521 0.781021
283.844000 1.713129 7.411232 0.346266 0.024076 -0.026047 0.623061 0.781369
283.945000 1.714668 7.423548 0.345282 0.023952 -0.025223 0.623525 0.781029
284.044000 1.714044 7.439414 0.347391 0.024147 -0.025875 0.625180 0.779678
284.144000 1.713920 7.438874 0.353873 0.025883 -0.027508 0.637458 0.769558
284.244000 1.718852 7.467254 0.349975 0.024421 -0.027206 0.649092 0.759831
284.344000 1.714538 7.482155 0.349286 0.024008 -0.026017 0.651954 0.757432
284.444000 1.719415 7.503446 0.348218 0.024092 -0.026046 0.651836 0.757529
284.545000 1.721033 7.521280 0.348607 0.024211 -0.026110 0.651872 0.757492
284.645000 1.724077 7.541489 0.347235 0.024499 -0.026431 0.652044 0.757324
284.744000 1.733552 7.561519 0.346740 0.024697 -0.026194 0.652036 0.757332
284.845000 1.741058 7.572353 0.354559 0.024313 -0.026334 0.651135 0.758115
284.944000 1.736040 7.584321 0.365193 0.026233 -0.028322 0.651856 0.757360
285.045000 1.738294 7.602132 0.358158 0.025171 -0.026935 0.651865 0.757439
285.144000 1.745604 7.635855 0.359624 0.025331 -0.026900 0.651503 0.757746
285.244000 1.748307 7.665663 0.354316 0.024788 -0.026430 0.651756 0.757563
285.344000 1.750936 7.672193 0.353104 0.024585 -0.026120 0.652366 0.757055
285.444000 1.749542 7.679286 0.358966 0.026037 -0.025628 0.652380 0.757011
285.546000 1.754956 7.704629 0.355647 0.024620 -0.025203 0.652241 0.757192
285.644000 1.756103 7.734554 0.357349 0.024749 -0.025652 0.652896 0.756609
285.747000 1.763125 7.750858 0.355714 0.023998 -0.025155 0.651712 0.757669
285.845000 1.770181 7.781989 0.356576 0.025020 -0.025100 0.652040 0.757356
285.944000 1.773474 7.796880 0.362191 0.026869 -0.025085 0.651742 0.757549
286.045000 1.769388 7.808073 0.353692 0.027595 -0.024013 0.652070 0.757275
286.145000 1.774948 7.821409 0.353993 0.028140 -0.024007 0.651473 0.757770
286.245000 1.764639 7.852634 0.352641 0.027636 -0.023162 0.652622 0.756825
286.344000 1.769498 7.875122 0.355411 0.027337 -0.023366 0.652591 0.756856
286.446000 1.777508 7.893046 0.351172 0.027120 -0.023272 0.652666 0.756802
286.545000 1.774129 7.916609 0.352404 0.027264 -0.023684 0.652885 0.756595
286.645000 1.786064 7.948430 0.356741 0.028838 -0.025353 0.652484 0.756829
286.745000 1.788538 7.974313 0.346155 0.029376 -0.023424 0.652446 0.756903
286.845000 1.786034 7.996389 0.350560 0.030047 -0.024139 0.652563 0.756753
286.944000 1.791039 8.005756 0.350040 0.030088 -0.023700 0.652609 0.756727
287.045000 1.779426 8.044877 0.357568 0.030241 -0.023729 0.653401 0.756035
287.145000 1.779236 8.087792 0.361426 0.033200 -0.023767 0.653078 0.756190
287.244000 1.794192 8.105818 0.351797 0.035812 -0.024186 0.652159 0.756849
287.345000 1.805128 8.128047 0.342444 0.036834 -0.024257 0.650477 0.758244
287.444000 1.797573 8.136292 0.338794 0.036303 -0.023533 0.651724 0.757221
287.544000 1.791727 8.155883 0.342220 0.036626 -0.023781 0.652264 0.756733
287.645000 1.791479 8.167155 0.342680 0.037923 -0.023577 0.652510 0.756463
287.745000 1.804210 8.200667 0.351335 0.040265 -0.024057 0.651959 0.756802
287.844000 1.808775 8.228138 0.346901 0.042667 -0.023630 0.651770 0.756846
287.944000 1.805758 8.262778 0.356376 0.040786 -0.023983 0.651293 0.757349
288.046000 1.809892 8.269219 0.363044 0.040935 -0.023971 0.651920 0.756802
288.146000 1.805412 8.292492 0.356261 0.041227 -0.023976 0.652303 0.756457
288.246000 1.850691 8.337424 0.362900 0.042579 -0.024842 0.648617 0.759517
288.345000 1.848357 8.345398 0.379204 0.045187 -0.025980 0.648987 0.759012
288.446000 1.845231 8.355397 0.373013 0.044332 -0.025383 0.649214 0.758888
288.546000 1.855774 8.357985 0.379020 0.043392 -0.024952 0.648534 0.759538
288.645000 1.859122 8.386590 0.376826 0.042175 -0.024439 0.649060 0.759174
288.745000 1.856831 8.387397 0.377587 0.041574 -0.024170 0.649641 0.758719
288.845000 1.858920 8.419131 0.375036 0.043015 -0.024005 0.649706 0.758588
288.945000 1.854312 8.443480 0.381634 0.043547 -0.024663 0.650444 0.757904
289.046000 1.836621 8.490853 0.394205 0.044798 -0.025372 0.652546 0.755998
289.146000 1.857429 8.521576 0.398289 0.044254 -0.025566 0.650840 0.757493
289.245000 1.877573 8.527796 0.385425 0.043875 -0.024397 0.649064 0.759076
289.345000 1.878301 8.549709 0.383498 0.041848 -0.024122 0.649673 0.758677
289.446000 1.886639 8.562145 0.379232 0.041428 -0.023795 0.649784 0.758616
289.546000 1.898432 8.570420 0.378075 0.039530 -0.024207 0.649446 0.758993
289.650000 1.893761 8.587439 0.378519 0.040413 -0.023870 0.649888 0.758579
289.745000 1.887817 8.633091 0.382659 0.041479 -0.024699 0.650403 0.758054
289.846000 1.888677 8.669704 0.392935 0.042281 -0.025103 0.650814 0.757643
289.946000 1.879419 8.697321 0.404877 0.041816 -0.026159 0.652143 0.756489
290.046000 1.882413 8.711890 0.418401 0.041318 -0.026730 0.651768 0.756820
290.146000 1.883788 8.712037 0.409778 0.040310 -0.026117 0.652523 0.756245
290.246000 1.910930 8.736227 0.409235 0.041058 -0.026359 0.650165 0.758225
290.347000 1.911368 8.767122 0.412496 0.040175 -0.027210 0.649983 0.758398
290.447000 1.919157 8.785512 0.408173 0.040359 -0.027281 0.650073 0.758309
290.546000 1.915170 8.818728 0.413855 0.042814 -0.027876 0.650675 0.757636
290.646000 1.961645 8.885962 0.457535 0.054058 -0.033373 0.645698 0.760945
290.746000 1.964274 8.893079 0.469945 0.052684 -0.032839 0.645537 0.761201
290.846000 1.961530 8.895972 0.475684 0.051761 -0.033079 0.646256 0.760644
290.946000 1.960603 8.903405 0.480099 0.052530 -0.033494 0.646446 0.760412
291.046000 1.960827 8.922467 0.474195 0.050780 -0.033698 0.646901 0.760135
291.146000 1.964164 8.932197 0.479124 0.051014 -0.033913 0.646969 0.760052
291.247000 1.970628 8.944642 0.478537 0.051212 -0.034697 0.646930 0.760036
291.345000 1.979849 8.960693 0.480483 0.049692 -0.034805 0.646472 0.760522
291.446000 1.977616 8.977451 0.476680 0.049773 -0.034680 0.646952 0.760114
291.546000 1.983205 9.008771 0.474153 0.048257 -0.035902 0.647490 0.759697
291.646000 1.950055 9.056453 0.489325 0.051098 -0.036738 0.649495 0.757757
291.745000 1.951918 9.088421 0.492834 0.048843 -0.037266 0.649613 0.757779
291.845000 1.949149 9.112442 0.496436 0.048451 -0.037198 0.649589 0.757828
291.945000 1.966240 9.125561 0.497842 0.048475 -0.037852 0.648718 0.758539
292.052000 1.973994 9.135736 0.504715 0.046915 -0.039497 0.648539 0.758707
292.147000 1.982016 9.155349 0.515010 0.047391 -0.039800 0.648212 0.758941
292.246000 1.975883 9.177127 0.506429 0.046448 -0.039281 0.648680 0.758627
292.346000 1.966685 9.209514 0.498497 0.047738 -0.038469 0.649463 0.757918
292.446000 2.004190 9.257871 0.522423 0.050177 -0.039299 0.647448 0.759440
292.546000 2.008203 9.262701 0.532480 0.050321 -0.039856 0.647464 0.759388
292.648000 1.993746 9.296718 0.536173 0.050722 -0.040514 0.648866 0.758128
292.747000 1.975890 9.302021 0.551246 0.051465 -0.040102 0.650357 0.756822
292.846000 1.981909 9.327663 0.538084 0.052323 -0.038847 0.650254 0.756917
292.945000 1.972392 9.349028 0.533252 0.051108 -0.039056 0.651419 0.755987
293.045000 1.965615 9.368902 0.554580 0.047546 -0.043927 0.652422 0.755087
293.147000 1.985070 9.390967 0.552060 0.049030 -0.043076 0.651355 0.755961
293.246000 1.984480 9.407557 0.544733 0.048968 -0.042829 0.651268 0.756054
293.346000 1.993229 9.434502 0.557304 0.049939 -0.041588 0.650194 0.756984
293.446000 2.001186 9.465200 0.561389 0.050233 -0.042380 0.650018 0.757071
293.545000 2.009844 9.479866 0.563978 0.051259 -0.042132 0.649738 0.757257
293.645000 2.003804 9.508055 0.560951 0.050036 -0.043011 0.650411 0.756711
293.745000 2.010557 9.532788 0.557187 0.048861 -0.044091 0.650448 0.756694
293.846000 2.014533 9.556160 0.557630 0.048122 -0.044854 0.650480 0.756669
293.947000 2.018593 9.572200 0.556900 0.048098 -0.044588 0.650423 0.756735
294.047000 2.023107 9.582999 0.558678 0.048276 -0.044894 0.650648 0.756513
294.147000 2.026145 9.602410 0.564832 0.048916 -0.044828 0.650781 0.756361
294.245000 2.026607 9.642730 0.580218 0.050706 -0.044447 0.650526 0.756484
294.346000 2.043570 9.665503 0.586129 0.050470 -0.044399 0.649434 0.757441
294.445000 2.023494 9.682311 0.584098 0.050010 -0.044935 0.651014 0.756083
294.546000 2.013445 9.695197 0.585972 0.050227 -0.045169 0.651493 0.755641
294.646000 2.039227 9.713697 0.584981 0.048582 -0.044925 0.650667 0.756474
294.745000 2.069283 9.741100 0.572559 0.047069 -0.045617 0.649346 0.757663
294.845000 2.067583 9.747736 0.572208 0.045785 -0.045988 0.649823 0.757310
294.946000 2.061568 9.757210 0.576928 0.047176 -0.045625 0.649766 0.757296
295.045000 2.058539 9.750511 0.586664 0.048980 -0.045478 0.650262 0.756764
295.146000 2.064064 9.749663 0.576635 0.047164 -0.045394 0.649755 0.757320
295.245000 2.065764 9.757315 0.575918 0.047075 -0.045648 0.649731 0.757331
295.346000 2.065830 9.755720 0.577152 0.047029 -0.045568 0.649872 0.757217
295.448000 2.067575 9.748727 0.576020 0.046495 -0.045753 0.649674 0.757409
295.547000 2.068408 9.753615 0.576846 0.047602 -0.045885 0.649647 0.757355
295.646000 2.059398 9.756781 0.574802 0.047593 -0.045546 0.650063 0.757019
295.746000 2.072233 9.756833 0.573814 0.046838 -0.045767 0.649388 0.757633
295.845000 2.068069 9.753364 0.575981 0.047444 -0.045635 0.649648 0.757380
295.948000 2.065161 9.746380 0.575749 0.047005 -0.045774 0.650083 0.757025
296.045000 2.061846 9.753217 0.575900 0.047547 -0.045667 0.649944 0.757117
